days_since_last_purchase,purchase_frequency,avg_session_duration_min,cart_abandonment_rate,total_spend_usd,num_support_tickets,pages_per_session,discount_usage_rate,email_open_rate,preferred_device,membership_tier,churned
9,10,19.7,0.133,617.9,0,10.2,0.242,0.756,tablet,gold,0
82,3,7.9,0.266,41.3,0,6.8,0.594,0.297,mobile,silver,1
3,8,20.1,0.09,359.62,0,7.8,0.084,0.942,desktop,silver,0
18,12,19.7,,,0,12.9,0.028,0.817,mobile,gold,0
244,1,2.4,0.652,41.31,2,4.2,0.556,0.112,mobile,bronze,1
11,1,3.9,0.969,19.15,4,2.3,0.452,0.156,desktop,silver,1
179,0,0.5,0.863,,2,1.5,0.692,0.129,mobile,bronze,0
50,2,8.0,0.569,143.24,0,3.7,0.312,0.338,desktop,silver,1
28,8,22.7,,154.22,0,10.6,0.237,0.579,mobile,silver,0
28,6,18.6,0.494,71.75,1,12.4,0.116,0.756,desktop,bronze,1
21,0,1.8,0.869,11.42,2,5.4,0.702,0.202,mobile,bronze,0
11,2,5.2,0.51,11.75,1,8.1,0.655,0.268,tablet,bronze,1
249,2,2.6,0.585,92.92,1,5.1,0.11,0.553,tablet,bronze,1
121,1,2.1,0.714,50.68,4,3.1,0.77,0.134,mobile,bronze,1
26,1,0.5,0.289,28.53,2,3.8,0.395,0.098,mobile,bronze,0
28,0,3.6,0.715,79.81,1,2.5,0.789,0.06,mobile,bronze,0
1,8,17.6,0.209,689.42,0,,0.154,0.523,desktop,gold,1
5,5,21.5,0.306,441.48,0,10.0,0.205,0.775,desktop,gold,0
2,13,20.5,0.056,2109.11,0,6.4,0.173,0.899,mobile,gold,0
234,1,,0.903,18.6,2,2.3,0.436,0.128,desktop,bronze,0
3,3,23.4,0.069,1436.41,1,11.4,0.371,0.768,mobile,platinum,0
68,2,2.3,0.696,60.24,3,2.0,0.538,0.088,mobile,bronze,1
365,1,2.8,0.786,62.98,3,1.1,0.453,0.239,desktop,gold,1
1,7,12.3,0.235,102.07,0,8.9,0.11,0.73,desktop,silver,0
26,15,11.0,0.417,2287.24,0,12.5,0.513,0.62,tablet,gold,0
3,7,10.5,0.335,154.48,0,11.6,0.113,0.723,desktop,silver,1
35,1,1.8,0.645,121.25,6,4.1,0.613,0.158,desktop,gold,1
44,7,13.7,0.161,6.34,0,12.7,0.185,0.346,mobile,gold,0
21,8,22.8,0.124,641.39,0,11.5,0.285,0.644,desktop,bronze,0
15,2,1.8,0.89,59.88,5,5.3,0.537,0.089,mobile,bronze,0
1,9,19.4,0.02,111.14,0,12.0,0.592,0.801,desktop,bronze,0
91,0,2.5,0.711,55.23,1,1.0,0.58,0.026,desktop,silver,1
99,2,0.5,0.918,63.68,2,2.1,0.502,0.025,mobile,gold,0
150,2,10.7,0.249,28.69,2,6.9,0.211,0.467,desktop,silver,0
56,3,2.1,0.478,16.5,0,6.0,0.527,0.199,mobile,bronze,0
98,1,5.6,0.876,119.72,2,3.8,0.224,0.703,mobile,bronze,1
44,7,3.4,0.402,76.55,1,13.7,0.09,0.398,mobile,gold,0
365,0,0.5,0.877,25.84,1,2.5,0.698,0.245,desktop,silver,1
16,7,16.7,0.04,11.01,0,6.8,0.197,0.17,mobile,gold,0
2,13,18.6,0.326,213.59,0,11.3,0.26,,tablet,gold,0
172,1,1.3,0.876,12.72,4,2.8,0.534,0.077,desktop,gold,1
3,3,12.1,0.267,808.14,0,13.3,0.321,0.832,mobile,bronze,0
25,1,5.3,,35.83,3,1.0,0.486,0.374,mobile,bronze,0
61,1,5.4,0.488,13.95,1,7.2,0.237,0.492,tablet,bronze,1
117,1,0.5,0.619,32.58,4,3.7,0.556,0.016,mobile,bronze,0
19,5,18.1,0.152,523.92,1,14.4,0.283,,desktop,bronze,0
5,6,23.5,0.5,1146.33,0,12.4,0.207,,mobile,silver,0
1,13,5.7,0.057,525.15,1,11.2,0.36,0.46,mobile,silver,0
28,6,17.0,0.004,260.12,0,10.5,0.254,,mobile,bronze,0
87,1,4.4,0.496,9.23,3,5.7,0.846,0.435,desktop,silver,0
122,3,3.5,0.182,128.38,2,4.5,0.477,0.302,desktop,silver,1
12,9,15.8,0.131,219.16,1,9.2,0.163,0.654,desktop,bronze,0
5,1,10.2,0.568,68.45,4,6.3,0.125,0.426,mobile,gold,0
132,5,11.0,0.442,296.51,0,4.5,0.325,0.174,desktop,bronze,1
14,7,,0.25,954.24,0,12.6,0.009,0.759,mobile,platinum,0
81,2,10.8,0.517,29.31,1,6.8,0.751,0.372,mobile,bronze,0
69,3,0.5,0.167,38.88,2,2.7,0.653,0.188,desktop,bronze,0
38,1,2.1,0.333,29.71,2,2.9,0.642,0.01,mobile,silver,1
98,0,4.8,0.849,,4,1.0,0.753,0.176,mobile,gold,0
7,7,7.2,,451.57,0,13.1,0.571,0.827,mobile,gold,0
5,7,16.1,0.042,420.37,0,11.8,0.308,,mobile,platinum,1
307,3,6.4,0.861,55.62,1,1.6,0.749,0.24,mobile,silver,1
5,2,4.7,0.138,6.28,2,4.4,0.29,0.25,mobile,bronze,0
5,8,21.4,0.141,477.71,0,14.6,0.182,0.522,mobile,gold,0
160,0,4.5,0.898,22.36,0,3.1,0.645,0.397,tablet,platinum,1
21,5,13.6,0.437,627.21,0,9.3,0.231,0.894,mobile,gold,0
77,0,3.4,0.737,1.46,3,4.8,0.334,0.493,mobile,silver,1
57,3,10.5,0.473,53.54,0,5.8,0.118,0.212,mobile,bronze,1
303,0,2.1,0.643,242.51,4,3.1,0.611,0.354,mobile,bronze,1
174,4,15.2,0.232,18.24,0,9.8,0.5,0.397,mobile,bronze,1
55,9,19.1,0.091,,0,6.6,0.108,0.964,mobile,platinum,0
161,0,5.7,0.865,187.55,2,3.2,0.785,0.067,desktop,bronze,1
79,1,3.7,0.78,42.24,4,,0.626,0.061,mobile,bronze,0
1,3,8.2,0.253,5.75,1,6.3,0.068,0.452,tablet,bronze,1
81,9,21.9,0.153,347.96,0,12.4,0.367,0.443,desktop,bronze,0
6,5,17.8,0.353,774.0,1,11.3,0.26,0.453,mobile,bronze,1
4,8,14.3,0.466,79.0,1,10.8,0.415,0.387,desktop,silver,0
32,2,0.5,0.37,11.22,0,4.0,0.668,0.088,mobile,silver,0
1,6,14.8,0.704,592.52,0,12.9,0.052,0.509,mobile,silver,1
67,0,4.5,0.753,5.92,2,4.3,0.425,0.119,mobile,bronze,1
66,4,,0.557,269.02,1,4.5,0.448,0.302,mobile,bronze,0
16,5,20.9,0.099,199.86,0,7.9,0.514,0.686,tablet,silver,0
21,9,17.7,0.086,365.23,0,12.4,0.203,0.809,mobile,silver,0
32,0,4.1,0.873,94.23,1,5.6,0.477,0.111,tablet,platinum,0
1,6,22.7,0.023,438.26,1,10.2,0.247,0.894,desktop,silver,0
18,6,29.8,0.201,653.33,0,7.9,0.223,0.523,mobile,platinum,1
25,7,17.4,0.044,4.56,0,13.0,0.105,0.961,mobile,silver,0
10,8,21.1,0.381,2.88,0,8.7,0.149,0.311,mobile,platinum,0
54,6,11.6,0.298,29.19,1,6.4,0.467,0.082,desktop,gold,1
5,9,10.6,0.033,268.4,1,11.4,0.456,0.459,desktop,gold,0
4,0,1.4,0.59,122.56,1,3.6,0.685,0.252,mobile,bronze,0
3,8,10.1,0.466,253.4,0,12.1,0.617,0.583,tablet,bronze,0
9,8,25.3,0.339,581.8,0,14.8,0.214,0.65,desktop,silver,0
37,12,19.9,0.181,187.37,0,15.4,0.592,0.809,desktop,platinum,0
35,9,17.3,0.068,104.91,0,5.7,0.129,0.425,desktop,gold,0
9,7,12.8,0.449,746.34,1,12.7,0.394,0.992,mobile,bronze,0
17,5,11.5,0.201,146.47,0,14.8,0.456,0.286,desktop,gold,0
25,5,16.4,0.101,525.65,0,11.9,0.118,0.75,desktop,platinum,0
65,0,6.1,0.726,65.48,3,5.3,0.48,0.243,mobile,bronze,1
4,0,3.8,0.684,68.11,4,2.3,0.585,0.194,desktop,bronze,1
71,1,3.5,0.816,10.62,0,4.0,0.648,0.424,mobile,bronze,0
19,6,22.0,0.032,251.66,0,15.0,0.229,0.462,desktop,gold,0
79,11,26.1,0.071,556.84,0,16.9,0.558,0.795,mobile,gold,0
8,11,16.0,0.239,61.28,0,17.5,0.587,0.588,desktop,silver,0
120,0,4.4,0.25,69.56,0,2.8,0.331,0.563,mobile,bronze,0
13,2,6.0,0.887,24.78,1,,0.567,0.114,mobile,gold,0
6,8,16.4,0.099,181.82,1,10.0,0.323,0.198,desktop,silver,0
14,6,14.7,0.22,195.37,0,13.7,0.197,0.517,tablet,platinum,0
174,1,6.2,0.642,50.32,1,6.0,0.311,0.22,desktop,bronze,1
365,2,2.5,0.664,46.91,4,1.7,0.249,0.01,mobile,bronze,0
365,0,3.8,0.838,11.91,5,6.4,0.626,0.058,mobile,gold,1
240,0,2.1,,32.39,6,5.2,0.502,0.03,mobile,bronze,0
140,3,3.8,0.262,17.69,0,7.6,0.235,0.178,tablet,bronze,1
1,2,8.2,0.495,32.23,1,1.0,0.609,0.255,desktop,bronze,0
1,7,18.5,0.488,723.35,0,11.5,0.156,0.358,desktop,gold,0
105,3,3.1,0.348,0.91,0,2.1,0.326,0.062,tablet,bronze,1
66,0,9.2,0.613,56.75,1,7.9,0.26,0.563,mobile,gold,1
78,2,2.9,0.604,13.48,5,3.5,0.496,0.166,mobile,bronze,1
3,0,10.3,0.786,71.32,0,4.4,0.595,0.579,mobile,silver,1
28,8,23.8,0.354,738.99,1,14.8,0.103,0.798,tablet,platinum,0
50,2,12.3,,59.02,1,5.4,0.625,0.506,desktop,gold,0
2,2,11.0,0.189,42.04,2,7.3,0.26,0.776,desktop,silver,0
44,12,21.1,0.042,36.93,0,13.9,0.366,0.357,mobile,bronze,1
79,0,4.8,0.82,5.45,3,4.1,0.671,0.015,mobile,bronze,0
292,0,5.2,0.565,19.79,3,3.2,0.267,0.086,tablet,bronze,0
34,12,17.8,0.236,311.7,0,14.1,0.709,0.356,desktop,silver,0
61,2,8.2,0.448,139.64,2,,0.495,0.186,desktop,gold,0
37,1,9.2,0.711,95.16,0,5.2,0.163,0.074,mobile,bronze,1
50,0,3.1,0.697,62.43,4,1.2,0.902,0.068,desktop,bronze,0
22,9,18.9,0.17,179.43,1,16.2,0.067,0.701,mobile,silver,0
100,7,,0.055,1188.52,0,16.5,0.759,0.499,mobile,gold,0
86,1,6.7,0.871,42.51,3,3.4,0.733,0.239,desktop,gold,1
12,1,0.5,0.415,249.03,2,1.0,0.812,0.016,desktop,silver,1
12,12,21.1,0.268,1017.89,0,13.2,0.21,0.94,mobile,silver,0
88,3,8.5,0.48,35.58,1,,0.378,0.105,mobile,bronze,1
1,7,21.5,0.35,144.73,0,13.3,0.112,0.487,desktop,bronze,1
2,9,29.6,0.255,1011.25,0,11.2,0.199,0.819,desktop,silver,0
20,6,,0.011,61.49,1,,0.274,0.918,desktop,silver,1
16,6,24.0,0.171,167.62,0,9.1,0.067,0.29,desktop,gold,0
102,2,1.8,,23.89,1,2.7,0.302,0.522,mobile,bronze,0
74,3,10.0,0.708,24.44,0,8.3,0.558,0.349,desktop,silver,0
16,1,0.5,,70.18,1,2.8,0.38,0.218,desktop,bronze,0
51,13,19.1,0.157,88.27,0,16.7,0.22,0.955,mobile,gold,0
10,7,20.8,0.1,2020.78,0,13.2,0.097,0.344,tablet,platinum,0
62,0,2.8,0.383,39.55,7,2.4,0.743,0.187,desktop,bronze,1
254,1,1.9,0.623,109.4,3,1.4,0.605,0.103,mobile,gold,1
30,9,7.6,,392.73,0,11.2,0.555,0.285,tablet,bronze,0
14,6,19.4,0.077,1040.02,1,11.8,0.41,0.462,desktop,gold,1
117,0,2.2,0.812,,6,1.0,0.871,0.141,mobile,bronze,0
16,2,2.6,0.732,2.87,4,,0.773,0.045,mobile,silver,0
73,1,5.3,0.889,32.38,2,8.8,0.421,0.266,mobile,platinum,1
27,2,2.7,0.592,,3,,0.77,0.06,mobile,bronze,1
287,1,3.6,0.845,18.87,2,4.3,0.236,0.014,tablet,bronze,1
1,4,21.3,0.293,593.66,0,12.2,0.25,0.828,desktop,silver,0
42,2,10.2,0.168,81.89,1,6.8,0.282,0.228,mobile,silver,0
42,0,2.0,0.752,2.72,4,1.0,0.497,0.15,desktop,silver,1
5,9,18.8,0.466,56.71,0,10.9,0.17,0.673,mobile,gold,0
5,7,22.1,0.456,,0,10.9,0.549,0.599,mobile,bronze,1
77,2,5.2,0.952,5.59,3,,0.439,0.331,tablet,bronze,0
35,5,25.2,0.023,631.66,2,12.3,0.7,0.876,mobile,platinum,0
16,3,13.4,0.447,108.73,0,14.8,0.374,0.706,desktop,gold,1
19,8,17.7,0.22,131.44,0,10.2,0.559,0.92,mobile,bronze,0
12,9,,0.2,60.45,1,8.9,0.643,,tablet,bronze,0
9,8,19.0,0.146,1253.45,0,11.0,0.035,0.901,mobile,gold,0
19,0,5.2,0.94,101.46,4,1.0,0.761,0.109,desktop,bronze,0
10,1,7.9,0.6,36.97,0,6.2,0.279,0.121,mobile,bronze,1
10,6,20.2,0.379,571.83,1,12.9,0.324,0.73,mobile,platinum,0
16,1,4.9,0.696,24.91,4,3.3,0.888,0.215,mobile,bronze,1
27,0,1.8,0.843,116.6,4,2.6,0.781,0.04,mobile,bronze,0
12,10,7.7,0.267,169.33,1,9.2,0.166,0.453,mobile,silver,0
14,8,26.5,0.063,378.4,0,10.3,0.488,0.391,desktop,silver,0
100,2,4.0,0.648,178.76,1,1.6,0.459,0.162,mobile,silver,0
14,8,14.3,0.045,221.73,0,14.2,0.354,0.771,mobile,silver,0
4,2,0.7,0.337,14.33,4,3.5,0.521,0.039,desktop,bronze,1
4,9,9.9,0.344,458.9,0,12.6,0.265,0.538,desktop,gold,0
203,1,2.2,0.697,19.89,3,3.4,0.789,0.367,mobile,bronze,0
28,14,24.4,0.099,642.36,0,14.1,0.377,0.512,mobile,silver,0
11,9,13.2,0.207,152.08,2,15.1,0.113,0.865,desktop,silver,1
44,2,6.4,0.561,68.46,1,5.4,0.622,0.39,desktop,bronze,1
293,0,0.5,0.826,43.13,2,1.0,0.405,0.43,desktop,platinum,1
22,4,21.1,0.084,37.53,0,,0.436,0.966,desktop,silver,0
212,0,0.8,0.789,38.27,3,3.0,0.388,0.191,mobile,silver,1
89,1,7.9,0.519,169.67,2,4.1,0.558,0.052,mobile,bronze,1
43,1,8.9,0.651,44.53,0,5.1,0.587,0.356,mobile,bronze,1
167,1,1.8,0.156,41.52,3,,0.567,0.056,mobile,silver,1
13,11,17.4,0.018,368.05,1,15.2,0.317,,desktop,silver,0
33,2,10.7,0.489,26.48,0,3.5,0.398,0.157,tablet,bronze,0
41,4,16.9,0.05,823.22,1,16.2,0.141,0.789,mobile,platinum,0
3,8,8.1,0.223,939.1,0,6.5,0.396,0.965,tablet,silver,0
38,2,4.1,0.444,25.04,6,3.7,0.41,0.317,tablet,bronze,0
48,0,3.7,0.842,77.48,1,3.9,0.591,0.129,tablet,silver,1
4,2,8.9,0.831,164.94,1,7.6,0.449,0.832,mobile,gold,0
20,4,10.2,0.771,8.26,1,3.3,0.564,,desktop,bronze,0
43,8,27.5,0.294,518.37,0,13.0,0.634,0.849,desktop,gold,0
5,11,23.5,0.03,70.04,2,12.8,0.116,0.509,desktop,silver,0
52,9,21.1,0.105,1096.39,0,14.0,0.399,0.562,tablet,platinum,0
25,5,19.7,0.322,1329.34,1,11.3,0.366,0.507,mobile,platinum,0
146,3,9.2,0.722,3.82,0,5.8,0.231,0.334,desktop,silver,1
13,3,6.8,0.304,12.46,0,9.7,0.388,0.735,desktop,bronze,1
5,9,23.5,0.197,93.86,0,16.6,0.507,0.89,mobile,gold,0
14,9,23.2,0.293,260.56,0,6.4,0.559,0.937,mobile,bronze,0
365,0,2.6,0.956,43.35,2,2.4,0.835,0.146,mobile,bronze,1
123,0,3.9,0.868,225.9,3,5.7,0.586,0.171,desktop,bronze,0
12,1,10.6,0.491,37.28,0,7.1,0.132,0.729,desktop,bronze,1
3,11,8.7,0.182,166.01,1,15.2,0.085,0.663,mobile,platinum,0
56,1,0.6,0.717,,3,3.5,0.829,0.048,mobile,bronze,0
194,1,3.1,0.53,34.9,1,1.0,0.608,,mobile,gold,0
3,7,9.1,0.028,624.73,1,11.0,0.267,0.483,tablet,platinum,0
244,2,2.8,0.783,3.12,2,1.7,0.77,0.137,mobile,bronze,1
23,2,3.4,0.743,35.71,4,1.0,0.648,0.251,desktop,silver,1
74,7,17.6,0.06,326.0,0,12.3,0.261,0.626,mobile,gold,0
8,9,20.4,0.032,1241.19,0,15.2,0.286,0.827,desktop,gold,0
2,10,15.4,0.039,363.03,0,10.6,0.462,0.451,desktop,silver,0
169,1,3.2,0.707,33.08,7,1.0,0.711,0.215,mobile,silver,1
47,5,20.2,0.494,331.34,2,14.8,0.623,,mobile,bronze,0
112,1,4.0,0.934,30.8,3,3.8,0.355,0.278,mobile,bronze,0
19,13,18.3,0.217,1078.43,0,15.2,0.482,0.778,desktop,platinum,0
7,7,11.8,0.209,254.22,0,16.2,0.265,0.753,desktop,bronze,0
15,12,17.4,0.093,2.81,1,9.6,0.633,0.556,mobile,platinum,0
31,4,8.1,0.527,79.15,1,6.6,0.739,0.513,tablet,silver,0
22,14,11.5,0.069,14.69,0,10.1,0.42,0.787,mobile,gold,0
25,9,15.9,0.238,462.62,1,15.5,0.111,0.346,desktop,bronze,0
22,2,3.3,0.908,60.97,5,2.7,0.221,0.129,desktop,bronze,0
6,6,23.3,0.109,809.46,0,14.8,0.075,0.537,desktop,gold,0
61,1,2.4,0.677,101.57,3,1.9,0.525,,mobile,bronze,1
7,0,2.4,0.729,118.73,3,3.0,0.327,,desktop,bronze,1
9,1,13.3,0.551,33.48,0,2.5,0.255,0.359,desktop,bronze,0
31,6,14.9,0.193,1005.75,0,13.0,0.294,0.299,desktop,silver,1
106,2,7.8,,71.02,0,6.3,0.358,0.26,mobile,bronze,1
6,4,16.5,0.288,242.19,0,19.3,0.178,0.671,tablet,bronze,1
14,6,22.6,0.249,1964.22,1,8.5,0.284,0.68,desktop,gold,0
8,8,15.2,0.142,481.2,1,17.7,0.162,0.727,tablet,platinum,0
39,12,20.8,0.247,186.57,0,11.6,0.087,0.737,desktop,silver,0
12,9,10.7,0.211,388.7,0,15.7,0.265,0.92,tablet,silver,0
84,0,6.3,0.66,35.29,0,1.0,0.773,0.133,mobile,bronze,1
17,6,26.3,0.046,983.18,1,8.8,0.043,0.895,desktop,platinum,0
141,1,,0.489,,3,1.0,0.755,0.096,desktop,bronze,1
129,0,0.5,0.644,4.06,3,2.7,0.202,0.115,mobile,bronze,0
35,5,13.5,0.07,406.99,0,12.0,0.089,0.953,tablet,silver,0
55,0,5.6,0.692,,4,3.6,0.803,0.035,tablet,gold,1
306,0,9.4,,78.6,0,6.6,0.314,0.408,tablet,silver,1
47,1,8.6,0.591,70.35,3,8.5,0.228,0.373,desktop,gold,1
38,1,7.7,0.257,45.81,1,3.9,0.572,0.59,desktop,silver,1
7,12,19.1,0.341,482.7,0,12.9,0.118,0.152,desktop,silver,0
151,0,0.5,0.914,26.17,2,4.6,0.29,0.018,mobile,bronze,1
12,2,10.1,0.338,15.74,0,8.9,0.51,0.444,desktop,bronze,1
3,5,23.1,,14.6,0,13.5,0.423,0.546,mobile,bronze,0
18,1,10.3,0.567,13.7,0,6.4,0.213,0.483,desktop,bronze,0
96,4,11.0,0.338,82.66,0,8.5,0.466,0.39,mobile,bronze,0
19,1,14.1,0.384,114.5,0,5.2,0.674,,mobile,bronze,0
58,1,2.4,0.919,22.61,2,1.1,0.539,0.026,mobile,bronze,0
5,7,15.1,0.201,86.42,0,14.6,0.404,0.531,mobile,gold,0
13,3,,0.209,24.13,4,6.3,0.329,0.638,tablet,silver,0
10,6,29.5,0.117,455.45,0,9.5,0.296,0.615,mobile,silver,0
238,2,3.8,0.683,68.19,3,4.7,0.515,0.358,mobile,bronze,1
1,8,31.6,0.209,73.48,0,7.5,0.585,0.922,mobile,silver,0
91,2,8.9,0.193,45.71,0,3.7,0.276,0.279,desktop,gold,1
13,8,23.6,0.474,369.69,0,14.1,0.097,0.713,mobile,platinum,0
41,9,19.4,0.053,455.95,0,14.5,0.603,0.629,mobile,gold,0
252,1,3.1,0.89,104.35,2,1.7,0.878,0.072,mobile,bronze,1
22,9,11.3,0.119,416.43,0,12.2,0.513,0.608,desktop,gold,0
107,1,9.6,0.647,1.34,0,8.4,0.313,0.675,mobile,silver,1
97,1,4.7,0.885,40.57,4,3.4,0.397,,mobile,bronze,0
57,7,20.7,0.305,363.04,0,11.0,0.26,0.294,tablet,gold,1
60,3,5.4,0.172,631.46,1,4.7,0.7,0.172,mobile,bronze,1
1,11,17.8,0.164,1051.26,0,8.4,0.21,0.375,desktop,platinum,0
12,7,21.1,0.189,224.54,0,13.4,0.217,0.45,desktop,gold,1
10,9,18.1,,53.79,0,9.9,0.356,0.391,desktop,platinum,1
7,6,20.4,0.124,19.82,0,10.3,0.212,0.918,desktop,gold,1
43,3,4.4,0.723,22.56,2,1.5,0.903,0.378,mobile,bronze,1
1,1,6.5,0.719,131.29,0,5.8,0.595,0.304,desktop,silver,1
56,1,4.5,0.292,137.62,2,4.2,0.493,0.075,desktop,bronze,0
26,2,5.5,0.115,210.76,1,2.4,0.277,0.248,mobile,bronze,1
83,2,7.8,0.43,2.87,1,5.8,0.399,0.125,desktop,bronze,0
51,6,19.5,0.192,685.28,0,13.3,0.38,0.652,mobile,gold,0
13,7,15.7,0.063,565.1,1,7.9,0.033,0.609,desktop,silver,0
19,9,15.3,0.223,906.9,2,8.0,0.6,0.634,mobile,platinum,0
35,6,15.9,0.187,513.8,0,15.0,0.045,0.691,mobile,silver,1
8,6,14.9,0.093,313.81,0,7.7,0.371,0.705,mobile,silver,1
11,5,19.7,0.081,146.28,0,14.0,0.175,0.671,desktop,platinum,0
165,3,9.9,0.325,22.42,0,5.7,0.454,0.368,desktop,bronze,0
9,6,21.4,0.118,1287.6,1,11.9,0.19,0.864,desktop,platinum,1
51,12,9.0,0.084,56.9,1,18.0,0.317,0.867,tablet,gold,1
266,3,5.7,0.941,2.16,5,4.0,0.497,0.09,mobile,silver,0
2,9,21.5,0.464,156.84,0,11.0,0.386,0.5,desktop,silver,0
148,1,,0.574,4.98,3,2.1,0.534,,desktop,bronze,1
11,5,21.5,0.012,,0,10.2,0.327,,desktop,silver,0
2,11,23.2,0.156,147.82,0,8.5,0.449,0.718,tablet,silver,0
12,0,1.9,,50.24,1,3.9,0.629,0.077,desktop,bronze,0
3,1,14.6,0.059,959.24,0,11.9,0.297,0.665,mobile,gold,0
39,0,0.5,0.431,10.41,3,4.4,0.642,0.322,desktop,silver,0
24,2,4.1,0.442,78.83,4,1.3,0.369,0.018,desktop,silver,0
71,3,12.4,0.541,29.63,0,5.0,0.287,0.06,desktop,bronze,1
22,9,24.2,0.042,6.28,0,7.9,0.088,,tablet,bronze,0
178,0,0.8,0.662,85.33,3,6.1,0.712,0.009,mobile,silver,1
76,7,23.4,,138.61,0,,0.233,,mobile,bronze,1
41,7,7.2,0.132,1289.16,0,12.4,0.094,0.519,desktop,platinum,1
111,2,5.4,0.654,6.07,1,3.2,0.326,0.082,mobile,bronze,0
1,7,21.4,0.251,698.48,0,9.6,0.164,,desktop,silver,0
3,2,0.6,0.556,103.81,2,4.5,0.662,0.086,mobile,bronze,1
183,0,3.4,0.693,1.64,1,3.4,0.618,0.465,mobile,bronze,1
34,8,20.3,0.051,,0,12.7,0.491,0.803,desktop,platinum,0
2,9,15.3,0.014,636.82,0,9.7,0.461,0.562,desktop,platinum,1
123,9,28.2,0.093,472.03,0,8.6,0.226,0.459,mobile,bronze,0
5,6,26.2,0.041,545.76,0,12.8,0.369,0.872,desktop,platinum,0
4,1,4.6,0.53,11.23,0,5.6,0.518,0.515,tablet,silver,0
47,10,15.2,0.034,265.55,0,12.6,0.595,0.608,mobile,silver,0
5,9,,0.103,150.04,0,17.5,0.319,0.328,mobile,silver,1
47,12,22.3,0.136,307.88,1,14.4,0.334,0.687,desktop,bronze,0
269,3,,0.768,5.86,2,1.6,0.825,0.106,mobile,bronze,0
74,11,18.0,0.338,1138.59,1,12.2,0.304,0.699,mobile,platinum,0
114,1,2.1,0.66,6.32,2,,0.457,0.246,desktop,bronze,1
313,0,6.4,0.991,9.32,3,,0.604,0.265,desktop,bronze,1
1,1,6.9,0.81,171.62,0,9.7,0.19,0.545,mobile,bronze,1
11,3,8.9,0.668,71.34,1,6.1,0.727,0.301,mobile,bronze,0
15,8,19.8,0.302,288.71,0,10.4,0.481,0.48,mobile,gold,0
12,8,15.8,0.01,302.81,1,8.7,0.29,0.929,desktop,gold,0
365,2,2.2,0.763,42.89,2,1.7,0.468,0.056,mobile,bronze,0
18,2,1.2,0.645,21.02,2,2.9,0.701,0.188,tablet,bronze,0
104,1,1.1,0.9,20.98,0,4.9,0.329,0.329,desktop,silver,1
16,5,17.6,0.41,360.13,0,12.1,0.594,0.968,mobile,gold,0
5,7,18.2,0.018,302.68,1,12.2,0.086,0.487,desktop,gold,0
62,8,14.7,0.038,20.7,2,14.1,0.059,,desktop,gold,0
365,2,,0.674,31.77,7,6.4,0.382,0.076,mobile,platinum,1
15,2,13.2,0.663,2.31,0,,0.65,,mobile,gold,1
5,3,11.8,0.027,2141.43,0,7.9,0.427,0.599,mobile,silver,0
10,7,18.6,0.351,,1,9.7,0.096,0.647,mobile,platinum,0
5,16,20.1,0.214,310.47,0,4.8,0.428,0.7,mobile,bronze,0
13,7,19.9,0.007,254.93,0,20.4,0.202,0.925,mobile,platinum,1
85,0,5.3,0.741,22.04,0,3.9,0.508,0.062,mobile,bronze,1
24,16,12.0,0.001,85.28,0,10.9,0.13,0.893,desktop,silver,0
17,8,20.2,0.187,617.06,0,8.7,0.537,0.419,desktop,gold,0
10,0,5.0,0.739,36.66,5,2.6,0.782,0.035,mobile,bronze,0
43,2,0.9,0.801,45.15,2,4.9,0.371,0.07,mobile,bronze,0
365,1,1.5,0.954,38.3,1,3.1,0.506,0.063,desktop,bronze,1
347,2,7.0,0.834,59.08,4,3.1,0.586,0.003,mobile,silver,1
2,3,6.9,0.532,25.65,1,8.3,0.286,0.101,mobile,bronze,0
10,7,10.5,0.51,81.54,0,10.1,0.24,0.506,mobile,platinum,0
8,10,17.2,0.209,738.04,0,9.5,0.185,0.622,desktop,gold,0
1,0,1.7,0.707,14.41,2,3.4,0.656,0.083,mobile,bronze,0
2,7,15.4,0.127,340.4,0,8.5,0.167,0.611,mobile,platinum,0
16,7,24.9,0.189,757.22,0,10.1,0.768,0.7,desktop,bronze,0
11,0,1.9,0.689,27.08,2,1.3,0.708,0.172,mobile,bronze,0
24,2,18.7,0.09,16.03,0,13.4,0.097,0.681,mobile,platinum,0
47,9,19.8,0.104,109.73,0,9.3,0.103,0.551,desktop,silver,1
11,6,18.2,0.07,299.67,1,12.5,0.178,0.234,desktop,gold,1
13,6,22.6,0.125,23.62,0,5.0,0.404,0.605,mobile,gold,0
35,0,3.8,0.744,90.3,0,5.1,0.358,0.485,tablet,gold,0
14,5,10.5,0.017,210.58,0,14.7,0.173,0.735,desktop,platinum,0
13,8,20.9,0.144,64.81,0,10.0,0.077,0.667,mobile,gold,1
17,6,12.0,0.182,1899.85,1,10.9,0.382,0.804,desktop,gold,0
40,3,0.5,0.385,12.7,3,4.1,0.313,0.345,desktop,bronze,0
2,7,23.7,0.269,46.15,0,14.6,0.103,0.616,tablet,silver,1
92,0,4.4,0.506,,2,3.6,0.802,0.13,tablet,bronze,1
91,2,1.5,0.555,17.26,2,2.7,0.45,0.02,mobile,bronze,1
1,8,12.5,0.042,455.88,0,7.4,0.145,0.878,desktop,gold,0
22,0,5.6,0.737,56.39,2,5.3,0.534,0.627,mobile,bronze,0
9,12,11.7,,1980.73,1,11.8,0.503,0.974,desktop,platinum,0
30,4,7.0,0.541,9.28,0,5.2,0.531,0.316,mobile,silver,0
20,8,,0.288,188.34,0,10.4,0.278,,mobile,gold,0
42,9,17.1,0.069,344.78,0,8.7,0.404,0.86,mobile,gold,0
43,7,15.3,0.082,1810.18,2,13.9,0.486,0.507,mobile,gold,0
63,10,,0.081,11.42,0,8.1,0.611,0.762,desktop,bronze,0
40,7,25.3,0.014,7.62,1,8.0,0.222,0.462,desktop,gold,1
111,3,11.3,0.378,,1,6.3,0.429,0.754,tablet,bronze,1
9,5,24.9,0.022,125.5,0,16.1,0.601,0.773,mobile,gold,0
118,0,11.9,0.489,22.05,1,4.9,0.334,0.198,mobile,bronze,1
36,0,10.2,0.5,389.65,0,7.0,0.559,0.219,mobile,bronze,0
177,1,1.7,0.874,90.54,2,4.1,0.6,0.172,mobile,bronze,1
22,0,5.3,0.722,50.86,2,4.6,0.515,0.152,mobile,bronze,0
58,2,1.7,0.81,2.27,1,3.7,0.919,0.08,tablet,bronze,0
51,3,2.6,,20.23,2,3.1,0.197,0.03,mobile,bronze,1
67,1,6.3,,1.58,1,3.3,0.609,0.006,mobile,bronze,0
12,7,8.9,0.056,261.56,1,,0.162,0.72,mobile,gold,0
79,1,6.0,0.822,195.32,2,1.7,0.691,0.543,mobile,bronze,1
13,8,14.3,0.005,1861.42,0,13.8,0.247,0.952,tablet,bronze,0
110,0,7.7,0.371,238.49,0,3.1,0.209,0.407,tablet,gold,1
50,0,4.1,0.948,103.0,2,,0.546,0.392,mobile,bronze,0
106,1,1.3,0.714,26.87,0,5.1,0.39,0.476,mobile,bronze,1
32,1,3.1,0.894,,1,4.1,0.204,0.321,mobile,bronze,0
30,0,6.1,0.853,,1,2.8,0.725,0.27,mobile,bronze,0
24,15,26.9,0.225,899.16,0,6.3,0.175,0.813,tablet,silver,0
5,12,16.5,0.001,303.85,0,12.5,0.179,0.208,tablet,gold,0
111,3,12.5,0.605,24.1,0,7.6,0.491,0.584,desktop,bronze,1
44,7,14.6,0.289,140.85,0,14.0,0.585,0.611,desktop,gold,1
63,2,13.9,0.505,,0,6.3,0.138,0.517,desktop,silver,0
70,1,0.7,0.633,9.6,0,5.0,0.508,0.495,mobile,silver,0
365,0,2.7,0.724,28.24,3,4.8,0.546,0.352,mobile,bronze,1
40,6,17.9,0.105,164.67,1,17.6,0.233,0.759,mobile,gold,0
136,2,8.3,0.754,64.3,1,9.5,0.727,0.62,desktop,bronze,0
9,1,10.0,0.537,23.43,2,8.1,0.347,0.223,desktop,bronze,0
15,10,17.6,0.016,591.84,0,2.5,0.268,0.725,mobile,gold,1
20,10,,0.01,596.82,1,15.6,0.243,,mobile,platinum,0
15,6,11.7,0.008,193.43,1,9.7,0.071,0.682,desktop,platinum,1
1,7,12.0,0.108,24.23,0,,0.178,0.855,mobile,gold,1
33,0,8.0,,25.42,1,8.0,0.192,0.176,mobile,silver,1
27,3,3.4,0.782,0.87,1,6.1,0.716,0.346,mobile,bronze,0
20,8,18.2,0.335,531.56,1,14.1,0.242,0.68,desktop,gold,1
13,8,16.5,0.098,221.6,1,12.6,0.477,0.881,mobile,silver,0
13,4,18.8,0.591,704.88,0,11.2,0.163,0.869,mobile,platinum,0
33,2,4.0,0.877,91.72,3,1.0,0.714,0.014,mobile,bronze,1
9,5,4.3,0.49,162.01,1,4.2,0.563,0.765,desktop,silver,1
3,4,18.6,0.424,778.82,0,9.5,0.514,0.574,desktop,gold,0
13,2,6.1,,64.1,1,6.2,0.598,0.322,desktop,bronze,1
72,1,13.7,0.17,134.09,0,8.2,0.073,0.466,desktop,silver,1
17,3,3.5,0.571,104.19,0,5.3,0.277,0.477,tablet,bronze,0
6,10,22.2,0.123,45.49,0,13.1,0.336,0.819,desktop,platinum,0
70,1,8.5,0.875,57.48,3,2.9,0.5,0.063,desktop,bronze,1
22,3,6.1,0.503,38.17,2,8.1,0.436,0.082,desktop,bronze,1
89,0,,0.627,4.95,2,2.9,0.598,0.304,mobile,bronze,0
31,11,25.0,0.448,333.6,1,14.3,0.248,0.73,desktop,gold,0
48,1,3.5,0.115,13.17,1,4.6,0.555,0.492,desktop,silver,0
128,1,6.6,,201.4,0,,0.398,0.164,tablet,bronze,1
6,7,22.9,0.144,197.17,0,10.2,0.129,0.733,desktop,silver,0
55,5,18.3,0.103,622.25,0,13.1,0.299,0.79,tablet,gold,0
34,4,21.0,0.097,418.82,2,11.7,0.126,0.887,desktop,silver,0
52,0,6.8,0.849,85.49,3,2.9,0.923,0.246,mobile,silver,1
1,9,25.9,0.0,791.05,0,10.1,0.052,0.838,desktop,platinum,0
10,9,26.9,0.23,254.96,0,7.8,0.37,0.689,desktop,gold,0
16,6,27.7,,,0,15.9,0.499,0.443,mobile,silver,0
4,7,23.1,0.258,9.54,0,14.7,0.296,0.916,desktop,gold,0
11,7,17.6,,551.67,0,14.7,0.284,0.721,desktop,bronze,0
365,2,3.0,0.882,48.61,2,2.4,0.503,0.218,mobile,bronze,1
7,4,14.8,0.234,1704.21,0,12.4,0.455,0.753,mobile,silver,0
70,4,4.0,0.484,13.21,3,3.2,0.363,0.179,mobile,bronze,0
36,12,18.9,0.009,409.79,0,14.6,0.356,0.735,mobile,gold,1
7,9,21.3,0.028,1.38,1,5.9,0.607,,desktop,silver,1
4,1,9.5,0.142,,0,6.2,0.37,0.528,mobile,bronze,0
2,2,,0.028,442.85,2,10.1,0.433,0.422,tablet,silver,1
151,1,4.9,0.853,4.27,4,2.4,0.204,0.168,mobile,silver,1
112,2,1.4,0.903,158.17,4,,0.601,0.07,mobile,bronze,1
1,10,22.1,0.105,67.14,0,7.1,0.152,0.407,desktop,bronze,0
20,8,17.5,0.25,308.53,0,12.8,0.528,0.396,desktop,gold,0
7,0,5.6,0.758,90.06,1,6.1,0.416,0.087,desktop,bronze,1
108,3,3.9,0.786,5.28,3,3.9,0.738,0.022,mobile,gold,0
9,11,8.8,0.066,752.4,0,9.6,0.402,0.71,desktop,silver,0
28,1,2.4,0.925,68.44,1,4.6,0.85,,mobile,bronze,1
2,2,12.8,0.628,0.61,0,10.9,0.161,0.601,mobile,bronze,1
12,11,24.4,0.095,503.25,0,9.4,0.456,0.93,desktop,gold,0
222,1,4.2,,0.02,4,2.4,0.592,0.129,desktop,bronze,1
74,0,0.5,0.846,67.6,3,6.0,0.674,0.308,mobile,bronze,1
10,1,8.3,,2.67,0,7.7,0.496,0.098,mobile,bronze,1
38,5,25.5,0.057,78.62,0,14.3,0.341,0.652,desktop,bronze,1
72,5,17.5,0.054,300.8,0,11.3,0.366,0.828,desktop,silver,0
36,0,9.6,0.17,1.34,1,3.2,0.64,0.695,desktop,silver,0
25,3,3.3,0.736,72.26,0,4.7,0.541,0.311,tablet,bronze,0
37,2,9.1,,101.08,0,6.0,0.234,0.512,desktop,bronze,1
22,11,22.4,0.266,13.38,0,12.0,0.312,0.528,desktop,silver,1
12,7,19.1,0.136,589.36,0,9.4,0.112,0.817,desktop,bronze,0
16,0,0.5,,71.81,0,4.8,0.856,0.458,mobile,bronze,1
26,8,12.9,0.017,348.0,0,12.4,0.644,0.885,mobile,platinum,0
60,14,15.4,0.031,22.49,0,13.3,0.314,0.372,mobile,bronze,1
36,11,17.9,0.002,839.85,0,10.2,0.177,0.873,mobile,gold,0
41,2,6.2,0.689,59.08,0,8.2,0.724,0.307,tablet,bronze,0
146,3,,0.659,12.91,0,1.1,0.61,0.08,mobile,bronze,0
12,13,20.2,0.069,759.51,0,15.2,0.483,0.196,desktop,platinum,0
54,2,0.5,0.703,14.1,1,3.4,0.786,0.212,mobile,silver,1
9,8,11.2,0.163,368.77,0,10.0,0.252,0.73,desktop,bronze,0
365,2,2.3,0.506,69.51,4,4.7,0.295,0.241,desktop,silver,0
365,0,5.6,0.665,,2,2.3,0.4,0.167,mobile,bronze,1
193,2,0.8,0.633,29.35,3,5.0,0.585,0.005,mobile,bronze,1
14,7,,0.045,174.01,1,13.6,0.304,0.759,mobile,platinum,0
73,7,16.9,0.303,301.55,1,8.3,0.155,0.666,mobile,platinum,1
48,6,16.5,0.038,121.87,0,13.3,0.274,0.517,desktop,silver,0
105,5,7.6,0.457,113.87,1,6.2,0.425,0.062,desktop,bronze,0
9,7,9.7,0.123,219.48,1,5.7,0.124,0.877,mobile,gold,0
180,0,4.7,,173.6,5,4.0,0.487,0.319,mobile,bronze,1
59,2,11.1,0.6,48.34,0,4.8,0.532,0.201,mobile,bronze,0
223,0,3.1,0.845,3.17,5,2.0,0.387,0.387,mobile,platinum,0
108,3,11.1,0.796,30.77,0,9.3,0.623,0.151,mobile,bronze,1
139,3,1.9,0.578,80.5,10,1.0,0.452,0.07,desktop,bronze,1
89,1,13.1,0.672,9.34,1,7.8,0.481,0.582,mobile,silver,0
7,1,0.5,0.655,30.21,3,2.0,0.733,0.118,tablet,bronze,1
4,2,,0.731,15.4,0,6.7,0.432,,mobile,bronze,1
25,5,,0.157,348.42,0,10.4,0.107,0.831,desktop,platinum,0
5,2,8.9,0.311,154.64,1,,0.424,0.511,mobile,bronze,1
47,3,4.0,0.926,87.98,4,5.4,0.51,0.218,mobile,bronze,1
1,10,10.8,0.19,683.87,2,11.2,0.257,0.34,tablet,platinum,0
184,0,5.8,0.248,109.0,1,4.9,0.437,0.221,mobile,bronze,1
8,5,20.9,0.267,657.57,1,12.8,0.287,0.748,mobile,silver,0
5,3,18.2,0.239,,0,13.8,0.138,0.808,tablet,gold,1
23,11,19.8,0.057,623.85,0,11.8,0.204,0.893,mobile,silver,0
29,6,9.8,0.074,134.18,2,14.3,0.501,0.918,tablet,gold,0
5,9,17.4,0.49,94.88,1,12.9,0.053,0.692,mobile,gold,0
1,4,17.4,0.408,86.63,0,14.9,0.267,0.808,desktop,gold,1
101,0,9.8,0.227,151.6,1,3.4,0.4,0.285,mobile,platinum,0
30,0,3.3,0.825,43.15,3,2.3,0.495,0.162,mobile,bronze,1
130,2,3.6,0.9,8.59,2,3.1,0.764,0.004,desktop,bronze,0
25,1,10.9,0.164,107.13,1,2.2,0.632,0.112,desktop,gold,1
69,2,4.6,0.295,10.51,2,5.0,0.076,0.392,desktop,bronze,0
5,7,,0.067,,0,11.2,0.369,0.689,desktop,bronze,1
1,3,10.9,0.276,23.45,0,16.4,0.269,0.82,desktop,gold,0
100,1,0.5,0.729,57.33,2,1.4,0.728,0.103,mobile,bronze,0
38,1,4.0,0.764,136.33,7,5.1,0.638,0.176,desktop,bronze,0
18,6,17.5,0.107,316.91,0,,0.449,0.913,mobile,silver,0
3,9,8.5,0.115,109.23,0,19.2,0.088,0.743,desktop,platinum,0
15,8,24.8,0.18,369.9,0,11.6,0.351,0.738,desktop,platinum,0
263,0,1.5,0.737,53.75,1,2.7,0.316,0.037,mobile,silver,1
3,2,7.0,0.404,108.59,0,5.6,0.515,0.126,desktop,bronze,1
116,0,,0.645,10.81,2,6.8,0.699,0.208,mobile,bronze,1
1,5,13.0,0.02,196.4,0,14.3,0.105,0.773,desktop,silver,0
1,9,21.3,0.279,26.27,0,15.4,0.141,0.486,desktop,bronze,0
26,7,17.2,0.073,89.04,0,12.3,0.093,0.742,mobile,silver,0
167,1,8.6,0.472,25.73,0,5.5,0.391,0.322,desktop,bronze,0
31,9,26.7,0.532,565.01,0,14.3,0.32,0.432,desktop,platinum,1
24,0,3.4,0.802,43.79,1,4.8,0.686,0.108,mobile,bronze,0
87,1,9.8,0.441,132.8,0,1.6,0.143,0.66,tablet,silver,0
28,1,11.8,,38.27,0,4.1,0.404,0.377,mobile,platinum,0
39,2,6.2,,85.02,2,5.6,0.461,0.48,desktop,silver,0
6,14,12.0,0.224,,0,12.0,0.251,0.492,mobile,silver,0
2,10,18.2,0.145,268.17,0,12.7,0.554,0.662,desktop,silver,0
16,5,15.2,0.117,506.86,2,8.9,0.562,0.904,desktop,gold,0
134,0,6.3,0.662,124.71,1,2.3,0.584,0.897,mobile,silver,0
77,1,7.8,0.314,28.88,0,5.3,0.3,0.324,mobile,bronze,1
13,0,3.0,0.784,5.09,1,6.4,0.601,0.026,mobile,silver,0
179,0,5.3,0.781,,3,3.5,0.597,0.183,desktop,silver,1
19,11,23.3,0.146,261.77,0,14.8,0.306,0.406,desktop,gold,0
28,2,14.2,0.673,52.21,1,3.0,0.611,0.472,tablet,bronze,0
37,3,5.0,0.702,139.41,0,5.6,0.471,0.351,desktop,silver,0
123,1,2.7,0.821,55.07,1,1.1,0.35,0.125,mobile,silver,0
15,3,19.5,0.011,161.84,0,8.6,0.557,0.65,mobile,silver,0
22,5,18.0,,94.8,1,7.5,0.309,0.885,tablet,platinum,0
27,1,10.1,0.649,1.24,1,3.6,0.589,,mobile,silver,0
113,1,3.3,0.28,0.9,0,6.4,0.204,0.153,desktop,bronze,1
45,0,6.3,0.809,34.85,3,5.0,0.246,0.644,desktop,bronze,0
28,6,11.5,0.036,632.22,0,12.1,0.58,0.794,desktop,bronze,1
17,6,17.3,0.012,773.27,0,7.4,0.527,0.862,mobile,platinum,0
10,1,0.5,0.52,21.45,3,3.6,0.368,0.096,mobile,gold,1
68,2,1.3,0.631,45.06,1,2.2,0.669,0.052,mobile,bronze,0
43,2,8.0,0.21,72.47,0,10.9,0.349,0.032,tablet,gold,0
5,1,4.1,0.445,,0,,0.448,0.887,mobile,silver,0
64,5,10.2,0.334,59.39,0,4.5,0.327,0.76,mobile,silver,1
145,2,10.6,,17.03,0,7.0,0.415,0.55,mobile,bronze,0
1,5,18.3,0.295,385.19,0,14.8,0.017,0.973,mobile,gold,0
18,8,24.9,0.154,664.31,0,13.3,0.33,0.549,desktop,platinum,1
139,0,11.0,0.805,269.62,1,8.7,0.252,0.582,mobile,bronze,1
20,0,9.0,0.46,7.16,0,6.4,0.27,0.386,desktop,bronze,1
251,1,0.5,0.63,75.11,2,3.2,0.59,0.039,mobile,silver,1
16,10,5.6,0.104,648.05,0,12.6,0.068,0.818,mobile,platinum,0
75,0,3.2,0.678,194.95,1,3.7,0.473,0.418,mobile,bronze,1
32,2,3.6,0.294,5.22,1,7.3,0.521,0.575,mobile,bronze,0
18,10,13.9,0.649,219.24,0,14.2,0.033,0.713,mobile,gold,0
242,3,0.5,0.848,3.31,4,3.8,0.641,0.036,mobile,bronze,0
29,6,19.9,0.032,43.0,0,13.9,0.112,0.602,desktop,platinum,0
47,6,11.1,0.008,994.43,0,9.6,0.099,,mobile,silver,0
10,11,26.2,0.132,971.0,0,8.0,0.41,0.469,desktop,gold,0
14,1,2.7,0.587,18.27,0,2.2,0.355,0.194,mobile,gold,0
40,12,13.0,0.189,511.21,0,10.5,0.85,0.555,tablet,gold,1
7,13,27.1,,123.54,0,13.0,0.301,0.964,desktop,silver,0
3,14,12.1,0.462,795.14,0,15.2,0.375,,desktop,silver,0
11,11,14.8,0.126,207.4,0,9.8,0.141,0.688,mobile,bronze,0
21,3,6.8,0.435,52.43,2,8.8,0.632,0.202,tablet,bronze,0
17,17,18.2,0.289,536.96,0,10.8,0.205,0.443,mobile,bronze,0
17,7,17.4,0.332,75.14,1,11.2,0.422,0.86,mobile,gold,1
25,2,11.8,0.339,20.3,2,9.6,0.177,0.056,mobile,silver,0
14,9,16.6,0.229,1367.61,0,15.2,0.125,0.768,desktop,gold,0
14,0,1.4,0.595,25.27,1,4.2,0.562,0.158,mobile,bronze,0
159,0,6.0,0.908,14.25,4,2.9,0.458,0.111,desktop,silver,1
7,7,28.0,0.067,319.42,0,6.6,0.155,0.501,tablet,silver,1
71,6,15.7,0.082,467.17,0,13.8,0.141,0.568,desktop,silver,0
2,8,14.0,0.047,872.81,0,12.3,0.186,0.979,desktop,gold,0
365,0,0.7,0.865,,1,1.0,0.589,0.087,mobile,bronze,1
36,2,2.5,0.336,47.87,1,6.4,0.832,0.0,mobile,bronze,0
39,1,2.4,0.694,49.78,3,2.1,0.377,0.167,desktop,bronze,1
1,5,14.9,0.26,760.9,0,10.0,0.394,0.763,desktop,bronze,0
24,9,6.9,0.266,274.95,0,8.6,0.458,0.622,mobile,bronze,0
37,9,14.9,0.17,1063.09,0,,0.118,0.736,mobile,bronze,0
11,9,21.4,0.054,318.72,0,12.3,0.415,0.454,tablet,gold,0
10,3,14.3,0.37,46.7,2,5.1,0.795,0.091,tablet,bronze,0
17,10,7.9,0.007,151.16,1,15.0,0.126,0.544,desktop,bronze,1
19,7,16.4,0.366,471.97,0,8.6,0.307,0.55,mobile,bronze,1
37,3,20.0,,78.26,0,7.8,0.293,0.738,desktop,silver,0
7,11,23.3,0.143,,0,4.3,0.454,0.769,mobile,gold,1
8,15,18.3,0.377,559.77,0,7.1,0.161,0.589,mobile,silver,0
10,4,4.7,0.301,18.96,2,4.7,0.657,0.305,mobile,bronze,1
51,1,6.0,0.336,222.83,1,,0.229,0.58,desktop,gold,1
126,0,1.4,0.616,1.88,2,4.8,0.497,0.074,mobile,gold,1
64,1,11.8,0.815,152.31,1,9.9,0.559,0.215,mobile,bronze,1
2,7,18.1,0.022,70.57,0,14.2,0.257,0.565,mobile,gold,1
69,0,1.8,0.953,,3,3.7,0.534,0.248,mobile,bronze,0
10,4,11.7,0.048,264.06,0,13.0,0.355,0.582,desktop,gold,0
30,3,8.2,0.334,98.35,1,5.5,0.367,0.33,desktop,gold,0
12,6,,0.24,50.91,1,9.9,0.292,,desktop,platinum,0
16,2,13.1,0.265,152.81,0,15.5,0.191,0.834,desktop,gold,0
15,8,18.3,0.097,786.74,0,14.5,0.418,,desktop,gold,0
6,0,3.9,0.9,0.74,1,4.0,0.627,0.092,mobile,bronze,1
66,0,0.6,0.48,10.45,1,5.5,0.652,0.002,mobile,bronze,1
75,2,1.9,0.714,42.89,3,3.9,0.537,0.1,mobile,silver,1
316,1,4.5,0.992,103.0,1,2.4,0.418,0.328,mobile,bronze,0
122,0,2.0,0.791,112.81,4,1.0,0.104,0.267,desktop,gold,1
44,0,4.2,0.492,54.58,5,3.6,0.584,0.013,desktop,bronze,1
19,4,14.5,0.027,661.03,0,10.2,0.104,0.786,mobile,silver,1
8,0,0.9,0.939,36.44,3,5.7,0.474,0.419,mobile,platinum,1
5,6,18.3,0.033,255.21,0,9.9,0.223,0.838,desktop,silver,0
7,0,12.7,0.746,20.38,0,4.4,0.346,0.153,mobile,silver,0
24,5,23.4,0.018,,0,13.6,0.189,0.751,desktop,silver,1
15,4,17.4,0.044,274.42,0,8.5,0.243,0.704,desktop,silver,0
137,1,3.0,0.539,12.15,3,5.4,0.379,0.025,desktop,bronze,1
130,0,1.9,0.686,21.8,2,2.0,0.634,,mobile,bronze,0
150,1,3.8,0.919,23.23,4,,0.294,0.057,tablet,silver,0
37,1,1.7,0.676,52.48,4,2.1,0.517,0.169,mobile,bronze,0
45,3,7.1,0.718,100.26,0,,0.371,0.451,mobile,bronze,0
16,0,1.8,0.892,36.26,1,3.6,0.471,0.376,mobile,bronze,1
127,2,4.8,0.329,125.25,0,1.6,0.396,0.063,desktop,silver,0
4,0,2.0,0.783,0.11,3,4.6,0.743,0.121,desktop,bronze,1
4,8,13.8,0.107,350.95,0,13.7,0.334,0.674,desktop,bronze,0
244,2,2.0,0.562,254.92,1,2.3,0.731,0.172,mobile,silver,0
40,8,25.1,0.484,75.28,0,16.0,0.543,0.834,desktop,bronze,0
27,11,16.4,0.224,45.81,0,10.5,0.05,0.46,mobile,gold,0
40,7,18.4,0.156,430.15,1,15.6,0.208,0.805,desktop,silver,1
9,0,4.4,0.805,15.19,2,2.8,0.284,0.427,mobile,bronze,0
27,8,24.0,0.337,505.47,2,12.4,0.141,0.698,tablet,gold,0
3,6,6.9,0.174,67.89,0,6.5,0.154,0.776,tablet,gold,0
33,2,8.1,0.719,79.11,2,3.2,0.565,0.05,tablet,bronze,1
123,4,1.0,0.18,37.67,0,7.6,0.319,0.734,mobile,silver,1
22,0,7.9,0.67,83.06,1,3.0,0.397,0.201,desktop,silver,1
251,0,3.3,0.697,6.88,3,1.0,0.715,0.234,mobile,bronze,0
33,3,0.5,,,4,5.8,0.712,0.118,desktop,bronze,1
365,2,8.5,0.722,18.27,2,6.3,0.283,0.619,desktop,bronze,1
3,6,10.8,0.02,240.63,2,12.8,0.005,0.803,mobile,gold,1
12,1,2.7,0.857,19.51,3,1.0,0.48,0.056,mobile,bronze,1
290,1,3.4,0.504,14.77,3,2.6,0.61,0.125,mobile,bronze,1
19,10,16.0,,847.1,1,11.7,0.112,0.628,mobile,silver,0
46,10,24.9,0.258,303.41,0,11.6,0.085,0.44,desktop,silver,0
65,7,22.5,0.049,,0,11.3,0.287,0.678,desktop,silver,1
21,7,20.4,0.208,211.82,0,11.8,0.087,0.618,desktop,bronze,0
36,4,13.8,0.251,242.83,0,14.1,0.052,0.898,mobile,silver,0
14,7,19.7,0.058,287.68,0,6.8,0.155,0.657,desktop,gold,0
94,1,7.1,0.909,14.45,2,1.9,0.866,0.003,desktop,silver,0
11,0,0.5,0.819,78.79,3,2.6,0.529,0.277,mobile,gold,1
16,9,21.7,0.412,1168.31,0,14.0,0.078,0.776,mobile,platinum,0
37,2,6.9,0.629,36.11,0,2.4,0.187,0.398,tablet,bronze,0
4,10,16.2,0.007,437.83,1,14.7,0.107,0.561,desktop,platinum,1
9,4,18.3,0.033,34.89,0,8.8,0.587,0.77,mobile,platinum,0
24,1,2.6,0.805,87.82,2,2.9,0.725,0.279,mobile,bronze,1
64,8,23.1,0.015,289.36,2,14.1,0.32,0.539,desktop,platinum,0
11,5,12.4,0.027,989.04,0,7.9,0.236,0.658,mobile,gold,0
220,0,5.6,0.898,44.84,4,4.9,0.606,0.158,desktop,bronze,0
2,2,0.9,0.956,35.47,1,4.5,0.395,0.52,tablet,bronze,0
6,6,25.0,0.019,,0,6.8,0.303,0.93,desktop,platinum,0
102,1,3.1,0.802,24.78,4,,0.801,0.319,desktop,gold,0
44,10,15.3,0.068,24.1,0,15.4,0.205,0.7,desktop,bronze,0
47,0,2.6,0.692,25.37,0,3.6,0.257,0.361,mobile,bronze,0
58,7,17.3,0.229,145.43,0,16.4,0.121,0.844,mobile,platinum,0
108,2,4.5,0.941,82.43,4,4.9,0.604,0.09,mobile,silver,0
168,2,0.9,0.19,58.24,1,5.2,0.38,0.785,mobile,gold,0
44,9,24.5,0.028,573.85,0,7.3,0.091,0.942,desktop,platinum,0
37,5,21.5,,1605.16,0,17.9,0.444,0.879,mobile,platinum,0
98,8,15.5,0.104,743.97,0,17.2,0.534,0.632,desktop,gold,1
22,9,15.2,0.101,518.57,0,11.7,0.167,0.488,desktop,silver,0
162,0,3.8,0.977,2.25,0,3.7,0.511,0.009,mobile,bronze,1
35,8,12.6,0.219,,0,9.8,0.239,0.934,desktop,platinum,0
37,4,,0.345,272.29,0,13.9,0.168,0.916,desktop,silver,0
16,16,18.0,0.14,759.04,0,14.0,0.317,0.841,desktop,gold,0
9,6,14.4,0.134,64.8,0,10.6,0.491,0.764,mobile,platinum,0
16,1,3.5,0.614,0.45,4,6.2,0.636,0.035,mobile,bronze,0
135,3,2.2,0.871,147.79,2,2.5,0.64,0.433,desktop,bronze,1
15,6,30.7,0.313,193.43,1,13.5,0.492,0.734,mobile,platinum,1
11,6,26.5,0.343,45.37,1,,0.182,0.869,desktop,gold,0
16,2,16.5,0.016,1859.51,0,6.7,0.129,,mobile,gold,0
12,9,13.0,0.136,305.13,0,19.2,0.281,0.794,desktop,silver,0
6,2,9.6,0.477,123.28,1,6.3,0.199,0.318,mobile,bronze,1
42,4,10.9,0.077,397.16,0,7.6,0.172,0.839,desktop,bronze,0
103,0,5.3,0.821,49.47,2,1.7,0.821,,mobile,silver,1
115,0,4.6,0.804,77.97,5,2.3,0.817,0.114,mobile,bronze,0
182,0,2.8,0.399,88.93,3,,0.652,,mobile,silver,1
145,2,2.3,0.806,37.22,6,5.7,0.842,0.19,mobile,gold,0
215,4,5.4,0.838,9.24,2,2.7,0.323,0.143,mobile,silver,1
6,0,4.3,0.821,32.87,4,3.8,0.659,0.166,mobile,bronze,0
165,0,1.8,0.662,53.15,5,2.1,0.802,0.148,tablet,bronze,1
228,1,1.5,0.573,137.76,4,1.0,0.394,0.413,mobile,gold,0
69,1,5.4,0.428,9.74,1,,0.324,0.134,tablet,platinum,0
122,0,4.9,0.769,64.11,2,3.0,0.683,0.25,desktop,silver,0
4,6,22.0,0.198,224.7,0,12.2,0.316,0.853,desktop,gold,0
1,8,10.6,0.107,344.08,0,14.4,0.275,0.324,mobile,platinum,0
100,2,10.1,0.382,30.18,0,2.8,0.383,0.406,tablet,gold,1
104,4,3.7,0.752,,2,4.1,0.344,0.664,desktop,bronze,1
19,12,15.9,0.48,318.58,1,,0.306,0.418,tablet,silver,0
147,3,2.3,0.515,215.1,1,6.2,0.157,0.055,mobile,gold,1
23,3,9.4,0.578,26.93,1,6.7,0.515,0.121,mobile,bronze,1
102,2,9.5,0.63,9.79,0,6.4,0.488,0.699,mobile,silver,0
81,1,3.7,0.898,,5,1.0,0.501,0.004,mobile,platinum,1
295,0,0.5,0.817,7.74,1,1.0,0.587,0.1,mobile,bronze,1
26,12,12.1,,853.21,1,12.1,0.152,0.434,mobile,silver,0
85,1,8.2,0.302,93.92,1,5.5,0.26,0.049,desktop,bronze,1
7,8,18.3,0.102,331.45,0,8.7,0.436,0.608,tablet,gold,0
12,10,20.7,0.211,52.75,0,13.2,0.163,0.676,desktop,gold,0
291,2,2.0,0.698,117.86,1,1.5,0.338,0.378,desktop,bronze,1
32,9,23.9,0.038,115.33,0,10.5,0.233,0.973,desktop,silver,0
124,2,3.5,0.957,50.17,8,2.9,0.817,0.124,desktop,gold,0
25,8,19.1,0.087,110.67,1,14.6,0.278,0.74,mobile,silver,0
1,16,22.5,0.097,49.18,1,13.1,0.354,0.726,desktop,bronze,0
62,6,18.3,0.444,609.83,0,9.7,0.271,0.673,desktop,silver,0
108,3,0.5,0.582,72.15,4,1.0,0.538,0.214,desktop,bronze,1
168,1,3.0,0.842,101.66,1,4.5,0.819,0.034,desktop,bronze,0
33,11,23.6,0.036,360.91,0,9.7,0.351,0.677,desktop,platinum,1
71,1,3.5,0.983,99.42,4,2.8,0.597,0.21,desktop,bronze,0
12,11,19.4,0.022,917.69,0,19.7,0.615,0.569,desktop,silver,1
365,1,0.5,0.847,,3,1.6,0.537,0.262,tablet,bronze,1
9,11,14.0,0.211,89.92,2,9.4,0.362,0.431,desktop,gold,0
4,5,10.4,0.037,,2,11.0,0.618,0.681,desktop,gold,0
52,1,5.3,0.872,2.81,4,2.9,0.582,0.2,mobile,silver,1
3,9,20.8,,42.17,0,14.8,0.288,0.485,desktop,silver,0
34,1,3.8,0.437,18.61,1,2.7,0.511,0.008,mobile,bronze,0
296,1,4.4,0.576,8.99,3,1.0,0.55,0.291,mobile,silver,0
33,2,9.1,0.412,58.29,0,7.1,0.223,0.832,mobile,silver,1
19,5,27.2,0.064,621.8,1,6.9,0.276,0.589,desktop,silver,0
2,1,14.3,0.563,15.45,0,5.3,0.487,0.508,desktop,bronze,0
128,0,4.7,0.776,98.39,1,1.2,0.706,0.185,mobile,bronze,0
2,9,18.3,0.081,590.18,0,8.7,0.541,0.466,mobile,bronze,0
16,8,,0.018,616.69,0,7.1,0.182,0.615,mobile,silver,0
6,8,9.3,0.224,25.07,0,12.2,0.509,0.691,mobile,silver,0
56,6,23.9,0.575,683.55,0,,0.289,0.466,mobile,platinum,0
28,11,13.4,0.094,170.42,0,13.8,0.179,0.748,mobile,silver,0
71,4,25.1,0.063,1224.99,0,9.5,0.271,0.662,mobile,silver,0
128,0,5.9,0.418,101.31,0,6.2,0.531,0.455,desktop,silver,0
1,2,6.0,0.271,9.24,1,10.6,0.418,0.258,desktop,silver,1
85,0,5.2,,66.42,1,4.9,0.666,0.36,desktop,silver,0
11,0,0.5,0.633,3.43,5,5.6,0.844,0.241,mobile,bronze,0
5,3,6.3,0.053,13.33,1,13.3,0.016,0.961,mobile,gold,1
30,4,8.0,0.101,32.94,1,2.2,0.304,0.289,mobile,bronze,1
65,0,5.1,0.455,217.77,5,2.8,0.739,0.386,mobile,bronze,1
190,1,4.0,0.56,79.66,7,1.6,0.689,0.093,mobile,bronze,1
43,13,9.4,0.133,306.92,1,13.0,0.27,0.406,mobile,gold,0
23,7,12.7,0.286,1749.47,1,14.7,0.491,0.695,mobile,gold,0
3,2,11.3,0.783,106.95,1,6.9,0.577,0.247,desktop,silver,0
26,1,0.5,0.922,25.57,2,4.2,0.677,0.118,mobile,silver,1
12,9,9.2,0.15,904.72,0,8.8,0.443,0.764,desktop,gold,0
21,2,6.0,0.939,0.23,6,3.7,0.495,0.05,mobile,bronze,1
308,0,1.1,0.485,35.11,2,2.6,0.502,0.15,mobile,gold,1
206,2,0.5,0.753,23.26,3,1.1,0.412,0.129,mobile,gold,0
92,0,5.3,0.385,106.83,0,8.6,0.638,,mobile,bronze,0
28,11,20.1,0.026,425.5,0,15.6,0.517,0.935,desktop,gold,0
18,6,18.8,0.093,87.66,0,5.1,0.277,0.796,desktop,gold,0
9,9,12.1,0.086,1679.41,1,15.1,0.372,0.26,desktop,gold,1
27,1,5.3,0.497,27.64,1,2.4,0.353,0.289,desktop,bronze,1
29,9,18.2,0.336,423.68,0,6.1,0.203,,mobile,platinum,0
83,1,1.9,0.591,104.54,0,8.0,0.563,0.157,mobile,silver,0
5,10,11.8,0.141,1368.18,0,13.3,0.438,,mobile,gold,1
4,8,14.2,0.067,421.77,0,9.5,0.042,0.759,desktop,silver,1
3,15,19.3,0.428,160.7,1,11.3,0.24,0.577,desktop,gold,0
30,3,24.4,0.244,307.97,0,12.8,0.102,0.618,tablet,gold,0
5,8,14.6,0.19,143.92,1,9.7,0.562,0.722,mobile,bronze,0
14,7,29.1,,92.1,0,10.0,0.202,0.673,mobile,silver,0
21,0,,0.789,63.9,4,1.0,0.567,0.242,desktop,gold,1
90,3,11.6,0.586,44.9,2,9.1,0.424,0.421,mobile,bronze,0
41,8,16.2,0.143,140.69,0,11.5,0.213,0.816,mobile,silver,1
40,9,13.8,0.231,211.45,0,18.6,0.052,0.849,tablet,silver,0
6,1,4.8,0.311,41.45,1,9.5,0.282,0.439,mobile,gold,1
1,7,,0.14,1124.92,0,11.3,0.164,0.714,mobile,gold,1
33,1,2.9,0.65,,1,5.5,0.755,0.033,mobile,bronze,1
104,1,11.5,,106.44,3,4.4,0.259,0.628,tablet,platinum,1
16,10,16.2,0.223,612.73,0,,0.532,0.781,mobile,gold,0
21,8,18.5,0.018,415.92,1,13.5,0.288,,desktop,silver,1
289,3,,0.635,80.83,3,1.6,0.35,0.039,tablet,bronze,0
20,5,12.8,0.038,1703.77,0,,0.306,0.761,mobile,platinum,0
4,4,22.9,0.074,1031.11,0,10.3,0.083,0.888,desktop,gold,0
27,11,17.0,0.341,313.42,0,9.8,0.278,0.938,tablet,gold,1
7,3,6.0,0.13,38.11,1,4.7,0.649,0.256,desktop,bronze,0
24,7,19.8,0.158,449.64,0,12.2,0.123,0.894,desktop,gold,0
172,0,1.9,0.838,55.86,3,2.9,0.523,0.177,desktop,silver,1
10,6,19.5,0.244,235.87,0,13.7,0.627,0.659,mobile,gold,0
339,1,0.8,0.616,54.71,4,3.2,0.383,0.049,mobile,silver,1
5,2,22.0,0.058,395.9,0,13.3,0.386,0.621,desktop,platinum,0
249,1,2.4,0.854,4.31,0,1.6,0.365,0.093,mobile,bronze,0
19,14,13.1,0.081,24.64,0,14.1,0.277,0.385,mobile,bronze,1
17,3,16.7,0.102,397.67,0,12.7,0.449,0.29,mobile,platinum,0
57,1,,,3.71,2,1.8,0.324,,mobile,silver,1
13,5,24.6,0.137,1095.98,0,13.0,0.218,0.72,mobile,gold,0
17,5,8.8,0.48,41.69,0,6.0,0.12,0.106,tablet,gold,1
120,2,6.0,,17.12,3,2.3,0.603,0.152,mobile,silver,1
6,3,8.2,0.553,233.54,1,3.2,0.271,0.294,mobile,silver,0
35,2,1.7,0.333,16.11,6,5.6,0.614,0.14,desktop,gold,1
4,12,18.8,0.0,465.96,1,,0.062,0.415,mobile,gold,1
4,6,19.8,0.159,208.48,1,14.4,0.161,0.669,desktop,silver,0
56,1,2.6,0.803,24.68,3,1.8,0.61,0.62,mobile,bronze,0
118,1,4.2,0.834,2.25,4,4.3,0.614,,mobile,bronze,1
27,4,15.7,0.658,346.25,1,12.8,0.192,0.745,tablet,gold,0
31,9,21.1,0.407,222.78,0,9.2,0.103,0.942,desktop,silver,0
4,12,19.7,0.021,149.34,1,14.9,0.187,0.677,desktop,silver,0
63,11,13.6,0.061,,1,13.0,0.184,,desktop,gold,0
13,10,14.9,0.592,251.96,0,12.2,0.197,0.668,desktop,platinum,0
108,0,3.1,0.813,19.67,1,4.1,0.659,0.276,mobile,silver,0
24,5,17.6,0.018,187.3,0,15.5,0.621,0.677,mobile,gold,1
2,2,2.1,0.767,,3,2.9,0.547,0.055,tablet,bronze,1
34,2,3.6,0.422,228.92,1,6.5,0.417,0.507,desktop,bronze,0
4,10,23.3,0.048,310.85,0,16.9,0.041,0.671,mobile,silver,0
1,10,24.6,0.195,538.59,0,10.6,0.509,0.676,desktop,platinum,0
25,11,15.0,0.058,262.76,1,9.4,0.75,0.663,mobile,platinum,0
192,4,10.5,0.657,,3,7.4,0.28,0.614,desktop,silver,1
36,2,,0.737,73.91,4,2.2,0.555,0.08,mobile,bronze,1
8,9,15.4,0.049,410.78,0,9.6,0.585,0.356,desktop,platinum,1
34,3,15.3,0.269,220.18,0,10.9,0.227,0.872,desktop,silver,0
2,10,21.5,0.04,26.68,1,10.2,0.345,0.628,mobile,platinum,0
83,0,0.5,0.789,35.88,2,1.0,0.443,0.533,tablet,bronze,0
14,1,14.5,0.333,18.73,0,8.1,0.761,0.725,desktop,bronze,0
27,1,14.0,0.851,38.38,3,4.9,0.194,0.429,desktop,silver,0
8,13,18.2,0.078,941.07,0,12.8,0.12,0.873,desktop,bronze,0
28,15,20.2,0.037,622.03,0,14.1,0.644,0.79,desktop,platinum,0
7,2,6.4,0.249,106.0,3,4.3,0.476,0.358,mobile,bronze,0
8,5,19.1,0.137,,1,14.9,0.376,0.843,mobile,gold,0
12,0,4.6,0.808,66.16,4,2.3,0.486,0.182,mobile,bronze,1
1,7,17.0,0.313,76.04,2,14.3,0.041,0.388,tablet,gold,0
57,6,15.8,0.111,197.43,0,14.5,0.066,0.675,mobile,gold,0
85,6,12.2,0.02,253.99,1,10.1,0.17,0.754,mobile,gold,0
1,6,21.0,0.187,60.3,0,12.8,0.367,0.81,desktop,bronze,0
9,2,,0.352,7.29,2,,0.577,0.305,mobile,silver,1
103,0,3.6,0.44,246.57,0,3.9,0.339,0.421,desktop,bronze,1
29,14,,0.072,1153.31,0,12.4,0.804,0.763,desktop,silver,0
64,0,3.9,0.77,50.94,4,,0.412,,mobile,silver,0
7,2,11.1,0.416,90.24,0,4.8,0.398,0.275,mobile,bronze,1
3,3,4.9,0.256,21.67,0,4.0,0.467,0.451,mobile,bronze,0
206,3,4.1,0.597,39.87,2,2.9,0.958,0.162,mobile,bronze,1
75,1,5.9,0.591,96.84,1,4.8,0.664,,desktop,silver,0
27,5,6.3,0.21,18.26,0,5.7,0.275,0.416,mobile,gold,1
17,10,19.3,0.08,712.35,0,9.9,0.545,0.458,tablet,gold,0
44,9,23.0,0.076,30.1,0,14.5,0.203,0.632,desktop,gold,0
24,12,12.4,0.185,106.69,0,13.1,0.032,0.471,desktop,silver,0
317,1,0.5,0.956,38.91,3,5.4,0.505,0.068,mobile,bronze,1
11,16,25.5,0.046,1754.4,1,17.1,0.315,0.767,desktop,silver,0
4,1,,0.393,50.32,0,5.9,0.345,0.275,mobile,silver,1
70,2,1.4,0.95,8.39,2,2.9,0.544,0.067,desktop,bronze,0
61,11,16.5,,237.7,1,15.5,0.386,0.387,tablet,silver,0
2,3,22.2,,163.57,0,14.2,0.356,0.665,desktop,silver,0
23,10,10.9,0.174,1523.9,0,11.1,0.426,0.41,tablet,gold,0
19,0,5.3,0.244,308.71,0,7.2,0.566,0.192,mobile,bronze,0
1,7,12.3,0.352,666.66,2,18.9,0.655,0.781,mobile,gold,0
51,12,28.3,,276.47,0,4.7,0.198,0.523,desktop,bronze,1
38,5,15.0,0.264,95.13,0,10.4,0.153,0.83,mobile,gold,1
14,7,13.1,0.034,249.69,1,16.8,0.102,0.89,mobile,gold,0
365,3,2.4,0.732,97.29,1,4.7,0.804,0.048,mobile,silver,1
2,12,17.1,0.005,124.55,0,,0.308,0.467,mobile,gold,0
203,1,2.6,0.974,33.21,2,5.5,0.85,0.109,mobile,silver,1
67,2,6.2,0.85,28.78,3,1.5,0.746,0.186,desktop,silver,0
14,9,14.0,0.069,318.12,0,12.3,0.265,0.43,mobile,bronze,0
67,9,14.2,0.08,456.21,0,12.2,0.172,0.771,mobile,gold,0
139,2,5.2,0.573,317.68,0,,0.458,0.396,mobile,bronze,1
44,7,12.6,,994.43,0,11.8,0.108,0.776,tablet,silver,0
21,5,14.9,0.223,139.99,1,9.7,0.415,0.683,mobile,silver,1
12,6,25.7,0.138,307.14,0,11.7,0.198,0.393,desktop,bronze,0
64,0,1.8,0.816,12.89,3,4.6,0.644,0.316,mobile,bronze,1
12,11,16.3,0.033,80.16,0,10.1,0.314,0.415,desktop,silver,0
11,2,1.8,0.867,30.5,2,3.0,0.42,0.016,desktop,silver,1
27,1,7.1,0.6,27.7,1,8.5,0.412,0.433,mobile,platinum,0
248,3,4.5,0.6,135.25,4,4.9,0.484,0.229,desktop,platinum,1
38,9,14.0,0.184,1213.6,0,11.8,0.086,0.38,mobile,platinum,0
28,2,4.1,0.722,91.83,3,2.3,0.553,0.12,mobile,bronze,1
89,4,12.5,0.651,253.52,1,4.7,0.561,0.658,mobile,silver,1
55,6,18.3,0.156,296.59,0,12.9,0.078,0.784,mobile,silver,0
1,9,17.0,0.3,64.97,0,13.7,0.478,0.098,mobile,silver,1
21,0,1.4,0.516,0.65,1,5.4,0.274,0.045,mobile,bronze,0
9,3,19.7,0.133,69.74,0,15.8,0.319,0.263,mobile,platinum,1
228,0,2.0,0.932,48.09,1,4.4,0.292,0.087,mobile,bronze,1
140,1,8.4,0.426,36.39,0,6.5,0.387,0.65,mobile,bronze,1
62,1,4.4,0.565,16.17,4,1.0,0.509,0.064,mobile,bronze,1
172,0,5.6,0.782,26.91,3,1.4,0.581,0.001,tablet,bronze,0
18,0,2.0,0.854,3.84,2,3.7,0.332,0.026,mobile,bronze,1
2,4,23.7,0.12,267.87,0,,0.498,0.801,mobile,bronze,0
33,5,25.4,0.263,1308.88,1,13.2,0.44,0.692,desktop,silver,1
106,2,0.5,0.449,73.36,0,1.9,0.642,0.119,mobile,bronze,0
59,8,,,4.65,0,14.3,0.245,0.811,mobile,gold,0
8,12,15.9,0.281,406.29,1,13.2,0.259,0.418,desktop,gold,0
2,4,20.0,0.214,238.47,0,15.5,0.4,0.78,desktop,silver,0
14,7,11.1,0.115,1246.98,0,16.8,0.282,0.53,desktop,silver,1
1,6,18.8,0.092,1069.55,0,12.0,0.179,0.549,desktop,silver,0
69,9,21.7,0.125,515.75,0,14.5,0.253,0.598,desktop,gold,1
158,1,3.0,0.5,16.11,1,3.3,0.519,0.288,mobile,bronze,0
31,0,3.4,0.416,32.84,1,4.3,0.73,0.053,mobile,bronze,0
124,3,6.6,0.748,337.76,3,6.9,0.876,0.263,mobile,silver,0
25,0,10.3,0.683,89.65,3,6.9,0.148,0.838,tablet,bronze,1
1,3,6.6,0.092,422.37,1,12.8,0.023,0.309,desktop,silver,0
32,0,3.3,0.481,1.94,3,1.0,0.662,0.296,desktop,gold,0
17,7,26.7,0.04,1168.45,0,11.7,0.384,0.805,mobile,gold,0
6,7,16.5,0.313,126.68,0,8.9,0.251,0.43,tablet,gold,0
64,2,5.3,0.652,33.67,1,3.7,0.659,0.099,mobile,bronze,0
35,0,3.6,0.643,32.23,2,1.9,0.75,0.082,mobile,bronze,1
11,10,13.8,0.11,45.25,0,11.8,0.584,0.792,desktop,silver,1
15,4,12.2,0.175,278.06,0,9.2,0.363,0.703,desktop,platinum,0
71,4,0.8,0.504,60.24,3,3.2,0.571,0.016,mobile,bronze,0
80,1,1.2,0.903,21.28,3,1.8,0.551,0.012,tablet,bronze,1
27,2,1.9,0.843,2.52,3,5.5,0.466,0.163,mobile,bronze,0
1,7,19.1,0.143,23.73,0,10.7,0.119,0.705,desktop,silver,0
53,2,3.7,,84.75,1,3.4,0.601,0.034,desktop,bronze,1
365,0,4.0,0.819,28.57,2,2.3,0.61,0.133,desktop,silver,0
14,8,11.5,0.083,3.18,0,17.6,0.112,0.69,mobile,platinum,0
79,0,4.1,0.403,48.47,1,3.8,0.469,0.018,mobile,bronze,0
1,9,21.4,0.095,,0,15.5,0.15,0.821,desktop,gold,0
298,1,0.5,0.41,69.56,3,1.0,0.621,0.416,tablet,bronze,1
193,1,7.4,0.568,100.93,2,4.6,0.536,0.098,desktop,bronze,1
71,1,2.6,0.663,11.77,6,,0.796,0.424,desktop,silver,0
38,12,14.3,0.225,102.95,0,5.2,0.077,0.558,tablet,silver,0
41,5,6.8,0.606,396.4,0,5.2,0.172,0.741,tablet,bronze,0
115,4,5.7,0.829,156.25,1,5.5,0.698,0.117,tablet,bronze,0
8,10,15.7,0.022,812.38,0,14.2,0.013,0.593,tablet,gold,0
18,9,22.6,0.049,,0,13.6,0.706,0.889,mobile,silver,0
33,0,2.7,0.521,99.67,3,1.8,0.835,0.436,tablet,bronze,0
295,0,0.7,0.72,165.61,2,7.4,0.683,0.403,mobile,bronze,1
132,0,2.7,0.598,77.13,2,10.1,0.461,0.453,desktop,bronze,1
365,0,3.3,0.866,26.58,1,1.5,0.359,0.04,mobile,silver,0
91,0,1.6,0.902,89.2,3,1.2,0.783,0.031,desktop,gold,1
119,0,0.5,0.692,16.24,5,1.0,0.96,0.114,desktop,silver,1
93,0,,0.725,186.76,1,4.2,0.571,0.143,desktop,bronze,1
16,0,1.1,0.854,6.99,2,1.1,0.518,0.126,mobile,bronze,1
21,14,21.5,0.04,395.68,0,7.7,0.272,0.79,desktop,platinum,0
18,7,18.8,0.046,36.03,1,11.0,0.247,0.82,desktop,gold,1
8,3,14.0,0.384,9.89,1,4.8,0.345,0.693,mobile,bronze,0
163,2,7.9,0.567,29.11,1,9.3,0.686,,tablet,bronze,0
10,5,18.3,0.295,42.27,0,17.7,0.26,0.757,mobile,silver,0
29,0,4.9,0.866,19.14,3,,0.561,0.149,mobile,bronze,0
5,12,17.8,0.23,549.05,1,7.9,0.432,,desktop,gold,0
1,4,10.5,,520.86,0,11.8,0.607,0.587,desktop,gold,0
313,1,2.9,0.639,66.59,4,2.9,0.478,0.101,desktop,bronze,0
4,10,12.5,0.054,,1,12.7,0.168,0.502,desktop,silver,0
44,5,31.1,0.032,932.49,0,10.1,0.333,0.936,desktop,gold,0
39,5,17.6,0.206,78.37,2,,0.136,0.812,desktop,gold,0
1,9,15.5,0.221,836.32,0,15.8,0.067,0.859,desktop,gold,0
365,4,1.7,0.659,,0,3.9,0.62,0.281,desktop,bronze,1
51,0,15.5,0.958,,2,5.3,0.42,0.396,desktop,bronze,1
18,9,17.4,0.077,156.53,1,8.7,0.195,0.898,mobile,platinum,0
105,1,8.0,0.816,1.76,1,1.7,0.618,0.228,tablet,silver,1
132,3,7.5,0.659,204.39,1,4.9,0.452,0.511,tablet,bronze,0
18,6,15.4,0.016,177.53,0,13.7,0.323,0.536,mobile,gold,0
16,2,12.8,0.559,52.03,1,,0.407,0.301,desktop,gold,1
1,9,14.9,,44.53,0,9.0,0.325,0.805,mobile,gold,0
27,7,16.0,0.215,412.97,0,14.3,0.34,0.429,desktop,silver,0
151,2,3.6,0.946,89.76,2,1.0,0.272,0.026,tablet,bronze,1
179,2,4.8,,0.05,0,2.6,0.684,0.247,mobile,bronze,0
10,11,22.8,0.248,1868.68,0,5.4,0.515,0.723,mobile,silver,0
17,4,14.4,0.544,1527.49,1,12.5,0.373,0.604,mobile,silver,1
267,0,0.5,0.469,5.59,2,6.4,0.547,0.521,desktop,silver,1
9,1,1.4,0.7,38.52,5,3.4,0.367,0.31,desktop,gold,0
23,2,4.1,0.715,35.74,1,5.9,0.559,0.603,tablet,bronze,1
131,1,7.5,0.159,54.45,0,4.9,0.711,0.397,mobile,silver,0
29,4,10.6,0.292,,0,4.7,0.237,0.749,tablet,gold,0
59,3,5.8,0.647,,2,5.4,0.318,0.016,mobile,bronze,1
158,1,3.7,0.758,3.43,1,4.4,0.415,0.097,desktop,silver,0
138,2,0.5,0.515,1.41,3,2.5,0.59,0.581,mobile,bronze,0
11,0,5.8,0.41,106.96,2,5.6,0.336,0.412,mobile,silver,0
32,2,0.7,0.794,79.61,0,1.9,0.493,0.027,mobile,bronze,0
1,5,21.9,0.348,1463.84,0,10.6,0.588,0.748,desktop,bronze,0
63,4,1.4,0.761,80.15,2,2.8,0.7,0.184,desktop,silver,0
21,5,22.6,0.641,361.88,0,,0.723,0.869,mobile,silver,1
7,6,15.8,0.237,462.75,0,10.3,0.139,0.73,mobile,silver,0
9,4,9.3,0.541,,0,7.5,0.256,0.73,desktop,bronze,0
365,1,1.4,0.607,62.17,6,1.9,0.522,0.013,desktop,bronze,1
50,2,4.3,0.726,59.05,5,1.8,0.492,0.197,mobile,bronze,1
49,1,6.7,0.655,111.0,2,4.4,0.771,0.022,mobile,bronze,0
68,3,4.4,0.765,101.35,0,7.5,0.346,0.619,mobile,bronze,1
40,1,8.9,0.385,215.84,2,3.6,0.47,0.588,mobile,bronze,1
160,14,20.3,0.047,583.82,0,13.0,0.367,0.554,mobile,silver,0
3,8,17.0,0.197,2429.93,0,8.4,0.303,0.468,desktop,platinum,0
29,6,23.6,0.164,747.85,0,9.8,0.296,0.65,tablet,silver,0
187,3,2.0,0.885,107.23,4,3.4,0.441,0.008,mobile,bronze,1
23,1,5.9,0.081,147.6,1,8.2,0.546,0.472,mobile,bronze,1
41,9,20.7,0.387,775.37,1,9.4,0.08,0.913,mobile,platinum,0
39,3,16.6,0.026,488.94,0,16.3,0.37,0.558,mobile,gold,1
10,10,17.0,0.12,,1,10.3,0.188,0.718,desktop,gold,0
55,2,0.5,0.792,32.69,4,,0.269,0.014,desktop,bronze,0
176,2,2.4,0.652,16.07,2,3.6,0.596,0.126,mobile,silver,1
38,8,29.0,0.031,1133.26,1,17.5,0.496,0.855,desktop,silver,0
61,1,2.3,0.704,23.67,3,3.9,0.232,0.114,desktop,bronze,1
14,5,13.5,0.126,602.23,0,16.1,0.32,0.574,mobile,silver,0
62,2,4.4,0.624,,4,1.7,0.709,0.191,mobile,bronze,1
8,7,27.3,0.298,601.92,0,13.7,0.494,0.65,desktop,gold,1
79,2,6.9,0.944,24.34,5,4.3,0.389,0.091,mobile,bronze,0
3,5,11.3,0.364,1998.13,0,12.1,0.081,,desktop,gold,0
3,7,19.2,0.585,480.28,0,11.2,0.449,0.419,mobile,gold,0
10,0,2.6,0.823,15.56,1,1.7,0.477,0.315,mobile,bronze,1
21,14,9.6,0.221,739.59,0,15.6,0.219,0.794,mobile,bronze,0
4,10,19.6,0.27,661.74,0,13.6,0.408,0.871,mobile,silver,0
9,9,21.1,0.082,1515.79,0,12.5,0.109,0.652,mobile,silver,0
1,4,11.2,0.628,0.7,0,,0.266,0.319,mobile,gold,0
5,8,18.8,,50.16,0,14.9,0.445,,desktop,silver,0
227,0,4.7,0.692,7.86,4,4.6,0.619,0.112,tablet,silver,1
40,0,6.1,0.834,38.93,0,2.2,0.548,0.118,desktop,silver,0
365,1,1.5,0.608,16.87,3,2.5,0.556,,mobile,bronze,0
55,11,16.4,0.043,8.69,0,7.4,0.447,0.745,tablet,silver,1
19,1,3.9,0.791,64.07,6,2.0,0.491,0.09,mobile,bronze,1
12,8,20.6,,1462.31,0,7.4,0.078,0.413,mobile,gold,0
16,10,22.9,0.06,283.48,0,14.3,0.336,0.678,desktop,gold,0
23,10,19.4,0.214,158.17,0,12.4,0.19,0.529,tablet,platinum,1
17,10,22.0,0.016,576.38,0,14.8,0.075,0.863,desktop,platinum,0
365,1,4.8,,39.87,2,2.7,0.769,0.335,mobile,bronze,1
5,0,2.0,0.713,8.08,2,5.3,0.685,0.093,mobile,gold,1
7,10,19.8,0.299,818.5,0,9.3,0.48,0.536,desktop,silver,0
4,9,19.6,0.046,,0,14.1,0.181,0.535,desktop,silver,1
1,4,13.9,0.068,,1,9.4,0.224,0.775,mobile,platinum,1
1,8,21.7,0.113,295.58,0,11.8,0.53,0.91,mobile,gold,0
131,1,5.6,0.562,17.29,1,2.2,0.788,0.051,desktop,bronze,1
45,2,1.2,0.695,33.75,0,8.4,0.633,0.405,mobile,bronze,0
21,5,9.3,0.313,337.05,0,9.2,0.347,0.532,mobile,platinum,0
19,4,18.0,0.002,593.06,0,,0.593,0.731,desktop,gold,0
73,1,4.9,0.408,21.4,3,3.5,0.708,0.002,mobile,gold,1
13,12,23.2,0.158,245.63,0,9.8,0.307,0.689,desktop,gold,1
40,6,23.3,0.345,1340.55,0,11.5,0.088,0.576,desktop,gold,1
138,2,2.4,0.525,45.65,4,1.1,0.516,0.053,mobile,bronze,1
51,5,11.2,,155.81,0,6.8,0.378,0.847,mobile,bronze,0
173,1,6.7,0.633,1.8,2,4.1,0.385,0.236,desktop,bronze,1
82,0,3.7,0.534,140.25,2,6.0,0.654,0.526,desktop,bronze,1
16,12,14.2,0.137,204.9,0,13.1,0.479,0.505,mobile,platinum,1
125,1,0.6,0.497,2.72,1,4.8,0.497,0.231,desktop,gold,0
2,13,19.0,0.086,915.8,0,15.2,0.281,0.752,desktop,platinum,1
38,0,9.1,0.53,17.46,0,12.3,0.488,0.189,desktop,gold,0
7,12,15.3,0.07,445.38,0,12.7,0.3,0.537,tablet,platinum,0
220,2,9.7,0.567,6.22,2,8.6,0.453,0.218,mobile,gold,0
59,8,,0.072,708.29,0,10.5,0.308,0.205,desktop,bronze,1
20,10,,0.124,862.74,0,9.7,0.116,0.565,desktop,platinum,0
3,0,11.7,0.503,18.29,1,7.8,0.428,0.59,mobile,bronze,1
118,1,,0.6,54.71,2,1.9,0.769,0.031,desktop,bronze,1
8,6,,,264.22,0,9.1,0.187,0.644,mobile,gold,0
195,0,3.1,0.796,,1,2.0,0.669,0.158,mobile,bronze,1
24,3,,0.332,14.16,2,3.5,0.363,0.497,desktop,bronze,0
29,2,8.3,0.715,156.77,1,4.6,0.45,0.338,mobile,silver,0
83,1,1.7,0.664,3.87,3,2.4,0.306,0.137,mobile,silver,1
41,11,12.1,0.369,929.9,0,16.5,0.213,0.683,desktop,gold,0
47,1,4.4,0.473,175.21,0,7.0,0.407,0.41,tablet,platinum,0
17,3,0.7,0.959,12.2,2,,0.891,0.04,mobile,bronze,1
53,5,23.9,0.389,174.73,0,11.2,0.19,0.749,mobile,platinum,0
300,1,6.8,0.219,357.15,2,7.0,0.721,0.6,mobile,bronze,1
11,0,3.3,0.706,20.76,2,3.9,0.34,0.082,desktop,gold,0
24,11,17.6,,1259.26,0,13.7,0.239,0.611,desktop,gold,0
230,1,0.5,0.455,1.03,3,3.3,0.567,0.148,desktop,bronze,0
7,1,8.3,0.626,15.73,1,1.7,0.816,0.13,desktop,bronze,1
34,0,7.2,0.244,21.76,2,3.9,0.535,0.412,mobile,silver,0
99,2,6.5,0.442,45.92,0,4.8,0.398,0.201,desktop,bronze,1
16,7,20.7,0.02,944.82,0,9.0,0.142,0.662,mobile,gold,1
72,2,3.3,0.605,33.24,1,4.5,0.504,0.432,desktop,bronze,1
82,0,14.1,0.675,157.97,1,1.5,0.444,0.199,mobile,silver,1
35,7,19.6,0.189,184.54,0,8.8,0.162,0.289,mobile,gold,0
125,2,9.4,0.711,39.38,2,3.7,0.349,,mobile,bronze,1
117,2,3.0,0.73,,3,3.2,0.792,0.262,mobile,bronze,0
1,8,12.7,0.205,765.81,0,16.9,0.317,0.697,mobile,gold,0
186,0,3.8,0.93,107.82,9,1.3,0.532,0.144,desktop,bronze,0
31,1,1.3,0.812,22.62,2,1.4,0.699,0.336,desktop,bronze,1
122,1,0.9,0.54,11.0,1,2.9,0.414,,mobile,bronze,1
58,6,22.7,0.029,347.81,0,13.3,0.492,0.821,desktop,silver,0
18,9,16.6,0.334,441.34,0,10.4,0.231,0.337,desktop,silver,1
5,6,18.2,0.395,78.51,0,12.5,0.096,0.899,desktop,gold,1
16,1,3.8,0.796,91.23,6,2.0,0.664,0.064,desktop,silver,0
29,11,,0.073,72.33,0,13.8,0.157,0.727,desktop,bronze,0
17,7,17.0,0.313,96.53,1,18.6,0.088,0.756,tablet,silver,0
23,10,19.0,0.025,1935.54,1,13.3,0.218,,mobile,gold,0
51,12,16.1,0.017,567.05,0,13.1,0.366,0.523,mobile,bronze,0
24,8,14.6,0.159,362.62,1,12.6,0.536,,desktop,gold,0
26,2,1.4,,19.66,2,6.4,0.409,0.395,desktop,bronze,0
24,12,15.5,0.269,492.46,1,8.5,0.228,0.499,desktop,bronze,0
13,1,5.3,0.617,74.4,1,5.0,0.296,0.434,desktop,bronze,0
84,0,,0.627,19.73,3,1.0,0.605,0.32,mobile,bronze,1
50,4,11.1,0.618,34.69,0,1.2,0.28,0.618,desktop,gold,0
330,0,4.2,0.233,23.8,3,,0.116,0.108,mobile,bronze,1
85,6,7.0,0.507,47.36,2,2.5,0.377,0.277,mobile,platinum,0
2,3,17.6,,287.26,1,8.9,0.141,0.725,mobile,silver,1
58,4,6.6,0.408,47.21,0,6.7,0.391,0.651,mobile,bronze,0
32,2,10.0,0.061,72.44,0,8.1,0.171,0.543,desktop,bronze,0
110,1,9.3,0.581,12.16,0,4.6,0.584,0.507,tablet,gold,1
8,14,17.7,0.131,718.88,0,12.9,0.069,0.485,mobile,silver,0
18,7,8.7,0.019,380.34,0,16.7,0.121,0.849,desktop,gold,0
55,9,13.9,,724.63,1,14.4,0.22,,desktop,gold,0
3,7,12.9,0.004,621.49,0,,0.072,0.784,desktop,platinum,0
25,6,23.0,0.075,657.57,0,,0.152,0.55,tablet,bronze,1
27,3,8.5,,64.08,0,3.9,0.323,0.048,desktop,silver,1
8,4,11.2,0.336,41.42,0,5.4,0.319,0.172,desktop,bronze,1
39,8,19.3,0.061,1671.89,0,12.3,0.039,0.638,desktop,gold,0
33,5,16.9,0.31,520.66,0,11.7,0.386,0.578,desktop,gold,0
1,12,25.6,0.303,1809.15,0,12.2,0.382,0.835,tablet,silver,0
1,9,19.1,0.345,31.9,1,12.9,0.42,0.439,desktop,gold,0
79,1,2.5,0.674,35.66,3,2.9,0.865,0.03,mobile,bronze,1
48,1,4.0,0.675,48.41,3,6.1,0.491,0.041,mobile,gold,1
14,12,,0.156,309.88,0,4.6,0.202,0.904,mobile,gold,0
32,2,5.3,0.459,414.09,3,3.5,0.605,0.32,mobile,bronze,0
357,0,0.5,,74.74,3,3.6,0.652,0.112,mobile,silver,1
43,1,2.8,0.616,11.81,2,1.4,0.78,0.037,desktop,silver,0
22,2,,0.908,7.65,2,4.2,0.846,0.017,tablet,bronze,0
74,2,1.8,0.621,3.98,3,4.5,0.628,0.221,mobile,silver,1
125,1,12.1,0.679,60.11,0,9.7,0.423,0.202,mobile,bronze,1
15,5,19.4,0.143,165.64,1,7.9,0.104,0.762,mobile,bronze,0
10,7,16.3,0.018,487.82,0,,0.287,0.571,desktop,platinum,0
6,11,,0.015,1056.64,0,,0.284,0.241,desktop,bronze,0
96,0,6.7,0.483,8.53,1,1.7,0.488,0.137,mobile,silver,1
4,4,7.1,0.466,0.29,1,6.8,0.505,0.272,desktop,gold,0
111,7,14.9,0.182,1087.85,0,12.0,0.391,0.78,mobile,silver,0
365,1,0.7,0.49,107.17,4,,0.721,0.335,desktop,silver,1
9,7,11.7,0.398,143.85,1,14.3,0.146,0.628,mobile,platinum,1
280,1,4.6,,35.26,0,10.0,0.64,0.205,mobile,platinum,0
84,1,7.9,0.191,221.07,1,4.4,0.713,0.185,mobile,bronze,1
9,2,18.0,0.078,765.79,1,18.6,0.458,0.634,mobile,platinum,0
47,7,14.3,0.032,994.27,1,15.0,0.363,0.694,tablet,platinum,0
27,1,2.8,0.639,37.21,4,2.3,0.417,,mobile,bronze,1
62,5,5.7,0.585,10.18,0,8.2,0.423,0.443,desktop,bronze,0
2,1,4.6,0.695,1.81,3,1.0,0.359,0.282,mobile,bronze,1
19,5,11.0,0.775,75.11,2,5.1,0.584,0.145,mobile,silver,1
31,7,14.6,0.2,669.06,0,8.3,0.088,0.473,desktop,gold,0
1,5,29.8,0.277,136.19,0,13.4,0.302,0.497,desktop,bronze,0
8,7,12.8,0.378,1253.17,0,17.4,0.177,0.781,mobile,gold,0
27,1,3.7,0.851,31.44,2,4.0,0.577,0.104,mobile,bronze,0
162,2,3.9,0.747,26.6,2,2.0,0.901,0.014,desktop,silver,0
6,1,1.8,0.742,62.94,2,1.0,0.425,0.046,desktop,bronze,1
229,1,4.3,0.512,9.13,1,1.5,0.318,,tablet,gold,1
26,4,11.0,0.027,63.2,0,4.7,0.113,0.624,tablet,silver,1
90,9,,0.013,55.24,0,8.7,0.614,0.47,desktop,platinum,0
52,4,0.8,0.356,88.83,3,1.0,0.577,0.142,mobile,silver,1
2,2,5.7,0.34,67.15,0,8.8,0.342,0.381,desktop,bronze,0
46,2,10.0,0.338,64.01,0,2.9,0.719,0.435,mobile,silver,0
1,3,9.2,0.218,33.34,1,,0.208,0.129,mobile,bronze,0
90,3,4.6,0.67,115.07,0,6.7,0.577,0.382,tablet,bronze,0
23,2,4.7,0.828,9.52,4,4.7,0.763,0.12,desktop,silver,0
31,4,12.5,0.155,171.54,1,9.5,0.601,0.795,tablet,silver,1
15,14,16.6,0.027,88.86,1,11.9,0.455,0.731,desktop,gold,0
6,6,16.7,0.064,154.42,0,10.2,0.081,0.887,mobile,bronze,1
345,3,2.1,0.72,6.38,6,2.9,0.645,0.173,mobile,silver,1
30,0,7.4,0.533,27.09,2,6.5,0.067,0.188,mobile,bronze,0
56,2,0.5,0.708,26.68,1,1.6,0.38,0.023,desktop,silver,0
308,1,2.8,0.672,49.43,3,5.1,0.4,0.534,desktop,silver,1
11,9,18.5,0.113,668.17,1,12.4,0.123,0.794,tablet,gold,1
16,7,,,621.99,0,13.3,0.349,0.262,desktop,silver,0
41,8,22.4,0.003,396.28,0,9.1,0.274,,desktop,silver,0
129,2,6.2,0.958,139.17,2,1.7,0.669,0.064,mobile,bronze,0
25,2,,0.65,301.37,1,4.8,0.545,0.767,mobile,bronze,0
36,2,2.1,0.557,41.06,2,3.5,0.659,0.264,desktop,bronze,1
133,4,0.5,0.898,49.68,1,,0.598,0.024,desktop,silver,1
106,0,8.9,0.513,9.87,4,6.7,0.528,0.45,tablet,silver,1
68,0,6.6,0.28,0.2,1,4.5,0.395,0.854,mobile,bronze,0
16,3,8.4,0.406,201.55,2,6.4,0.439,0.69,tablet,gold,0
28,1,6.3,0.607,89.53,1,6.7,0.794,0.282,desktop,bronze,1
1,12,19.1,0.438,297.23,1,12.7,0.201,0.427,desktop,bronze,0
25,7,18.1,0.002,820.65,0,11.8,0.407,0.96,desktop,gold,0
85,2,2.8,0.838,6.9,3,2.6,0.446,0.115,mobile,bronze,1
10,7,,0.168,1116.99,0,4.1,0.316,0.54,mobile,silver,0
11,17,23.9,0.084,413.12,0,19.8,0.216,0.633,desktop,platinum,0
40,2,3.0,0.758,69.14,5,4.2,0.533,,mobile,bronze,0
29,6,17.8,0.073,1702.45,1,16.3,0.209,0.808,mobile,gold,0
6,11,16.7,0.071,366.25,1,10.2,0.145,0.285,mobile,gold,1
93,1,2.8,0.385,4.03,3,1.8,0.419,0.144,mobile,gold,1
9,1,2.6,0.832,101.31,4,5.7,0.557,0.028,mobile,bronze,1
16,10,16.9,0.135,147.69,0,12.3,0.101,0.886,mobile,platinum,0
12,1,1.1,0.59,25.68,1,3.9,0.76,0.315,mobile,silver,0
33,1,3.4,0.365,66.96,1,8.8,0.591,0.36,desktop,bronze,0
46,10,24.0,,698.07,0,16.2,0.442,0.635,mobile,silver,0
23,7,27.7,,3387.09,0,8.6,0.193,0.609,desktop,gold,1
85,4,17.4,0.13,173.08,0,13.7,0.206,0.464,desktop,silver,0
36,1,9.5,0.313,12.72,2,,0.192,0.541,tablet,bronze,0
56,11,16.0,0.027,131.84,0,11.0,0.313,0.674,tablet,platinum,0
4,9,17.5,0.048,1403.62,0,8.4,0.52,0.792,desktop,silver,1
29,9,20.0,0.035,340.6,0,10.7,0.244,0.095,desktop,bronze,0
183,0,,0.67,135.76,1,2.9,0.606,0.009,desktop,bronze,0
6,2,11.7,0.518,275.16,0,2.4,0.377,0.105,mobile,bronze,0
12,9,16.9,0.111,327.25,0,14.2,0.241,0.855,tablet,platinum,0
8,12,22.4,0.241,396.3,0,14.3,0.504,0.539,desktop,gold,0
26,6,6.3,0.65,73.86,1,7.3,0.405,0.573,mobile,silver,1
131,3,9.9,0.125,166.74,2,5.7,0.495,0.549,desktop,bronze,1
1,8,,0.136,232.19,0,11.3,0.185,,desktop,gold,0
48,3,5.3,0.725,22.85,2,5.1,0.676,0.504,mobile,bronze,0
9,7,19.3,0.299,310.17,0,15.0,0.337,0.501,desktop,platinum,0
10,14,17.7,0.126,190.83,0,,0.394,0.661,desktop,platinum,0
35,6,17.0,0.183,56.9,0,5.1,0.705,0.956,tablet,gold,0
7,15,23.8,0.135,281.06,1,7.6,0.355,0.509,desktop,bronze,0
163,1,4.0,0.76,15.62,0,1.5,0.56,,tablet,gold,1
4,3,5.1,0.554,15.67,1,6.1,0.563,0.207,tablet,silver,1
17,2,10.0,0.35,60.08,0,3.4,0.577,0.255,desktop,bronze,0
217,1,0.5,0.859,12.56,2,2.7,0.492,0.089,tablet,bronze,0
46,4,12.5,0.695,168.06,1,3.5,0.485,0.35,mobile,gold,0
43,0,2.9,0.979,3.03,6,4.1,0.742,0.309,mobile,bronze,0
36,12,22.0,0.211,127.87,0,12.4,0.057,0.745,mobile,gold,0
28,13,23.4,0.411,642.83,0,13.3,0.491,0.571,desktop,silver,1
35,0,4.3,0.859,63.94,4,2.5,0.449,0.31,desktop,silver,1
107,1,9.8,0.261,12.77,0,8.3,0.704,0.135,mobile,bronze,0
38,2,,0.807,37.64,0,7.0,0.588,0.783,tablet,silver,1
4,7,22.1,0.082,86.55,0,14.1,0.172,0.284,tablet,silver,0
6,1,4.4,0.644,67.2,2,4.1,0.421,0.066,desktop,bronze,1
18,2,3.5,0.592,10.12,1,6.7,0.585,0.012,mobile,silver,1
37,8,23.0,0.064,68.81,0,15.0,0.48,0.852,mobile,silver,0
63,2,9.4,0.572,19.72,0,7.3,0.153,0.164,desktop,bronze,1
57,9,19.7,0.009,,0,12.5,0.536,0.641,mobile,gold,0
217,0,3.3,0.72,21.36,2,5.3,0.473,0.009,desktop,bronze,0
56,8,14.8,0.126,,0,12.8,0.236,0.601,desktop,gold,0
16,4,21.7,0.1,69.54,1,,0.573,0.832,mobile,platinum,0
18,7,12.2,0.086,1134.56,0,10.8,0.483,0.64,mobile,gold,1
22,3,2.4,0.814,10.02,2,4.5,0.648,0.381,mobile,bronze,0
20,8,19.3,0.081,179.32,1,2.9,0.113,0.684,mobile,silver,1
1,6,15.8,0.187,1504.87,0,16.1,0.146,0.818,mobile,gold,0
116,0,10.2,0.521,42.52,1,6.5,0.153,0.443,tablet,bronze,0
47,9,11.5,0.111,,0,13.2,0.446,0.73,mobile,gold,0
31,6,17.3,0.001,304.93,0,10.5,0.24,0.635,mobile,gold,0
19,1,8.0,0.115,25.72,1,5.8,0.665,0.111,desktop,bronze,0
2,0,3.5,0.733,36.8,3,4.2,0.599,0.297,mobile,silver,1
69,0,9.5,0.116,6.71,1,,0.153,0.167,tablet,silver,0
1,7,14.4,0.259,487.1,0,12.2,0.111,0.575,mobile,gold,1
42,0,4.8,0.726,172.83,3,1.1,0.508,0.021,mobile,gold,0
6,8,23.3,0.036,184.78,0,14.0,0.069,0.778,mobile,gold,0
20,5,7.9,0.258,162.02,1,13.2,0.24,0.938,desktop,platinum,0
143,2,7.3,0.536,16.06,1,3.5,0.72,0.069,tablet,bronze,1
3,9,9.7,0.209,301.75,0,11.1,0.207,0.366,desktop,silver,1
4,9,8.3,0.451,362.25,1,14.1,0.111,0.426,desktop,gold,0
19,12,16.9,0.015,897.3,0,11.6,0.069,0.759,mobile,bronze,0
141,3,2.8,0.914,10.32,0,2.1,0.229,0.197,mobile,silver,0
46,3,13.4,0.535,49.6,2,7.4,0.34,0.584,mobile,bronze,0
74,1,6.7,0.287,99.56,1,7.9,0.621,0.7,tablet,bronze,1
3,3,13.7,0.43,57.47,0,9.2,0.436,0.388,mobile,gold,0
13,5,19.3,0.075,1117.38,0,10.9,0.47,0.464,desktop,platinum,1
9,1,,0.933,20.12,2,4.4,0.468,0.101,mobile,bronze,1
5,6,23.2,0.067,2004.55,2,,0.089,0.76,desktop,silver,0
61,1,5.6,0.837,3.41,6,2.6,0.786,0.392,desktop,silver,0
303,3,4.6,0.645,3.28,4,4.3,0.457,0.112,desktop,bronze,1
28,14,10.3,0.33,312.08,1,12.4,0.197,0.885,mobile,gold,0
46,7,23.3,0.412,308.44,1,12.7,0.224,0.32,tablet,silver,0
49,10,21.9,0.063,101.02,0,15.8,0.126,0.583,mobile,silver,0
29,3,18.6,0.367,513.58,1,12.8,0.223,0.538,desktop,platinum,1
5,9,25.3,0.02,966.64,1,7.7,0.25,0.52,desktop,gold,1
61,1,0.5,0.784,30.73,1,1.0,0.454,0.087,desktop,bronze,1
24,2,8.4,,97.0,3,8.2,0.399,0.522,desktop,bronze,0
3,6,13.0,0.219,608.83,0,13.6,0.179,0.471,desktop,platinum,1
24,3,21.0,0.033,472.81,0,11.2,0.23,0.456,desktop,bronze,0
61,4,5.5,0.552,47.97,0,2.9,0.705,0.352,mobile,silver,1
1,10,24.7,,69.67,0,12.7,0.254,0.654,mobile,silver,0
36,8,19.3,0.409,421.14,0,14.8,0.197,0.212,desktop,gold,1
195,1,7.0,0.566,35.56,7,5.4,0.427,0.109,mobile,platinum,0
19,2,0.5,0.85,45.22,4,3.7,0.7,0.022,mobile,silver,0
22,9,,0.043,38.06,0,12.8,0.332,0.724,tablet,gold,0
11,9,19.5,,153.59,0,11.4,0.376,0.894,desktop,bronze,0
19,1,4.5,0.818,22.32,1,1.4,0.893,0.049,mobile,bronze,1
117,3,0.5,,282.44,0,5.5,0.442,0.625,desktop,silver,1
147,0,2.8,0.666,29.79,0,2.9,0.456,0.232,mobile,silver,1
28,8,18.6,0.029,686.33,0,10.1,0.175,0.712,mobile,silver,0
43,2,8.7,0.551,2.7,1,5.4,0.539,0.364,mobile,bronze,0
10,9,22.0,,146.01,0,8.6,0.126,0.857,desktop,silver,1
11,10,15.8,0.06,393.0,1,3.5,0.554,0.818,mobile,platinum,0
24,5,33.1,0.157,46.95,0,11.9,0.269,0.596,mobile,gold,0
365,0,4.9,0.72,43.83,2,3.4,0.464,0.226,mobile,bronze,0
5,2,2.3,0.625,30.0,2,6.1,0.326,0.235,mobile,bronze,1
11,4,13.5,0.135,24.71,0,,0.374,0.606,mobile,silver,1
9,1,8.3,0.567,16.75,0,,0.62,0.384,mobile,bronze,1
290,2,,0.949,29.81,1,3.5,0.374,,mobile,silver,0
96,2,4.3,,10.76,1,1.0,0.425,0.245,mobile,bronze,1
23,1,2.0,0.835,109.29,1,3.2,0.551,0.124,mobile,silver,0
4,6,13.3,0.198,220.25,0,10.7,0.338,0.577,mobile,silver,0
14,13,23.5,0.002,5.65,0,11.4,0.037,0.55,mobile,silver,0
6,0,9.1,0.69,440.79,2,7.1,0.568,0.208,desktop,silver,0
41,7,13.7,0.008,357.36,1,11.0,0.352,0.747,mobile,gold,0
36,0,7.3,0.156,197.71,2,3.9,0.279,0.707,desktop,bronze,0
269,0,4.6,0.868,68.74,3,3.4,0.588,0.082,mobile,gold,1
41,0,6.1,0.79,134.06,0,,0.319,0.66,mobile,bronze,0
41,13,17.4,0.446,114.74,0,17.5,0.269,0.913,tablet,bronze,0
3,7,15.8,0.631,,0,10.7,0.301,0.716,mobile,bronze,0
13,3,7.1,0.252,99.9,0,8.3,0.644,0.072,mobile,bronze,0
4,6,20.7,0.003,16.86,0,13.8,0.246,0.841,desktop,gold,0
29,8,12.4,0.474,2788.89,2,9.9,0.333,0.51,mobile,silver,0
21,1,0.9,0.512,1.77,6,1.0,0.628,0.286,mobile,gold,1
191,2,2.1,0.291,3.62,4,2.5,0.315,0.225,desktop,bronze,0
70,3,5.9,0.238,42.11,1,6.6,0.387,0.165,desktop,silver,0
38,7,16.9,0.352,800.49,1,12.5,0.142,0.791,desktop,platinum,1
16,10,22.0,0.034,329.02,0,9.9,0.283,0.672,mobile,platinum,0
25,6,20.3,0.258,34.14,0,14.8,0.199,,desktop,silver,0
49,1,3.1,0.934,37.1,0,1.8,0.775,0.143,mobile,bronze,1
2,1,0.5,0.828,9.52,1,5.0,0.508,0.202,desktop,silver,0
7,4,25.1,0.351,665.5,0,11.9,0.096,0.534,desktop,silver,1
60,4,21.4,0.116,240.71,2,10.2,0.347,0.892,desktop,platinum,1
115,1,0.5,0.861,6.84,4,5.1,0.165,0.048,mobile,platinum,1
9,12,23.3,0.069,904.79,0,12.0,0.181,0.905,desktop,gold,0
217,0,5.0,0.714,4.46,1,3.0,0.309,,mobile,bronze,0
6,8,16.6,0.264,2.25,0,12.8,0.68,0.635,desktop,platinum,1
15,3,4.1,0.657,52.1,3,2.8,0.675,0.074,desktop,silver,0
7,9,14.4,0.024,171.36,1,,0.473,0.72,desktop,platinum,0
18,6,31.8,0.234,241.59,1,13.3,0.35,0.855,desktop,platinum,1
11,9,17.1,0.1,554.73,0,9.5,0.34,0.488,mobile,gold,1
221,1,4.4,0.871,21.28,2,2.8,0.64,0.064,desktop,gold,1
83,1,2.4,0.575,322.09,1,2.3,0.573,0.02,mobile,bronze,0
22,9,22.6,0.149,843.32,0,10.6,0.505,0.568,desktop,gold,0
4,14,19.6,0.072,1385.1,1,13.1,0.387,0.913,desktop,gold,0
53,9,18.3,0.132,854.07,0,9.2,0.178,0.714,desktop,silver,0
122,0,6.5,0.663,48.23,3,4.1,0.627,0.062,mobile,bronze,1
3,6,21.6,0.602,1899.15,0,15.3,0.158,0.58,desktop,bronze,0
79,0,11.4,,93.11,0,5.2,0.541,0.591,mobile,bronze,0
16,4,16.8,0.273,449.63,0,16.1,0.215,0.882,mobile,silver,0
95,1,,0.617,193.35,2,4.3,0.491,0.33,mobile,gold,0
2,6,,0.012,233.21,0,7.8,0.312,0.782,desktop,silver,0
126,1,4.2,0.736,41.17,3,1.0,0.419,0.184,desktop,silver,0
35,4,5.6,0.49,46.7,2,4.8,0.703,0.156,mobile,silver,1
45,5,9.4,0.537,16.36,1,9.4,0.374,0.447,desktop,bronze,0
222,0,4.8,0.817,25.15,5,2.6,0.449,0.043,tablet,platinum,1
28,6,17.3,0.368,150.38,0,11.8,0.293,0.704,mobile,silver,1
6,9,14.2,0.077,95.95,0,14.2,0.413,0.522,desktop,silver,1
5,15,15.7,0.221,248.83,0,7.0,0.023,0.717,tablet,bronze,1
67,8,18.2,0.303,1.97,1,12.7,0.343,0.867,desktop,platinum,0
150,0,1.9,0.551,11.96,2,3.7,0.286,,desktop,silver,0
42,7,25.0,0.022,387.8,1,7.9,0.436,0.458,desktop,silver,0
4,10,19.5,0.097,593.46,0,12.1,0.167,0.827,desktop,gold,1
242,1,1.5,0.661,14.12,2,,0.51,0.05,desktop,silver,1
8,10,9.5,0.232,1860.11,0,10.6,0.197,0.806,desktop,silver,0
365,1,3.5,0.413,117.45,0,4.6,0.547,0.105,mobile,bronze,1
72,2,6.5,0.885,2.88,0,4.1,0.601,0.036,mobile,bronze,0
17,8,9.3,0.202,,1,4.8,0.28,0.957,tablet,silver,0
59,0,3.4,0.874,34.11,3,1.4,0.522,0.028,desktop,gold,0
16,14,15.9,0.278,115.86,0,11.8,0.748,0.408,desktop,bronze,0
26,4,21.5,0.104,644.0,1,12.6,0.649,0.781,mobile,silver,1
17,4,5.6,0.708,23.26,0,6.8,0.346,0.322,tablet,silver,1
255,2,4.1,0.569,82.72,2,2.2,0.545,0.003,mobile,bronze,1
51,0,0.5,0.832,81.42,2,,0.735,0.332,mobile,silver,1
10,2,4.3,0.779,18.44,2,2.1,0.561,0.006,desktop,bronze,0
21,6,13.7,0.407,306.85,0,10.9,0.11,0.525,desktop,gold,1
4,7,,0.215,3049.82,0,9.3,0.263,0.737,desktop,gold,0
183,0,5.5,0.82,131.56,1,1.9,0.92,0.05,mobile,bronze,0
59,3,10.9,0.404,15.46,1,4.0,0.33,0.633,tablet,bronze,0
79,1,3.5,0.92,12.44,4,4.2,0.587,0.198,desktop,bronze,1
2,9,19.7,,192.82,1,17.5,0.184,,desktop,gold,0
1,7,20.1,0.366,482.64,1,11.9,0.429,0.21,mobile,gold,0
53,1,6.0,0.862,69.52,2,8.9,0.698,,desktop,silver,1
61,9,,0.065,51.42,0,11.8,0.155,0.711,desktop,bronze,0
9,0,0.5,0.352,44.48,0,5.9,0.739,0.465,desktop,bronze,0
24,8,16.3,0.117,2358.41,1,15.3,0.416,0.887,mobile,gold,0
32,2,10.1,0.207,32.72,0,6.5,0.22,0.266,mobile,silver,0
53,4,1.7,0.818,1.11,2,3.9,0.567,0.414,desktop,silver,1
147,2,11.0,0.653,49.36,4,8.8,0.519,0.664,tablet,bronze,0
12,8,17.1,0.149,,0,8.5,0.279,0.625,desktop,silver,0
16,3,5.9,0.376,23.75,0,3.3,0.646,0.519,mobile,bronze,1
57,5,13.4,0.108,402.63,0,9.4,0.246,0.411,mobile,silver,1
30,8,22.8,0.219,1084.99,0,13.8,0.258,0.723,desktop,platinum,1
18,6,9.4,0.112,1134.18,0,11.9,0.467,0.838,desktop,silver,0
12,7,12.8,,251.24,0,16.1,0.404,0.868,mobile,platinum,0
125,0,3.2,0.818,73.99,6,4.0,0.287,0.182,mobile,bronze,1
3,0,8.4,0.892,12.67,2,2.4,0.795,0.084,mobile,silver,1
115,1,1.1,0.531,42.72,4,5.1,0.692,0.239,tablet,silver,1
85,1,2.4,0.859,145.6,1,3.2,0.817,0.044,desktop,silver,1
191,6,7.6,0.55,14.21,1,6.6,0.414,0.139,desktop,bronze,0
53,2,1.9,0.795,2.78,2,2.2,0.495,0.028,mobile,bronze,1
141,1,7.1,0.522,19.23,0,5.6,0.775,0.829,desktop,silver,0
7,6,16.9,0.255,14.77,0,5.4,0.318,0.825,mobile,silver,0
361,0,3.2,0.889,54.12,1,1.0,0.7,0.018,desktop,bronze,0
2,5,15.5,0.08,610.53,0,11.1,0.511,0.613,mobile,silver,0
36,9,16.0,0.417,469.07,0,10.7,0.363,0.412,desktop,silver,0
1,10,14.6,0.006,83.54,0,11.3,0.102,0.435,desktop,gold,0
35,11,,0.519,25.43,0,15.2,0.447,0.44,desktop,silver,0
3,7,21.1,0.047,799.2,0,10.5,0.298,0.685,mobile,gold,0
92,2,2.8,0.652,2.82,3,2.9,0.621,0.327,desktop,bronze,0
157,1,10.6,0.763,57.56,1,8.1,0.234,0.503,tablet,gold,1
62,2,12.2,0.34,58.44,2,5.6,0.346,0.341,mobile,silver,1
16,14,26.3,0.028,308.8,0,17.2,0.192,0.932,desktop,platinum,0
22,5,2.7,0.88,46.2,3,2.7,0.321,0.41,mobile,silver,1
3,8,16.2,0.207,207.91,0,8.0,0.408,0.912,desktop,silver,1
74,4,1.2,0.759,25.5,5,1.9,0.413,0.229,mobile,bronze,0
40,2,3.7,0.824,54.78,4,,0.657,0.268,desktop,bronze,1
34,0,4.0,0.676,125.92,3,2.4,0.549,0.166,mobile,gold,1
3,9,20.3,0.093,248.23,0,16.2,0.403,0.81,desktop,silver,0
83,3,7.5,0.315,110.13,0,6.1,0.559,0.09,mobile,silver,0
41,9,24.8,0.154,145.21,0,17.4,0.047,0.612,desktop,bronze,1
9,6,24.8,0.052,1678.86,0,13.3,0.522,0.54,tablet,bronze,1
60,8,17.8,0.549,157.38,0,9.4,0.209,0.61,mobile,platinum,0
58,9,,0.02,348.44,1,8.7,0.258,0.483,mobile,bronze,0
3,9,19.3,0.015,625.82,0,11.0,0.28,0.717,mobile,gold,0
49,1,4.9,0.436,33.28,1,5.7,0.336,,desktop,gold,1
148,0,5.9,0.912,36.15,8,2.8,0.842,0.5,desktop,gold,1
5,1,8.7,0.456,6.21,2,6.0,0.387,0.361,mobile,bronze,1
1,4,21.0,0.099,562.02,0,,0.544,0.499,mobile,gold,0
6,6,19.1,0.033,1343.78,0,10.7,0.072,0.9,desktop,platinum,0
18,8,20.9,0.189,733.43,0,7.4,0.638,0.751,tablet,platinum,0
32,3,17.0,0.354,440.56,0,16.8,0.255,0.896,mobile,gold,0
244,3,8.5,0.521,16.68,0,6.6,0.575,0.043,mobile,bronze,1
3,7,12.1,0.453,26.57,1,6.7,0.627,0.316,mobile,bronze,0
51,8,24.7,0.278,532.07,1,14.4,0.083,0.906,mobile,gold,1
348,2,1.2,0.744,77.31,3,3.1,0.813,0.19,mobile,silver,0
17,9,,0.003,27.96,1,11.6,0.37,0.435,desktop,platinum,0
26,1,1.7,0.799,147.33,1,8.5,0.537,0.63,tablet,bronze,0
75,0,5.6,0.924,4.5,4,2.8,0.71,0.01,mobile,silver,1
28,4,,0.724,804.46,0,12.0,0.097,0.182,desktop,gold,0
9,9,14.7,0.094,429.25,0,10.6,0.388,0.726,mobile,silver,0
5,8,20.6,0.201,903.2,0,13.9,0.206,0.667,tablet,gold,0
104,1,2.8,0.724,14.63,3,5.0,0.761,0.08,mobile,silver,0
10,8,10.9,0.021,772.97,1,14.7,0.233,0.448,mobile,silver,0
17,2,5.7,0.824,151.21,1,5.4,0.607,0.544,desktop,bronze,0
84,2,6.0,0.697,72.36,3,1.4,0.489,0.193,tablet,bronze,0
212,2,0.5,0.713,15.31,0,1.1,0.606,0.11,desktop,bronze,1
53,3,9.5,0.547,56.45,0,5.6,0.248,0.403,desktop,bronze,0
49,3,2.8,0.701,7.48,3,3.1,0.379,0.154,mobile,bronze,1
31,0,4.3,0.366,187.58,0,6.8,0.407,0.602,mobile,silver,0
11,11,15.8,0.007,32.91,1,13.7,0.418,0.572,mobile,silver,0
28,0,2.7,0.73,63.8,3,5.7,0.484,0.198,desktop,bronze,0
13,2,9.9,0.599,77.06,0,6.1,0.482,0.308,mobile,bronze,1
27,8,15.6,0.085,464.99,0,15.0,0.115,0.581,mobile,silver,1
12,6,21.3,0.05,1229.85,0,17.1,0.094,0.962,mobile,gold,0
5,11,15.4,0.031,37.33,0,12.5,0.497,0.667,tablet,gold,0
4,6,5.9,0.029,242.07,1,14.7,0.27,0.882,tablet,gold,0
110,1,3.8,0.646,39.81,2,1.1,0.319,0.128,tablet,bronze,0
28,9,26.1,0.249,480.65,0,15.1,0.251,0.496,desktop,platinum,0
44,2,4.4,0.677,263.92,1,8.1,0.46,0.077,tablet,bronze,0
33,1,2.2,0.862,51.52,1,2.2,0.69,0.087,desktop,silver,0
6,10,10.7,0.302,817.71,0,16.1,0.229,0.709,desktop,bronze,0
13,11,20.9,0.241,1464.76,1,9.2,0.142,0.607,desktop,gold,0
1,9,15.9,0.052,1207.39,0,11.2,0.129,0.628,tablet,bronze,0
162,0,1.8,0.957,15.35,5,4.0,0.763,,tablet,bronze,1
25,2,11.8,0.599,218.47,1,8.3,0.538,0.068,mobile,bronze,0
10,5,9.6,0.122,189.33,0,7.5,0.431,0.728,desktop,gold,0
11,0,4.2,0.686,6.7,5,3.1,0.474,,mobile,bronze,1
64,2,1.7,0.482,1.97,1,3.9,0.671,0.075,mobile,gold,0
166,1,0.5,0.667,,4,2.7,0.652,0.013,mobile,bronze,1
18,5,8.6,0.234,680.69,0,9.6,0.532,0.509,mobile,platinum,0
31,11,17.3,0.002,1185.96,0,6.2,0.439,0.61,mobile,silver,1
39,3,6.4,0.439,0.77,1,5.0,0.647,0.276,mobile,bronze,0
28,6,16.0,0.283,154.36,1,10.3,0.244,0.803,desktop,platinum,0
47,1,1.5,0.798,27.78,4,5.5,0.37,0.06,desktop,bronze,1
7,11,15.0,0.035,334.06,0,10.0,0.266,0.361,mobile,bronze,0
15,9,17.3,0.028,216.25,0,13.8,0.418,0.484,mobile,platinum,1
138,1,1.9,0.615,102.1,2,6.7,0.472,0.136,mobile,bronze,1
256,1,0.8,0.638,1.26,2,2.5,0.804,0.099,desktop,bronze,1
27,1,4.0,0.922,25.27,1,5.5,0.48,0.208,desktop,bronze,0
10,11,12.0,0.352,276.43,0,17.0,0.496,0.691,mobile,platinum,0
36,15,23.7,0.292,754.41,1,5.9,0.15,0.971,tablet,silver,0
17,13,15.6,0.054,371.93,0,14.8,0.425,0.433,desktop,bronze,0
16,3,6.5,0.419,27.46,0,5.4,0.192,0.253,mobile,silver,1
13,4,6.6,0.807,77.68,0,2.5,0.649,0.576,tablet,bronze,1
14,4,8.3,,85.71,0,,0.232,0.634,desktop,gold,0
138,0,2.5,0.401,34.5,1,4.2,0.359,0.628,mobile,bronze,0
5,4,1.9,0.684,53.47,2,5.4,0.536,0.199,tablet,bronze,1
52,3,3.2,0.617,41.25,2,3.9,0.532,0.232,tablet,gold,1
233,0,3.2,0.573,71.63,2,2.9,0.572,0.564,mobile,bronze,0
60,0,2.7,0.618,31.0,2,2.6,0.166,0.035,mobile,silver,1
10,8,15.2,0.141,1024.28,0,12.5,0.061,0.7,mobile,gold,1
30,0,8.4,0.78,176.91,0,4.8,0.462,0.322,desktop,bronze,0
58,1,4.0,0.79,110.39,3,1.1,0.357,0.044,desktop,bronze,0
296,0,3.1,0.84,9.52,2,4.1,0.593,0.435,mobile,bronze,0
28,9,,0.024,662.22,0,9.7,0.421,0.577,desktop,silver,0
25,2,8.9,0.619,138.5,0,8.5,0.234,0.77,desktop,bronze,1
24,4,15.1,0.112,56.11,1,17.9,0.139,0.774,desktop,platinum,1
6,7,19.5,0.323,59.2,2,8.8,0.137,,mobile,platinum,1
7,1,5.9,0.868,40.71,3,4.7,0.562,0.352,desktop,gold,0
36,2,3.8,0.909,6.74,1,1.9,0.868,0.106,mobile,bronze,0
44,0,8.6,,156.5,1,6.5,0.565,0.366,tablet,bronze,0
68,1,7.1,0.154,121.19,2,9.4,0.392,,mobile,platinum,0
353,1,0.5,0.608,4.0,1,1.8,0.553,0.273,mobile,silver,0
54,2,10.4,0.504,7.52,3,6.8,0.449,0.601,desktop,silver,1
1,8,12.0,0.086,330.41,0,,0.263,0.585,desktop,gold,1
54,1,9.5,0.685,8.42,2,5.8,0.447,0.323,mobile,bronze,1
4,7,,0.053,356.23,0,11.1,0.189,0.75,desktop,platinum,0
19,10,,0.014,1411.43,0,13.1,0.411,0.676,mobile,gold,0
77,11,11.6,0.015,17.22,0,9.8,0.073,0.552,desktop,silver,0
12,9,22.3,0.168,159.37,0,9.5,0.125,0.465,mobile,silver,0
178,3,2.5,0.891,25.11,4,4.1,0.649,0.096,tablet,bronze,1
99,0,5.5,0.905,31.5,2,1.0,0.691,0.014,desktop,silver,1
13,6,12.7,0.489,255.33,1,,0.222,0.731,desktop,bronze,0
53,8,14.3,0.036,,0,14.9,0.449,0.931,mobile,gold,0
16,1,3.4,0.808,1.6,3,4.9,0.587,0.171,mobile,bronze,1
30,10,17.9,0.11,39.82,0,16.5,0.182,0.76,mobile,gold,0
30,3,12.4,0.563,44.15,3,3.3,0.436,0.149,desktop,bronze,1
2,3,4.9,0.49,53.97,0,5.4,0.477,0.003,desktop,gold,1
5,6,17.1,0.449,293.18,0,12.5,0.127,0.838,mobile,platinum,0
11,10,14.2,0.216,246.47,0,11.9,0.289,0.49,mobile,platinum,0
5,5,7.7,0.476,,0,5.9,0.548,0.814,mobile,gold,1
92,0,2.6,0.838,20.41,3,1.6,0.704,0.318,mobile,bronze,1
45,4,21.9,0.091,334.79,0,9.8,0.3,0.895,desktop,silver,0
116,2,8.8,0.48,40.93,0,5.4,0.314,0.163,mobile,platinum,0
142,3,7.3,0.399,134.23,2,8.3,0.541,,mobile,silver,1
39,9,20.8,0.06,58.03,1,8.5,0.247,0.628,desktop,bronze,0
3,3,12.2,0.423,,2,13.2,0.411,0.852,mobile,gold,1
19,15,19.2,0.377,89.31,1,14.0,0.439,0.776,mobile,gold,0
1,2,9.6,0.215,67.7,1,2.7,0.495,0.884,desktop,platinum,0
10,5,22.8,0.069,559.38,0,8.7,0.293,0.521,desktop,platinum,0
284,0,2.8,0.437,,5,6.0,0.431,0.599,desktop,silver,1
268,3,6.4,0.437,40.06,1,6.4,0.515,,mobile,gold,0
11,7,,0.095,81.72,0,8.6,0.521,0.631,desktop,silver,0
7,8,20.0,0.107,,0,14.1,0.59,0.425,desktop,platinum,0
5,0,6.1,0.627,33.3,0,2.7,0.576,0.096,mobile,silver,0
40,9,19.8,0.212,205.79,1,19.4,0.303,0.816,desktop,silver,1
5,10,20.4,0.209,267.6,0,11.4,0.384,0.767,desktop,gold,0
1,6,27.5,0.006,142.55,0,6.6,0.29,0.972,mobile,bronze,0
356,0,0.5,0.438,59.44,0,3.5,0.665,,desktop,bronze,0
8,10,14.0,0.011,37.0,1,,0.084,0.476,desktop,gold,0
15,3,11.1,0.231,40.98,0,4.5,0.723,0.629,mobile,bronze,0
6,0,1.7,0.49,75.48,0,1.0,0.63,0.002,mobile,bronze,0
39,3,11.4,0.405,134.71,2,10.1,0.587,0.562,mobile,gold,0
23,8,18.2,0.035,429.02,0,7.9,0.081,0.773,mobile,platinum,0
78,3,9.2,0.653,11.48,0,6.9,0.754,0.261,mobile,bronze,0
38,12,21.9,0.079,711.87,0,8.6,0.41,0.686,mobile,silver,0
1,7,19.1,0.379,403.24,0,10.0,0.08,0.782,mobile,gold,1
4,10,28.8,0.199,754.13,0,12.0,0.552,0.559,mobile,bronze,0
20,2,10.5,0.258,,0,3.6,0.423,0.468,mobile,bronze,1
11,9,22.9,0.068,1276.92,1,9.6,0.416,0.603,desktop,gold,0
24,7,14.3,0.186,,0,11.4,0.425,0.885,desktop,bronze,0
4,4,10.7,0.127,72.66,0,10.0,0.341,0.734,desktop,gold,1
5,1,6.6,0.523,,2,8.4,0.59,0.366,mobile,bronze,0
25,5,22.3,0.26,1322.43,0,16.2,0.117,0.765,tablet,bronze,0
7,9,15.1,0.16,,0,15.4,0.115,0.458,desktop,gold,0
35,7,18.6,0.33,1096.56,0,14.8,0.459,0.678,mobile,gold,0
27,2,5.3,0.869,6.89,0,8.3,0.31,0.215,tablet,bronze,1
79,2,5.2,0.553,,5,3.7,0.397,0.198,mobile,bronze,0
16,8,24.2,0.075,,0,13.8,0.132,0.687,tablet,platinum,0
1,2,2.5,0.473,7.35,3,3.6,0.42,0.119,desktop,bronze,1
3,5,24.1,0.134,288.11,0,4.5,0.431,0.622,mobile,silver,1
10,8,11.3,0.129,173.13,0,18.1,0.205,0.85,mobile,silver,0
8,7,5.2,0.439,64.94,1,12.9,0.404,0.827,desktop,silver,0
10,10,11.8,0.157,1647.02,0,11.4,0.61,0.556,desktop,gold,0
28,3,,,107.56,0,8.3,0.33,0.603,mobile,bronze,0
13,7,16.7,,548.07,2,8.6,0.396,0.632,desktop,silver,0
111,1,3.0,,50.81,4,2.5,0.685,0.018,mobile,bronze,1
6,11,9.6,0.081,129.62,0,9.5,0.343,0.441,mobile,platinum,0
63,1,4.4,0.469,28.47,1,,0.506,0.085,mobile,bronze,1
29,1,3.1,0.512,9.69,2,4.4,0.732,0.092,desktop,bronze,1
15,7,18.7,0.053,481.36,0,11.6,0.233,0.833,mobile,platinum,1
15,9,22.0,0.181,229.5,0,,0.225,0.681,mobile,platinum,0
1,12,14.4,0.158,13.04,0,,0.139,0.768,mobile,platinum,0
10,9,13.9,0.017,607.14,1,16.8,0.193,0.745,mobile,bronze,0
6,16,13.1,0.154,602.08,0,12.3,0.418,0.582,mobile,platinum,1
130,1,5.5,0.576,18.86,2,4.9,0.232,0.105,desktop,gold,1
7,10,16.7,0.023,618.09,0,10.8,0.167,0.752,desktop,gold,0
43,8,19.1,0.258,231.06,0,15.0,0.608,0.842,desktop,silver,0
77,0,1.2,0.974,13.38,2,3.1,0.676,0.359,tablet,bronze,1
8,10,10.1,0.615,160.87,0,8.4,0.335,0.818,tablet,gold,1
15,7,16.2,0.109,521.95,0,12.1,0.12,0.701,desktop,silver,1
36,9,21.2,0.081,268.36,0,8.2,0.174,0.94,desktop,gold,0
42,7,16.3,0.45,73.09,0,7.0,0.306,0.716,mobile,gold,1
3,8,16.4,0.111,1373.45,0,8.5,0.497,0.854,mobile,silver,0
8,9,10.5,0.281,141.86,0,11.0,0.159,0.567,desktop,gold,0
8,9,25.6,0.267,1379.28,0,7.6,0.053,,desktop,silver,0
127,3,3.4,0.712,117.96,1,6.9,0.273,0.172,mobile,bronze,1
18,5,23.6,0.345,105.22,0,14.3,0.038,0.287,mobile,silver,0
58,4,6.7,0.634,155.11,1,8.2,0.436,0.271,mobile,bronze,1
192,2,,0.667,104.41,2,1.7,0.858,,desktop,bronze,0
85,0,1.7,0.895,4.25,4,,0.579,0.012,mobile,bronze,1
31,0,2.7,0.726,18.99,5,,0.807,0.023,desktop,bronze,1
9,5,30.3,0.275,472.14,0,9.3,0.09,0.552,tablet,gold,0
155,2,3.9,0.73,1.52,0,7.1,0.245,0.233,mobile,bronze,0
365,0,6.5,0.834,154.72,5,1.3,0.883,0.082,desktop,bronze,1
7,1,9.1,0.281,10.54,2,4.1,0.529,0.456,mobile,bronze,0
30,0,3.7,0.552,28.6,7,4.3,0.786,0.194,desktop,bronze,1
92,3,4.3,0.569,84.02,0,7.2,0.517,0.094,mobile,platinum,0
4,9,17.9,0.119,95.99,0,9.5,0.707,0.598,desktop,gold,0
24,0,2.3,0.819,75.27,2,4.8,0.362,0.376,mobile,gold,0
16,5,27.8,0.02,406.54,0,17.5,0.297,0.674,mobile,platinum,0
365,1,0.5,0.521,3.3,1,3.5,0.772,0.165,mobile,bronze,1
3,1,4.6,0.59,75.99,2,2.1,0.629,0.008,desktop,bronze,1
36,14,18.8,0.106,521.21,0,9.2,0.245,0.628,mobile,bronze,0
6,1,,0.524,386.49,0,6.5,0.564,0.173,mobile,silver,1
23,8,20.6,0.055,433.69,0,15.1,0.408,0.755,desktop,gold,0
71,6,21.4,0.073,412.76,1,15.7,0.241,0.377,mobile,platinum,0
1,6,19.0,0.056,322.32,0,14.1,0.185,0.648,mobile,bronze,1
46,7,22.1,0.307,577.65,0,12.6,0.206,0.652,desktop,silver,0
1,1,3.4,0.784,129.49,2,1.5,0.784,0.093,mobile,silver,1
9,2,22.8,0.102,309.34,0,13.6,0.438,0.627,desktop,silver,0
34,1,4.9,0.708,,3,3.2,0.602,0.624,mobile,gold,1
132,4,0.6,0.797,58.37,7,1.3,0.275,0.346,tablet,bronze,0
14,6,18.6,0.124,82.95,0,9.7,0.362,0.439,mobile,silver,0
73,2,3.7,0.465,72.25,1,1.0,0.648,0.146,desktop,bronze,0
24,14,18.3,0.349,134.44,1,10.1,0.181,0.644,desktop,silver,0
35,5,20.8,0.101,29.03,0,10.6,0.026,0.906,mobile,gold,0
196,1,2.5,0.751,158.09,0,4.0,0.801,,mobile,bronze,0
33,5,13.2,0.336,75.13,1,12.1,0.187,0.447,desktop,bronze,0
37,0,2.4,0.803,51.96,1,2.5,0.596,0.04,mobile,gold,0
63,0,5.7,0.694,91.13,0,4.8,0.12,0.698,desktop,silver,0
11,3,11.6,0.2,77.56,0,17.7,0.099,0.621,mobile,bronze,0
288,4,7.5,0.718,0.19,1,5.9,0.58,0.222,mobile,silver,1
58,6,23.0,0.037,2162.21,0,9.4,0.567,0.501,tablet,gold,0
18,1,7.2,0.564,11.89,2,1.0,0.765,0.301,mobile,bronze,0
61,4,12.9,0.055,827.39,0,14.5,0.168,0.632,desktop,bronze,0
10,0,1.7,0.288,36.89,1,7.0,0.322,0.151,mobile,bronze,1
25,7,23.2,0.126,222.37,1,12.8,0.429,0.523,desktop,gold,0
10,4,15.7,0.555,23.67,0,7.4,0.291,0.31,tablet,gold,1
198,1,4.2,0.406,87.97,0,6.9,0.37,0.28,mobile,platinum,0
171,2,3.4,0.956,88.66,3,4.3,0.89,,desktop,silver,0
149,1,2.2,0.849,30.75,1,1.7,0.659,0.062,mobile,platinum,0
39,9,14.4,0.02,2204.56,0,10.6,0.657,0.937,mobile,silver,0
34,7,20.3,0.002,351.05,0,11.4,0.304,0.786,desktop,platinum,0
101,3,7.0,0.568,25.09,1,,0.41,0.732,mobile,silver,0
59,3,5.7,0.295,69.7,1,4.2,0.334,0.403,mobile,bronze,1
10,12,25.8,0.065,255.21,0,5.1,0.766,0.642,desktop,gold,0
46,1,1.9,0.563,35.04,2,2.0,0.765,,desktop,silver,0
40,8,16.2,0.046,237.83,0,13.0,0.524,0.787,mobile,gold,0
103,1,2.5,0.735,3.59,1,2.8,0.617,0.204,desktop,gold,0
139,1,4.7,0.097,47.9,0,7.7,0.244,0.111,desktop,bronze,1
6,7,11.2,0.411,468.95,0,6.0,0.275,0.883,desktop,silver,1
1,4,23.0,0.045,991.62,0,17.1,0.419,0.842,desktop,gold,0
98,0,2.4,0.831,136.73,4,4.7,0.613,0.112,mobile,bronze,0
2,7,20.3,0.053,44.99,0,9.6,0.044,0.834,desktop,gold,0
28,6,21.4,0.141,716.83,0,5.8,0.205,0.646,mobile,platinum,0
6,7,0.5,0.053,1817.97,0,11.6,0.616,0.821,tablet,bronze,0
1,0,2.9,0.905,75.09,2,3.6,0.864,0.018,desktop,bronze,0
1,6,19.3,0.239,552.82,0,10.6,0.218,0.896,desktop,bronze,1
81,0,9.0,0.372,94.63,1,4.8,0.367,0.245,mobile,bronze,1
9,1,5.9,0.821,152.52,2,3.6,0.328,0.114,mobile,gold,1
147,1,4.3,0.618,10.79,2,1.2,0.364,0.208,mobile,bronze,1
303,1,4.4,0.451,79.83,2,1.0,0.662,0.438,mobile,silver,1
49,8,19.9,0.078,49.12,1,8.8,0.125,0.84,mobile,silver,0
22,11,10.8,0.034,59.29,1,10.8,0.318,0.746,desktop,gold,0
33,9,20.1,0.001,17.5,0,15.0,0.056,0.594,mobile,silver,1
256,1,1.8,0.92,26.69,1,3.6,0.596,,mobile,bronze,1
5,12,23.1,0.236,108.2,0,14.3,0.153,0.768,desktop,platinum,0
44,8,18.2,0.071,126.62,0,8.8,0.498,0.647,mobile,gold,0
25,7,19.7,0.046,301.58,0,10.6,0.332,0.717,desktop,gold,0
28,0,10.3,0.331,119.52,2,4.6,0.411,0.219,mobile,silver,1
63,0,4.1,0.665,21.6,2,3.9,0.567,0.006,mobile,gold,1
10,9,12.1,,456.32,1,15.8,0.394,0.397,desktop,platinum,0
1,9,14.8,0.049,79.31,0,15.9,0.546,0.541,mobile,platinum,0
30,10,18.9,0.003,293.73,1,10.9,0.45,0.555,desktop,silver,0
22,13,21.7,0.43,1079.83,0,14.3,0.342,0.793,mobile,platinum,0
12,7,15.4,0.576,355.34,0,4.5,0.467,0.841,desktop,platinum,1
98,2,6.3,0.586,28.91,1,9.6,0.446,0.676,tablet,bronze,0
58,2,5.1,0.828,49.64,1,1.0,0.68,0.04,desktop,bronze,1
231,0,1.7,0.75,99.48,0,1.1,0.609,0.716,desktop,bronze,0
41,7,20.6,0.019,650.59,0,11.6,0.198,0.735,tablet,platinum,1
31,5,14.2,0.196,815.94,0,13.5,0.239,0.526,desktop,gold,1
14,0,5.6,0.834,3.21,1,4.3,0.588,0.584,mobile,bronze,1
34,2,0.5,0.668,52.94,5,6.9,0.438,0.065,mobile,silver,0
304,0,3.8,,53.59,2,1.0,0.376,0.018,desktop,bronze,0
89,3,6.7,0.24,170.22,2,6.6,0.314,0.119,mobile,bronze,0
91,1,0.5,0.74,38.21,0,1.5,0.159,0.024,desktop,silver,1
36,6,16.6,0.319,164.15,1,12.6,0.06,0.763,mobile,platinum,1
54,2,1.8,0.664,56.95,3,2.3,0.864,0.512,desktop,bronze,1
32,6,15.3,0.083,,0,8.2,0.399,0.795,tablet,platinum,1
88,3,1.2,0.72,43.81,2,4.8,0.747,0.179,mobile,bronze,0
31,13,20.4,0.467,421.54,0,13.7,0.338,0.768,desktop,silver,0
16,0,2.7,0.701,,4,1.6,0.835,0.036,desktop,silver,1
365,3,6.9,0.709,0.08,0,7.6,0.499,0.07,tablet,silver,1
330,0,1.3,0.869,65.41,3,3.6,0.491,0.152,mobile,bronze,1
9,8,12.9,0.038,3.38,0,9.4,0.456,0.975,mobile,silver,0
25,2,6.9,0.66,44.74,0,6.8,0.697,0.348,mobile,bronze,1
5,12,14.0,0.258,90.79,0,17.7,0.657,0.666,mobile,gold,0
4,5,,0.12,132.98,2,11.8,0.473,0.747,mobile,platinum,1
70,3,15.5,0.207,245.61,0,12.3,0.363,0.727,desktop,silver,0
1,9,18.0,0.17,36.97,0,14.4,0.04,0.752,mobile,platinum,0
30,12,15.8,0.125,226.26,0,14.1,0.203,0.641,desktop,gold,0
12,2,8.7,0.611,45.77,1,1.0,0.645,0.142,desktop,bronze,0
1,8,22.1,0.219,85.99,0,8.8,0.414,0.585,desktop,bronze,0
49,6,19.3,0.473,519.81,0,6.7,0.203,0.779,mobile,silver,1
3,7,22.0,0.094,660.54,0,12.2,0.394,0.439,mobile,gold,1
16,6,19.9,0.164,405.52,0,9.7,0.158,0.85,desktop,platinum,0
62,0,3.6,0.543,104.54,5,3.5,0.665,0.003,mobile,bronze,0
1,3,13.3,0.023,,0,12.2,0.337,0.353,mobile,gold,0
140,2,6.1,0.44,,2,2.1,0.281,0.178,desktop,bronze,0
204,2,1.2,0.732,12.14,5,2.0,0.555,0.018,mobile,gold,1
1,8,16.8,0.11,358.38,0,15.2,0.216,0.536,desktop,platinum,0
197,2,2.3,0.853,58.7,4,3.7,0.646,0.185,mobile,bronze,0
13,9,19.1,0.078,605.33,0,9.2,0.232,0.807,mobile,platinum,1
97,1,5.5,0.641,102.61,2,6.0,0.705,0.003,mobile,bronze,0
10,8,24.8,0.116,394.27,0,12.4,0.121,0.636,desktop,platinum,0
52,7,17.1,0.135,141.76,0,12.8,0.292,0.6,mobile,platinum,0
48,6,11.8,0.284,1565.46,0,10.9,0.569,0.839,desktop,bronze,0
25,9,18.4,0.33,819.85,0,11.8,0.253,0.944,mobile,silver,0
43,6,18.6,0.015,142.54,1,10.5,0.109,0.613,mobile,gold,1
30,2,10.0,0.67,130.95,0,3.4,0.336,0.196,mobile,bronze,0
49,1,1.1,0.801,167.32,5,1.9,0.539,0.263,mobile,bronze,1
19,13,22.5,0.178,465.18,1,12.9,0.18,0.76,desktop,gold,0
106,0,2.4,0.832,10.88,0,5.8,0.882,,mobile,silver,1
25,2,10.9,0.38,113.75,1,4.1,0.148,0.167,desktop,bronze,1
103,1,6.7,0.513,21.72,1,2.9,0.094,0.265,desktop,gold,1
85,8,18.5,0.572,727.11,0,11.5,0.167,0.865,desktop,silver,0
20,2,7.0,0.96,48.8,1,7.3,0.138,,tablet,bronze,1
11,7,14.1,0.138,,0,9.9,0.318,0.8,mobile,gold,0
25,7,10.9,,446.98,1,14.9,0.053,0.895,desktop,silver,1
37,0,6.2,0.67,63.63,1,1.0,0.417,0.612,mobile,platinum,0
2,8,14.7,0.257,665.54,2,12.0,0.175,0.312,desktop,gold,0
274,1,2.8,0.924,,2,2.7,0.606,0.012,mobile,silver,1
26,0,7.7,0.584,72.76,3,5.8,0.718,0.389,tablet,silver,0
1,9,21.4,0.301,414.61,0,11.8,0.15,0.887,mobile,silver,0
33,7,20.0,0.259,840.29,0,8.2,0.614,0.607,desktop,silver,0
11,2,0.5,0.633,29.76,1,,0.363,0.124,mobile,silver,1
17,11,22.8,0.165,511.83,0,11.6,0.149,0.282,desktop,silver,1
46,0,0.7,0.946,21.62,8,1.0,0.553,0.093,tablet,bronze,1
3,9,18.6,0.041,,0,13.4,0.269,0.797,mobile,gold,0
32,2,,0.561,187.42,1,4.9,0.531,0.171,mobile,bronze,1
42,1,13.4,0.332,68.96,2,7.6,0.412,0.426,desktop,bronze,0
60,6,20.8,0.117,329.37,0,11.5,0.272,0.794,mobile,gold,0
133,10,21.7,0.115,327.6,1,15.0,0.448,0.3,desktop,platinum,0
9,9,14.4,,544.54,0,9.9,0.437,0.439,desktop,silver,0
7,9,16.2,0.313,199.81,0,13.5,0.187,0.8,desktop,silver,0
39,5,20.5,0.073,361.97,1,11.9,0.186,,tablet,bronze,0
131,11,19.4,0.089,27.16,0,9.6,0.512,0.763,desktop,gold,0
121,3,8.1,0.353,152.2,0,9.5,0.367,0.463,desktop,bronze,0
31,6,,0.012,117.66,0,14.5,0.142,0.741,desktop,silver,0
15,0,12.6,0.386,50.6,0,9.2,0.466,,desktop,bronze,0
10,1,2.9,,90.71,0,6.4,0.763,0.697,mobile,bronze,0
48,3,2.5,0.845,4.42,2,3.1,0.692,0.143,mobile,platinum,1
138,1,8.3,0.751,236.59,0,3.8,0.641,0.205,tablet,silver,1
19,1,2.6,0.451,11.77,8,2.2,0.708,0.353,desktop,bronze,1
25,0,12.3,0.476,57.68,0,8.7,0.494,0.329,mobile,silver,0
8,7,12.0,0.143,626.93,0,15.3,0.578,0.847,desktop,gold,1
22,3,10.1,0.219,19.88,1,6.2,0.51,0.862,tablet,bronze,1
365,2,9.2,0.788,27.18,0,6.2,0.588,0.396,mobile,bronze,1
82,0,6.7,0.683,34.78,0,6.3,0.338,0.754,tablet,bronze,0
1,6,18.6,0.071,240.43,1,12.6,0.253,0.669,desktop,platinum,0
4,9,11.8,0.045,,1,12.4,0.466,0.648,desktop,gold,0
120,0,2.2,0.975,25.07,1,4.6,0.909,0.143,mobile,bronze,1
19,10,12.3,0.033,198.34,0,10.1,0.091,0.469,mobile,bronze,1
97,6,4.3,0.532,98.12,9,4.6,0.462,0.521,desktop,bronze,0
4,6,,,407.5,0,8.4,0.507,0.592,mobile,platinum,0
3,8,21.4,0.083,44.49,0,,0.145,0.476,desktop,gold,0
59,1,7.2,0.787,75.68,2,7.1,0.189,0.26,mobile,silver,1
13,11,16.9,0.705,877.55,0,9.0,0.316,0.626,tablet,gold,0
129,0,7.6,0.474,29.76,0,,0.317,0.234,desktop,gold,1
142,2,5.0,0.828,49.65,3,4.4,0.398,,desktop,bronze,1
16,2,11.6,0.374,282.37,0,5.2,0.465,0.285,desktop,bronze,0
21,1,7.5,0.739,,1,6.5,0.556,0.542,mobile,silver,1
26,8,16.1,0.156,633.82,0,11.2,0.589,0.332,desktop,silver,0
7,6,,0.245,67.22,0,8.3,0.485,0.892,desktop,bronze,0
21,12,18.4,0.15,2.21,0,15.0,0.197,0.743,mobile,silver,0
187,1,0.5,0.725,1.54,4,2.5,0.531,0.13,mobile,silver,1
16,13,21.6,0.088,3.08,0,15.2,0.298,0.78,mobile,gold,0
29,11,23.1,0.126,298.03,0,12.3,0.105,0.68,tablet,bronze,0
195,2,3.6,0.949,32.72,7,,0.405,0.135,mobile,silver,1
6,10,19.5,0.223,441.49,0,15.8,0.158,0.522,desktop,gold,0
162,0,5.1,0.621,58.39,3,2.6,0.83,0.155,desktop,gold,0
130,1,1.2,0.717,11.59,1,5.5,0.518,0.313,mobile,bronze,1
52,0,6.1,0.253,71.45,4,1.3,0.399,0.012,desktop,bronze,1
65,1,7.4,0.738,117.03,0,5.9,0.321,0.803,tablet,bronze,1
1,5,23.9,0.272,308.47,0,15.8,0.19,0.835,desktop,silver,0
114,3,12.5,0.118,311.14,0,7.0,0.688,0.375,mobile,bronze,0
13,10,12.7,0.015,39.42,0,13.5,0.507,0.522,tablet,bronze,0
2,5,16.5,0.028,175.55,1,7.3,0.074,0.855,desktop,gold,0
8,10,10.2,0.344,89.66,0,11.3,0.343,,mobile,platinum,0
3,7,12.4,0.038,942.24,0,16.2,0.085,0.961,desktop,silver,1
204,2,,0.891,336.78,1,3.1,0.761,0.148,mobile,bronze,0
59,9,25.0,0.105,1020.25,0,11.1,0.082,0.95,desktop,silver,0
94,2,2.9,0.944,4.31,2,3.9,0.326,0.254,mobile,bronze,1
9,10,11.5,0.115,860.76,0,13.4,0.58,0.503,desktop,platinum,0
18,8,14.2,0.096,1412.47,0,13.0,0.504,0.66,mobile,silver,0
12,0,1.6,0.671,79.24,3,2.6,0.385,,desktop,platinum,1
31,1,0.9,0.672,48.17,2,1.0,0.357,,mobile,silver,0
23,5,12.9,0.117,1697.9,0,16.6,0.604,0.647,tablet,silver,0
10,5,24.4,0.096,569.89,0,12.4,0.234,0.745,mobile,silver,0
233,1,2.9,0.884,27.41,4,3.8,0.392,0.077,desktop,silver,1
157,0,8.7,0.49,103.68,2,10.3,0.497,0.124,tablet,silver,0
11,2,0.6,0.848,124.7,3,2.4,0.171,,mobile,silver,0
23,5,22.5,0.328,200.25,0,12.5,0.491,,desktop,bronze,0
21,1,8.0,0.372,14.01,1,7.4,0.201,0.45,mobile,silver,0
41,1,4.3,0.83,33.15,2,1.5,0.724,0.007,desktop,bronze,1
177,1,7.5,0.83,46.45,4,2.0,0.526,0.094,desktop,gold,0
9,1,4.5,0.767,73.87,4,3.4,0.575,0.038,mobile,bronze,1
13,10,13.3,0.265,227.06,0,7.4,0.074,0.71,mobile,platinum,0
66,1,0.8,0.778,16.32,0,2.5,0.634,0.103,desktop,silver,1
16,9,15.8,0.043,609.71,0,9.9,0.022,0.392,mobile,bronze,1
11,0,3.0,0.893,28.6,1,3.4,0.827,0.215,mobile,bronze,0
4,15,9.1,0.321,63.32,0,10.5,0.157,0.635,mobile,silver,0
2,4,7.7,0.529,,1,8.5,0.415,0.338,desktop,bronze,0
93,2,12.7,0.737,106.49,0,6.3,0.539,0.51,mobile,silver,1
2,4,22.1,0.493,,1,15.2,0.084,0.941,tablet,bronze,0
24,5,12.1,0.016,780.69,0,8.4,0.227,0.788,desktop,silver,1
4,8,23.3,0.179,136.47,1,14.4,0.277,,desktop,gold,0
7,6,23.5,0.114,226.28,0,3.3,0.299,0.805,mobile,silver,0
12,4,12.9,0.014,533.23,0,13.2,0.217,0.61,desktop,bronze,0
21,0,1.2,0.495,33.6,0,1.0,0.355,0.032,desktop,bronze,1
149,1,8.4,0.651,,2,5.3,0.186,0.286,mobile,silver,1
19,10,24.1,0.107,560.02,0,10.6,0.287,0.917,desktop,gold,0
1,1,5.9,0.776,52.73,1,2.1,0.811,0.113,desktop,bronze,1
25,9,18.3,0.131,44.0,1,3.9,0.126,0.716,desktop,silver,0
6,6,18.2,0.05,555.99,0,11.4,0.323,0.575,desktop,gold,0
43,2,8.1,0.247,211.71,1,6.4,0.468,,desktop,gold,0
11,12,22.0,0.32,89.48,1,8.6,0.436,0.129,mobile,platinum,0
7,7,15.5,0.018,912.59,1,12.1,0.185,0.766,mobile,silver,0
237,1,0.5,0.814,32.72,5,3.8,0.285,0.271,mobile,silver,1
33,15,15.5,0.252,222.47,1,17.1,0.137,0.642,desktop,silver,0
3,13,18.3,0.459,1646.16,1,14.0,0.144,0.863,desktop,platinum,0
136,1,3.3,0.933,10.88,1,1.9,0.359,0.288,tablet,bronze,1
9,3,0.5,0.83,120.3,3,3.8,0.277,0.319,mobile,silver,0
5,6,,0.009,11.41,1,10.1,0.124,0.759,desktop,silver,0
62,0,2.3,0.546,4.15,5,5.6,0.67,0.421,mobile,silver,1
15,10,15.4,0.299,2300.42,0,8.1,0.312,0.565,mobile,gold,0
97,0,1.1,0.604,173.45,3,4.3,0.234,0.128,desktop,bronze,1
43,0,3.3,0.782,116.62,2,1.8,0.564,0.196,mobile,silver,1
10,0,1.0,0.946,0.69,4,4.0,0.715,0.23,mobile,bronze,1
68,2,6.0,,130.27,0,8.3,0.333,0.093,mobile,bronze,0
60,6,10.7,0.627,38.05,1,7.4,0.469,,tablet,silver,0
33,0,8.8,0.376,60.81,2,2.7,0.701,0.482,mobile,bronze,1
36,10,15.5,0.134,1833.1,0,12.5,0.353,0.849,desktop,silver,0
365,2,4.6,0.634,170.91,3,2.0,0.435,0.28,tablet,bronze,1
14,8,26.0,0.078,371.41,1,11.9,0.472,0.321,tablet,silver,0
23,12,14.5,0.102,194.16,0,14.2,0.244,0.533,mobile,gold,0
153,1,8.6,0.897,31.31,1,7.3,0.276,0.403,mobile,platinum,1
21,2,6.8,0.833,0.08,1,3.0,0.555,0.077,desktop,silver,1
5,9,27.3,0.003,1641.22,0,12.0,0.286,0.68,mobile,platinum,0
188,3,4.3,0.647,18.11,3,2.2,0.761,0.194,desktop,bronze,1
20,6,22.2,0.001,29.73,1,,0.335,0.764,desktop,gold,0
5,6,13.6,0.032,2147.53,0,13.9,0.042,,desktop,platinum,0
1,5,17.3,0.402,2055.82,0,10.4,0.434,0.372,desktop,silver,0
1,5,29.0,0.527,380.08,0,9.3,0.054,0.673,desktop,gold,0
1,8,18.5,0.027,592.9,0,14.6,0.289,0.716,desktop,bronze,0
1,7,22.3,0.027,18.42,0,13.0,0.274,0.813,desktop,silver,0
2,7,19.1,0.156,117.85,1,10.0,0.163,0.767,desktop,silver,0
62,2,6.7,0.531,11.24,1,3.0,0.425,0.264,desktop,silver,1
77,4,9.8,0.33,35.25,0,5.4,0.74,0.85,mobile,bronze,1
86,7,13.5,0.073,1083.81,0,7.0,0.174,0.537,mobile,bronze,1
7,7,19.7,0.04,162.06,2,14.4,0.553,0.445,tablet,gold,0
2,9,9.9,0.292,723.51,1,,0.179,0.591,desktop,gold,1
15,6,12.9,0.061,32.85,0,15.7,0.253,0.762,mobile,gold,1
365,1,5.9,0.644,102.0,0,2.1,0.705,0.17,mobile,gold,1
22,0,7.3,0.546,143.68,1,9.7,0.471,0.518,desktop,bronze,1
52,1,5.4,0.617,41.87,1,2.9,0.673,0.09,mobile,bronze,1
34,2,11.5,0.501,25.85,1,7.0,0.548,0.503,desktop,gold,0
25,5,14.6,0.061,139.9,1,10.8,0.506,0.866,mobile,gold,0
26,7,15.4,0.037,437.29,0,14.9,0.196,0.729,tablet,gold,0
21,6,14.9,0.186,62.78,1,13.8,0.43,0.774,desktop,gold,1
53,1,8.9,0.387,10.15,1,8.2,0.461,0.525,mobile,gold,0
40,5,,0.151,642.94,0,10.4,0.258,0.814,desktop,gold,1
17,7,16.1,0.047,726.4,2,9.3,0.441,,desktop,silver,0
228,1,3.8,0.861,19.71,3,1.0,0.405,0.096,desktop,bronze,0
20,6,17.7,0.279,152.52,0,10.9,0.094,0.808,desktop,silver,0
209,1,3.6,,149.78,2,1.0,0.574,0.486,mobile,gold,0
1,6,25.5,0.343,1025.48,0,,0.328,0.539,mobile,bronze,1
96,4,20.0,0.148,262.09,0,15.1,0.046,0.602,tablet,gold,1
4,7,23.3,0.021,412.66,0,15.7,0.231,0.436,desktop,silver,0
75,0,4.5,0.835,260.17,5,1.8,0.645,0.292,desktop,bronze,1
40,0,1.0,0.293,3.49,1,2.5,0.397,0.14,mobile,silver,0
5,7,18.8,0.473,,1,13.4,0.529,0.67,tablet,platinum,0
45,1,2.3,0.837,134.69,0,2.6,0.651,0.047,mobile,bronze,0
12,0,4.0,0.712,110.02,2,3.4,0.754,0.466,mobile,bronze,0
89,3,4.5,0.607,13.05,0,4.3,0.728,0.109,mobile,platinum,1
46,1,5.4,0.669,2.95,2,5.8,0.625,,mobile,bronze,0
9,11,12.3,0.11,351.72,0,8.3,0.232,0.799,desktop,bronze,0
9,6,15.1,0.078,63.66,0,11.8,0.345,0.326,desktop,platinum,1
74,2,6.6,0.669,8.4,0,4.4,0.873,0.329,mobile,bronze,1
105,10,21.8,0.12,260.26,2,12.7,0.182,0.606,desktop,platinum,0
2,7,14.5,0.038,27.75,0,10.3,0.418,0.857,mobile,gold,0
25,7,21.7,0.373,250.09,0,14.8,0.366,0.765,desktop,platinum,0
66,3,1.8,0.62,72.92,3,3.6,0.606,0.127,mobile,bronze,1
48,0,1.0,0.537,31.73,4,4.0,0.685,0.132,mobile,silver,1
45,0,3.8,0.63,13.72,5,3.0,0.434,0.177,mobile,bronze,1
67,12,14.9,0.498,522.83,0,13.8,0.063,,desktop,bronze,0
56,11,23.1,0.037,1167.51,0,10.5,0.248,0.486,mobile,bronze,0
1,0,2.5,0.603,0.39,2,2.9,0.475,0.503,mobile,bronze,0
190,1,2.8,0.945,79.03,2,1.9,0.863,0.243,desktop,silver,1
77,1,1.2,0.92,6.73,0,,0.49,0.201,mobile,gold,1
1,2,6.5,0.552,29.04,0,,0.119,0.743,desktop,bronze,1
32,0,2.4,0.855,2.48,0,2.9,0.867,0.419,mobile,silver,0
5,5,28.6,0.125,148.26,0,11.7,0.589,0.485,mobile,gold,0
28,9,17.3,0.407,214.74,0,9.2,0.072,0.693,tablet,gold,1
7,7,22.6,0.175,107.62,0,15.8,0.25,0.414,desktop,gold,0
78,4,0.7,0.518,97.65,1,3.3,0.807,0.487,mobile,silver,1
88,2,3.3,0.741,90.97,1,5.8,0.497,0.192,mobile,silver,1
11,7,15.9,0.045,809.22,1,11.3,0.112,0.701,mobile,silver,0
31,15,18.7,0.0,781.46,0,10.4,0.4,,mobile,platinum,0
34,12,12.7,0.209,346.16,0,10.8,0.278,0.937,desktop,silver,0
6,11,23.8,0.314,321.68,0,11.3,0.161,0.894,mobile,gold,0
26,0,2.9,0.929,106.3,4,4.6,0.443,0.068,mobile,bronze,0
1,1,12.1,0.626,104.0,1,8.6,0.109,0.151,tablet,silver,1
3,10,15.6,0.233,1879.21,0,14.9,0.532,0.84,desktop,bronze,0
62,0,0.7,0.841,73.12,3,3.1,0.455,0.326,tablet,gold,1
53,1,7.7,0.284,368.2,0,10.0,0.48,0.131,desktop,bronze,1
32,11,15.9,0.067,,0,12.2,0.192,0.605,mobile,silver,0
29,8,19.3,0.439,,0,12.0,0.11,0.757,mobile,silver,1
50,4,16.0,0.207,349.9,1,14.5,0.373,0.388,mobile,gold,0
76,0,6.5,0.541,179.85,0,7.9,0.591,0.046,desktop,bronze,0
2,10,9.8,0.558,1037.22,0,9.3,0.122,0.884,mobile,silver,0
54,1,0.5,0.721,131.49,5,3.7,0.83,0.012,mobile,silver,1
30,11,25.7,0.091,483.03,0,12.5,0.664,0.895,desktop,platinum,1
2,1,11.5,0.225,45.83,0,4.0,0.423,,desktop,gold,0
365,1,0.5,0.815,14.75,1,4.1,0.509,0.008,mobile,bronze,1
1,12,19.4,0.013,450.52,1,9.7,0.292,0.565,desktop,silver,0
18,5,27.5,0.388,279.16,0,8.5,0.37,0.637,tablet,platinum,1
43,8,,0.312,261.55,0,8.5,0.178,,mobile,bronze,0
22,10,11.1,0.024,189.31,0,9.8,0.58,,desktop,gold,1
60,1,6.4,0.323,,1,5.6,0.196,0.471,mobile,bronze,0
25,1,5.1,0.247,21.33,2,1.1,0.406,0.429,mobile,silver,1
64,1,3.3,0.726,8.64,2,3.6,0.434,0.412,tablet,gold,0
71,2,3.4,0.824,43.47,2,4.1,0.659,0.244,mobile,silver,0
23,2,15.4,0.498,,0,5.9,0.777,0.039,desktop,platinum,1
72,10,20.5,0.026,183.56,1,14.0,0.344,0.283,mobile,gold,0
30,1,3.1,0.703,31.15,1,,0.616,0.123,desktop,bronze,0
1,5,7.4,0.558,81.19,0,6.9,0.74,0.345,tablet,bronze,1
72,2,8.3,0.332,0.54,2,6.0,0.176,0.075,mobile,bronze,1
185,0,6.9,0.541,14.52,0,6.9,0.735,0.208,mobile,bronze,1
73,0,7.6,0.879,82.52,1,4.7,0.307,0.397,mobile,bronze,1
47,1,6.1,0.863,9.0,3,1.4,0.664,0.386,mobile,bronze,0
15,9,20.4,0.073,280.48,0,14.1,0.397,0.611,mobile,bronze,0
8,6,16.4,0.337,191.05,2,10.8,0.372,0.724,mobile,silver,0
105,4,9.7,0.332,19.77,1,9.7,0.504,0.367,mobile,silver,0
28,7,18.5,0.214,388.14,0,13.3,0.162,0.933,desktop,silver,0
48,8,27.2,,462.65,2,12.3,0.235,0.874,desktop,gold,1
1,10,,0.073,503.33,0,11.8,0.016,0.731,desktop,platinum,0
365,2,2.5,0.456,6.59,1,4.8,0.439,0.617,desktop,platinum,1
55,6,23.0,0.011,357.4,0,13.8,0.417,0.794,desktop,bronze,1
28,4,6.0,0.245,63.04,0,4.9,0.49,0.1,tablet,bronze,1
60,2,11.8,0.704,0.77,0,7.0,0.357,0.262,mobile,bronze,0
59,3,,0.62,19.96,2,3.1,0.515,0.026,mobile,bronze,1
23,3,1.1,0.563,32.17,5,3.1,0.797,0.187,mobile,bronze,0
103,2,3.1,0.679,,2,3.9,0.703,0.351,mobile,bronze,0
19,5,17.4,0.469,945.51,0,17.0,0.095,0.777,mobile,gold,0
66,4,1.1,0.511,104.42,0,5.0,0.717,0.102,tablet,silver,1
10,1,1.8,0.764,,1,,0.648,0.058,desktop,bronze,0
8,7,14.2,0.027,90.36,0,10.9,0.194,0.782,desktop,gold,0
115,0,7.5,0.203,84.76,0,7.8,0.435,0.616,tablet,silver,1
34,6,27.7,0.587,60.41,0,12.5,0.256,,desktop,silver,1
55,11,19.1,0.103,,0,11.7,0.242,0.426,desktop,gold,0
32,9,15.2,0.055,,3,14.8,0.429,0.721,mobile,platinum,0
11,6,10.5,0.184,2542.32,0,18.7,0.169,0.574,mobile,silver,1
175,1,,0.898,82.79,4,3.4,0.5,0.023,mobile,bronze,1
38,7,12.7,0.077,296.29,1,5.8,0.322,0.805,desktop,platinum,1
13,8,16.7,0.139,1131.32,1,12.7,0.373,0.377,mobile,silver,0
100,1,11.2,0.824,27.12,0,6.4,0.372,0.262,desktop,bronze,1
3,10,17.2,0.266,1097.38,0,12.2,0.166,0.597,desktop,platinum,0
1,8,11.0,0.041,,0,10.8,0.162,0.453,tablet,platinum,0
344,1,1.5,0.262,45.58,2,,0.83,0.251,mobile,silver,1
2,11,17.7,0.057,255.55,1,7.3,0.644,0.356,desktop,silver,1
27,1,5.4,0.794,265.89,4,4.4,0.493,0.44,desktop,bronze,0
53,0,0.5,0.393,76.55,3,2.6,0.333,0.293,mobile,bronze,0
16,9,14.3,0.419,214.3,0,17.6,0.071,0.563,mobile,gold,0
15,1,13.3,0.444,9.51,2,6.7,0.356,0.608,mobile,silver,1
74,2,4.2,0.697,13.01,0,2.5,0.397,0.079,mobile,bronze,1
1,7,24.6,0.272,996.82,0,15.8,0.307,0.519,mobile,silver,0
1,4,7.9,0.786,67.76,1,6.0,0.316,0.256,desktop,silver,0
58,1,6.4,0.359,76.59,5,3.0,0.351,0.179,mobile,silver,0
8,9,,0.145,812.56,0,10.4,0.337,0.49,mobile,platinum,0
7,7,,,1158.35,0,8.4,0.071,0.679,desktop,gold,0
1,6,24.3,0.155,46.43,0,6.0,0.247,0.718,desktop,bronze,0
1,1,,0.513,85.97,4,3.8,0.671,0.057,mobile,bronze,1
23,8,7.2,0.28,1320.86,1,12.4,0.471,0.747,mobile,gold,0
2,7,20.7,0.034,119.69,0,8.0,0.194,0.501,mobile,gold,0
1,12,10.6,0.384,114.04,1,9.6,0.389,0.57,mobile,gold,0
26,3,3.5,0.737,12.04,5,1.0,0.6,0.326,mobile,bronze,0
22,7,13.0,0.169,204.53,0,13.9,0.079,0.593,tablet,bronze,0
123,0,6.0,0.702,39.27,2,3.2,0.29,0.15,tablet,bronze,0
24,6,16.7,0.054,476.08,0,13.7,0.218,0.873,desktop,platinum,0
6,0,3.7,0.945,33.77,3,,0.472,0.246,desktop,gold,0
27,3,7.9,0.32,39.67,2,5.8,0.385,0.442,mobile,bronze,0
12,3,18.7,0.269,18.08,0,11.6,0.192,0.833,mobile,gold,0
11,9,15.9,0.081,695.09,0,13.9,0.562,0.81,mobile,silver,1
79,0,3.2,0.884,103.16,3,3.0,0.329,0.077,mobile,bronze,0
52,7,11.4,0.394,549.46,0,12.1,0.339,0.43,desktop,gold,0
65,2,6.8,0.607,13.14,3,4.1,0.306,0.548,mobile,bronze,0
170,3,6.8,0.75,58.88,1,9.6,0.493,,mobile,bronze,1
50,4,33.7,0.416,727.36,0,13.4,0.489,0.765,desktop,gold,0
49,12,18.8,0.113,1151.44,0,9.1,0.175,0.631,mobile,silver,0
90,11,17.4,0.14,1403.43,0,12.8,0.143,0.702,desktop,platinum,1
35,1,3.0,0.702,118.95,1,8.5,0.27,0.04,desktop,silver,1
122,6,16.2,0.12,2106.03,0,10.4,0.26,0.781,desktop,gold,0
5,3,,0.037,446.53,0,12.7,0.111,,desktop,platinum,1
36,10,13.1,0.167,607.4,0,,0.125,0.531,desktop,gold,0
34,9,21.4,0.305,,0,10.4,0.426,0.688,tablet,gold,0
5,0,4.1,0.831,22.51,1,3.0,0.26,0.381,desktop,silver,0
2,4,21.2,,553.44,1,11.6,0.067,0.804,desktop,platinum,1
77,4,13.7,0.249,855.95,0,13.5,0.085,,mobile,gold,1
7,11,19.3,0.239,225.35,0,11.1,0.228,0.782,mobile,bronze,1
4,1,4.5,0.805,93.7,2,3.8,0.276,0.025,mobile,bronze,0
1,4,24.4,0.124,365.81,0,14.6,0.168,0.816,desktop,platinum,0
1,14,18.2,0.092,151.96,2,12.5,0.214,,desktop,bronze,1
12,7,11.7,0.051,671.36,0,9.8,0.199,0.622,mobile,gold,0
121,0,0.5,0.747,21.91,1,1.5,0.611,0.413,mobile,bronze,1
23,7,9.3,0.029,1663.29,0,14.2,0.151,0.675,desktop,silver,0
16,7,,0.08,1069.19,0,11.9,0.514,0.705,desktop,gold,0
1,15,24.9,0.252,108.04,0,10.3,0.25,0.703,desktop,platinum,0
3,7,19.2,0.093,245.19,0,14.8,0.764,0.682,desktop,gold,1
9,7,19.4,0.115,242.62,0,13.7,0.161,0.741,desktop,gold,0
36,0,9.3,0.321,23.5,0,4.3,0.652,0.406,mobile,bronze,1
45,1,3.8,0.988,35.35,3,4.2,0.571,0.351,tablet,gold,1
17,3,6.9,0.64,37.37,1,4.9,0.288,0.434,mobile,bronze,0
1,5,20.6,0.13,185.15,0,13.2,0.269,0.748,desktop,gold,0
44,2,0.5,0.858,49.16,1,5.1,0.707,0.214,mobile,bronze,0
200,0,4.8,0.962,54.83,3,2.6,0.796,0.23,mobile,bronze,0
2,8,,0.003,654.69,1,7.1,0.261,0.762,mobile,silver,0
5,12,14.2,0.185,1535.98,0,10.1,0.131,0.472,desktop,bronze,0
39,10,14.4,0.159,592.39,0,14.4,0.669,0.453,mobile,platinum,1
51,7,11.2,0.036,528.38,0,13.9,0.368,0.918,desktop,silver,0
35,8,14.2,0.1,406.27,0,8.7,0.611,0.79,desktop,bronze,1
8,6,16.7,0.241,148.18,0,13.9,0.576,0.836,mobile,platinum,0
31,2,5.7,0.741,90.03,2,1.3,0.651,0.242,desktop,bronze,1
15,7,17.4,0.06,576.58,0,9.8,0.227,0.947,mobile,silver,0
25,6,28.2,0.116,480.99,0,10.0,0.084,0.698,desktop,silver,0
167,1,2.4,0.629,87.29,0,1.8,0.821,0.053,mobile,bronze,1
77,0,6.8,0.567,68.35,3,3.3,0.353,0.342,mobile,bronze,1
1,5,20.6,0.085,786.06,0,13.1,0.138,0.751,desktop,gold,0
23,7,7.8,0.127,381.35,0,13.0,0.333,0.561,desktop,gold,0
229,4,12.1,0.765,51.91,0,2.1,0.69,,mobile,gold,1
38,2,8.7,0.711,,1,6.2,0.655,0.403,desktop,bronze,1
22,8,22.5,0.27,365.74,0,8.2,0.356,0.684,desktop,gold,0
61,6,15.4,0.242,,1,19.0,0.194,0.566,desktop,silver,0
14,10,19.9,0.534,9.62,1,15.5,0.34,0.456,desktop,platinum,1
49,10,21.7,0.128,1409.14,1,6.4,0.154,0.909,desktop,platinum,0
90,1,0.5,0.492,62.96,1,3.2,0.251,0.522,mobile,silver,1
37,6,15.5,0.096,146.26,0,,0.08,0.6,mobile,gold,0
80,6,13.1,0.862,14.2,0,5.2,0.367,0.491,tablet,silver,0
4,12,16.1,0.286,0.75,2,9.6,0.288,0.651,desktop,silver,0
15,6,,0.211,,0,11.3,0.274,0.802,desktop,gold,0
12,9,18.8,,144.84,0,12.6,0.573,0.853,mobile,bronze,0
221,0,5.4,0.504,33.82,6,3.8,0.691,0.082,mobile,silver,1
2,10,24.7,0.099,,1,14.3,0.418,0.828,mobile,platinum,1
5,6,17.5,0.129,57.0,1,11.6,0.219,0.677,desktop,silver,0
76,2,6.0,0.849,60.9,5,4.4,0.435,0.143,desktop,bronze,0
26,0,3.3,0.954,36.16,7,3.7,0.563,0.185,mobile,bronze,1
97,1,6.8,0.656,93.61,1,3.5,0.428,0.513,tablet,gold,0
7,0,2.6,0.845,18.59,4,1.0,0.261,0.002,mobile,bronze,0
19,10,36.9,0.236,127.28,1,15.0,0.007,0.423,desktop,bronze,0
94,1,,0.656,4.12,2,2.7,0.877,0.313,mobile,silver,1
62,6,9.5,0.85,,0,4.3,0.335,0.114,mobile,gold,1
165,2,3.8,0.783,49.38,1,1.4,0.343,0.039,mobile,bronze,1
49,15,12.2,0.502,372.56,0,13.0,0.026,0.919,mobile,silver,0
6,3,7.0,0.292,43.16,2,5.3,0.512,0.275,desktop,gold,0
64,1,12.2,0.467,46.22,1,7.8,0.68,0.241,desktop,bronze,0
25,1,0.9,0.548,33.17,1,3.2,0.648,0.291,mobile,bronze,1
26,1,10.2,0.474,72.33,0,,0.616,0.285,mobile,bronze,0
15,16,,0.363,623.86,0,12.5,0.23,,desktop,gold,0
2,6,19.1,0.035,511.38,1,11.8,0.721,0.467,desktop,gold,0
221,1,2.0,0.52,5.93,4,2.7,0.482,0.014,mobile,gold,1
43,0,0.5,0.906,47.42,5,3.0,0.226,0.051,desktop,gold,1
6,15,25.3,0.097,351.24,0,14.2,0.512,0.474,mobile,gold,1
3,6,18.1,0.514,359.12,0,11.7,0.324,0.59,mobile,gold,1
29,10,27.8,0.015,628.9,1,12.3,0.394,,desktop,silver,0
58,5,21.0,0.097,231.09,1,13.3,0.186,0.872,desktop,silver,0
2,8,26.3,0.013,177.66,0,5.9,0.688,0.413,tablet,platinum,1
33,0,3.2,0.451,198.58,3,5.7,0.203,0.024,mobile,bronze,1
64,12,23.0,0.054,,0,4.4,0.174,0.741,desktop,silver,1
10,1,3.1,0.777,76.22,1,4.0,0.43,0.158,desktop,bronze,1
76,5,14.0,0.059,102.35,0,10.8,0.581,0.453,mobile,gold,0
1,6,21.8,0.281,3232.75,0,12.3,0.133,0.618,tablet,silver,1
46,0,6.7,0.702,5.78,0,5.8,0.316,0.237,tablet,bronze,0
291,1,1.2,0.801,24.76,2,3.8,0.551,0.398,tablet,bronze,1
50,1,3.4,0.325,37.88,5,7.2,0.714,0.371,mobile,silver,0
116,0,0.5,0.635,33.52,1,2.5,0.595,0.042,mobile,bronze,0
4,2,0.5,0.723,5.59,2,2.3,0.545,0.335,desktop,bronze,1
24,0,2.6,0.77,1.21,3,5.4,0.731,0.037,mobile,silver,1
131,1,9.9,0.38,12.31,1,7.1,0.466,0.199,mobile,bronze,1
174,1,,0.42,,3,5.4,0.805,0.063,desktop,bronze,0
51,1,4.3,0.507,61.58,2,1.9,0.647,0.02,mobile,bronze,1
52,7,12.9,,508.38,0,14.6,0.044,0.757,mobile,silver,1
11,8,21.7,0.275,187.57,0,13.4,0.345,0.463,desktop,bronze,0
40,9,16.1,0.074,1254.13,0,10.9,0.499,0.536,tablet,bronze,0
33,0,2.4,0.397,9.16,2,1.7,0.249,0.039,tablet,silver,1
77,12,18.5,0.398,2.88,0,11.1,0.262,0.838,desktop,platinum,1
34,1,1.9,0.684,36.95,2,2.6,0.907,0.312,mobile,bronze,0
196,2,7.0,,1.79,1,4.3,0.341,0.222,mobile,bronze,1
56,0,8.8,0.445,84.1,0,4.0,0.549,0.357,mobile,platinum,0
25,2,4.8,0.808,127.5,5,4.3,0.556,0.543,mobile,bronze,1
4,8,16.1,,44.75,0,5.3,0.298,0.866,mobile,silver,0
19,9,21.3,0.101,1272.09,1,10.4,0.502,0.908,mobile,silver,0
1,12,18.2,,1619.5,0,20.7,0.387,0.442,mobile,bronze,0
5,0,9.5,0.441,31.62,0,5.0,0.516,0.34,desktop,bronze,0
52,0,0.5,0.758,3.05,4,3.7,0.825,,mobile,bronze,0
1,6,20.5,0.084,306.17,0,12.5,0.457,0.55,desktop,gold,0
20,2,10.3,0.543,68.42,1,6.5,0.489,0.372,mobile,bronze,1
17,2,18.9,0.06,771.69,1,12.6,0.46,0.604,mobile,gold,1
37,2,11.0,0.194,71.22,1,4.1,0.23,0.379,desktop,bronze,0
188,2,3.6,0.709,181.79,2,2.0,0.235,0.014,mobile,bronze,1
11,4,7.5,0.429,96.13,0,13.3,0.558,0.666,desktop,bronze,0
81,1,,0.587,105.68,2,2.3,0.635,0.205,mobile,silver,1
27,4,15.6,0.254,941.33,1,7.7,0.024,0.672,mobile,silver,0
97,2,,0.764,49.41,1,13.9,0.521,0.462,mobile,bronze,0
58,2,5.6,0.625,,1,,0.326,0.204,desktop,bronze,1
7,9,14.0,0.237,282.53,0,11.8,0.331,0.88,desktop,gold,0
131,0,3.6,0.635,76.97,2,4.1,0.417,0.231,mobile,bronze,0
8,6,13.0,0.111,1304.08,0,11.1,0.646,0.75,mobile,platinum,0
28,9,22.9,0.026,356.97,0,8.3,0.141,0.599,desktop,gold,1
113,1,9.2,0.685,34.93,1,8.5,0.346,0.533,desktop,bronze,0
41,7,11.9,0.359,104.31,0,9.0,0.457,0.694,mobile,bronze,0
15,7,16.0,0.073,206.34,0,14.2,0.164,0.868,mobile,gold,0
36,0,6.1,0.681,19.35,2,2.1,0.311,0.186,mobile,bronze,1
71,2,3.9,0.305,3.02,2,2.4,0.532,0.303,mobile,bronze,0
92,1,4.2,0.763,60.86,2,3.3,0.285,0.004,desktop,gold,0
130,1,1.5,0.845,123.82,5,3.1,0.854,0.008,mobile,bronze,1
42,0,8.8,0.63,47.75,0,5.8,0.349,,mobile,bronze,0
8,10,13.9,0.065,970.16,0,14.0,0.124,0.685,desktop,gold,0
37,6,20.1,0.24,179.58,0,13.3,0.33,0.855,desktop,silver,0
19,1,2.6,0.819,97.36,0,1.7,0.497,0.011,mobile,bronze,0
5,6,10.7,0.198,103.21,0,4.5,0.655,0.757,desktop,silver,0
2,7,25.3,0.008,1813.0,0,7.8,0.107,0.835,mobile,silver,0
156,0,1.7,0.646,153.67,1,1.0,0.712,0.011,mobile,bronze,0
81,8,24.2,0.344,148.28,1,15.2,0.304,0.541,desktop,platinum,0
33,8,24.6,0.126,255.07,0,16.3,0.428,0.627,mobile,bronze,0
80,2,1.8,0.676,17.55,1,3.0,0.708,0.098,desktop,bronze,0
6,6,18.2,0.02,515.13,1,11.3,0.537,0.597,mobile,gold,1
8,2,10.9,0.027,166.66,0,12.3,0.172,0.728,tablet,platinum,1
318,0,1.0,0.825,27.49,2,3.3,0.406,0.116,mobile,bronze,0
1,3,3.5,0.679,126.02,1,4.6,0.316,0.447,mobile,bronze,1
43,1,12.1,0.733,67.31,0,5.6,0.436,0.597,desktop,gold,0
14,7,12.6,0.186,228.82,1,10.8,0.186,0.929,tablet,bronze,0
33,7,13.5,0.162,109.18,0,11.3,0.196,0.544,tablet,platinum,1
11,12,15.1,0.208,254.95,0,10.5,0.13,0.744,desktop,silver,0
2,5,11.7,0.063,300.04,1,10.8,0.54,0.402,desktop,silver,1
16,5,14.0,0.424,1278.03,0,15.8,0.334,0.756,desktop,silver,0
344,2,1.7,0.924,160.42,4,2.1,0.613,0.107,mobile,silver,1
31,17,14.8,0.311,75.79,0,16.1,0.399,0.615,mobile,platinum,0
135,4,12.0,0.443,43.27,0,1.6,0.344,0.493,desktop,bronze,1
20,6,19.5,0.023,717.07,0,15.9,0.172,0.671,mobile,gold,0
16,2,2.4,0.667,119.33,0,4.2,0.605,0.264,mobile,bronze,1
11,11,16.5,0.07,1635.17,0,11.2,0.287,0.613,desktop,platinum,1
4,0,0.5,0.219,91.5,3,1.0,0.696,0.091,desktop,silver,0
82,0,6.4,0.654,112.95,3,1.7,0.812,0.106,mobile,silver,0
20,1,4.2,,0.63,1,1.0,0.356,0.103,desktop,silver,0
7,12,19.3,0.114,970.37,1,11.6,0.287,0.722,mobile,silver,0
12,7,20.0,0.244,515.98,0,10.7,0.122,0.855,mobile,silver,0
10,6,8.4,0.279,218.61,0,12.3,0.149,0.52,mobile,silver,0
117,2,3.5,0.524,22.11,0,2.2,0.524,0.069,mobile,silver,0
23,3,6.0,0.341,72.95,1,10.5,0.245,0.643,tablet,gold,0
50,4,,0.711,30.45,1,5.9,0.587,0.328,tablet,bronze,0
16,0,,0.545,15.83,0,7.1,0.541,0.612,mobile,bronze,1
102,2,5.5,0.743,72.66,2,1.2,0.555,0.151,desktop,silver,1
15,10,18.1,0.178,500.47,0,12.3,0.354,0.838,desktop,gold,0
80,0,8.4,0.261,78.33,3,7.2,0.637,0.284,mobile,silver,0
28,7,21.5,0.166,569.82,0,,0.51,0.938,desktop,bronze,0
49,1,1.6,0.913,57.04,3,2.9,0.36,0.339,mobile,bronze,0
173,1,5.8,0.694,3.7,1,2.0,0.784,0.321,mobile,bronze,0
1,13,22.7,0.04,1080.03,0,17.4,0.125,0.915,tablet,bronze,0
140,2,1.8,0.512,4.95,0,4.1,0.69,0.361,tablet,bronze,1
1,8,20.4,0.048,583.64,0,8.6,0.376,0.471,desktop,platinum,0
6,8,27.6,0.151,551.94,0,15.8,0.068,0.875,desktop,gold,1
127,1,0.5,0.605,23.93,1,2.3,0.684,0.043,desktop,bronze,1
16,9,17.8,0.328,83.64,1,11.0,0.163,0.409,mobile,platinum,0
45,1,11.6,0.65,139.54,1,8.3,0.222,0.126,tablet,silver,1
15,9,20.8,0.093,212.82,1,17.0,0.485,0.752,mobile,silver,1
6,6,,0.133,19.73,0,13.4,0.056,0.741,mobile,gold,1
68,1,4.0,0.469,13.17,4,6.2,0.388,0.307,mobile,bronze,1
140,0,3.8,0.747,22.22,2,4.0,0.63,,mobile,silver,0
37,3,15.9,0.301,208.95,1,10.7,0.376,0.885,mobile,gold,0
52,0,3.1,0.755,6.12,4,6.9,0.3,0.095,desktop,silver,1
4,9,17.2,0.343,17.09,0,15.5,0.394,0.464,desktop,silver,0
3,9,30.4,0.113,558.8,1,11.4,0.571,0.982,mobile,platinum,0
41,4,28.7,0.04,43.97,1,8.6,0.222,0.424,mobile,gold,1
27,11,15.4,0.087,624.68,1,13.3,0.167,0.89,mobile,silver,0
21,9,16.0,0.309,759.93,0,6.7,0.278,0.662,tablet,gold,0
106,3,9.2,0.567,72.81,0,5.6,0.131,0.283,desktop,bronze,1
6,8,16.6,0.002,,0,16.2,0.372,0.539,mobile,silver,0
365,2,0.5,0.598,84.71,2,,0.399,0.109,mobile,silver,1
31,6,18.0,0.114,454.65,0,11.3,0.107,0.523,desktop,silver,0
7,8,16.7,0.112,24.58,1,13.0,0.146,0.561,desktop,gold,0
37,6,12.2,0.365,318.95,0,13.6,0.342,0.433,tablet,platinum,0
77,3,12.2,0.14,136.46,1,4.5,0.112,,tablet,bronze,1
146,3,9.4,0.292,25.64,2,,0.881,,tablet,bronze,0
255,1,1.5,0.911,14.76,3,,0.734,0.148,mobile,bronze,1
105,1,6.1,0.399,97.79,0,3.4,0.406,0.458,mobile,bronze,1
152,1,4.3,0.8,49.98,1,6.3,0.554,0.227,tablet,gold,1
300,1,0.9,0.68,9.25,3,4.1,0.742,0.156,mobile,gold,1
62,0,3.8,0.669,60.1,3,1.0,0.352,,mobile,bronze,1
139,4,5.4,0.294,62.61,1,4.3,0.373,0.363,mobile,bronze,0
108,6,22.2,0.104,359.84,0,3.7,0.022,0.916,tablet,platinum,0
286,1,2.5,0.767,0.81,3,3.4,0.456,0.042,mobile,bronze,1
12,12,18.4,0.122,32.92,1,11.4,0.261,0.56,mobile,gold,1
32,3,20.2,0.097,50.97,1,16.1,0.622,0.763,mobile,gold,1
141,0,4.4,0.572,81.35,2,,0.322,0.249,mobile,bronze,0
19,1,4.0,0.702,67.74,0,3.9,0.555,0.066,mobile,bronze,0
15,4,6.6,0.523,20.95,2,1.0,0.441,0.461,desktop,bronze,0
12,7,21.2,0.158,701.54,0,9.8,0.442,0.843,desktop,silver,0
11,0,9.2,0.793,128.68,0,4.7,0.574,0.389,desktop,silver,0
72,13,29.8,0.145,1330.26,4,8.8,0.204,0.843,mobile,platinum,0
39,1,4.2,0.372,63.13,0,2.1,0.65,0.337,desktop,bronze,1
51,11,22.4,0.123,258.53,0,10.5,0.24,0.766,mobile,gold,0
6,4,11.5,0.213,25.64,0,16.3,0.189,0.656,desktop,gold,0
39,2,6.5,0.426,7.65,2,1.0,0.515,0.131,mobile,bronze,0
31,2,9.2,0.29,17.94,0,4.6,0.27,0.016,mobile,silver,1
12,10,25.6,0.074,625.96,0,12.8,0.2,0.696,mobile,gold,0
39,0,2.0,0.804,21.8,3,4.0,0.584,0.067,mobile,silver,1
74,2,4.9,0.797,47.18,4,5.4,0.755,0.24,tablet,bronze,0
6,10,14.4,0.113,74.57,1,11.5,0.091,0.774,desktop,gold,0
2,11,22.5,0.49,581.59,1,13.1,0.342,0.643,tablet,gold,1
2,10,18.5,0.271,494.77,0,13.7,0.357,0.777,tablet,gold,0
182,1,4.2,0.431,19.59,1,8.3,0.375,0.353,desktop,silver,0
241,1,3.5,0.719,28.85,4,3.5,0.634,0.558,mobile,bronze,1
18,1,19.0,0.131,752.37,0,12.6,0.108,0.824,mobile,silver,0
132,0,,0.728,171.46,4,4.8,0.599,0.1,mobile,bronze,1
76,2,4.6,0.653,81.67,0,1.2,0.51,0.478,desktop,bronze,0
72,2,8.0,0.305,110.47,0,3.1,0.558,0.311,desktop,bronze,0
64,7,18.9,0.136,266.56,0,15.1,0.042,0.935,mobile,platinum,1
22,6,14.1,0.161,431.47,1,12.2,0.462,0.67,mobile,platinum,0
3,8,18.4,,165.97,0,10.6,0.155,0.713,tablet,bronze,0
12,9,,0.473,73.89,0,8.0,0.459,0.723,mobile,platinum,0
66,1,6.5,0.368,175.65,2,5.6,0.334,0.462,mobile,bronze,0
1,8,,0.006,575.83,0,14.8,0.523,0.908,desktop,platinum,0
1,10,22.3,0.034,112.22,1,17.9,0.082,0.491,desktop,gold,0
2,7,24.7,0.14,,0,10.8,0.32,0.566,desktop,silver,0
9,0,4.7,0.308,94.98,0,4.5,0.594,0.239,desktop,silver,1
11,9,9.4,0.079,1517.3,1,10.3,0.379,0.68,desktop,gold,0
13,2,1.8,0.656,9.87,3,1.2,0.725,0.306,desktop,bronze,1
2,9,13.0,0.413,510.73,0,13.0,0.625,0.414,mobile,silver,0
56,1,8.0,0.76,41.84,2,8.4,0.47,0.488,desktop,silver,0
37,0,3.3,,83.32,4,2.7,0.775,0.056,desktop,bronze,0
207,1,5.2,0.966,65.97,2,4.2,0.598,0.042,mobile,gold,0
87,2,3.8,,16.43,2,5.2,0.557,,mobile,bronze,1
1,10,26.6,0.661,1135.4,0,12.9,0.222,0.46,desktop,gold,0
9,11,16.5,0.267,143.92,0,15.0,0.131,0.927,tablet,gold,0
3,7,11.2,0.212,457.32,0,14.4,0.373,0.632,desktop,gold,0
9,9,22.5,0.019,26.31,0,5.9,0.177,0.858,desktop,gold,0
19,4,18.7,0.037,514.76,0,5.9,0.35,0.363,desktop,platinum,0
15,3,13.7,0.048,34.57,0,10.3,0.398,,desktop,bronze,0
148,2,2.3,0.434,189.14,2,6.3,0.169,,desktop,silver,1
8,9,14.4,0.067,1529.89,1,,0.452,0.573,tablet,gold,0
212,2,3.2,0.396,139.75,1,6.7,0.718,0.315,mobile,gold,1
39,10,15.9,0.012,1142.6,1,11.5,0.404,0.817,mobile,gold,0
73,0,3.6,0.947,6.29,3,3.1,0.566,0.035,desktop,bronze,0
16,4,14.7,0.151,1414.51,1,9.9,0.266,0.639,desktop,silver,0
8,7,22.5,0.507,86.42,0,12.4,0.241,0.701,mobile,gold,0
9,10,14.7,0.169,432.13,0,,0.159,0.431,mobile,silver,0
261,0,0.5,0.938,40.65,0,4.8,0.576,0.151,desktop,silver,0
57,0,2.4,0.851,72.04,2,1.0,0.738,0.093,mobile,bronze,0
12,7,7.2,0.46,129.96,1,6.1,0.462,0.814,tablet,bronze,0
12,0,3.0,0.675,84.87,1,1.4,0.534,,mobile,gold,1
76,0,13.2,0.31,49.02,0,,0.401,0.624,desktop,silver,0
365,0,2.8,0.97,75.4,2,5.6,0.322,0.369,mobile,bronze,1
18,15,23.3,0.003,591.17,1,,0.275,0.523,desktop,gold,0
13,10,21.5,0.215,86.87,0,14.4,0.492,0.878,desktop,gold,1
2,11,10.1,0.045,85.63,0,11.9,0.406,0.771,desktop,platinum,0
6,8,20.7,0.511,738.12,0,9.9,0.165,0.89,desktop,platinum,0
63,1,4.0,0.534,170.2,4,4.0,0.713,0.439,desktop,bronze,1
181,0,1.0,0.556,178.34,1,4.2,0.743,0.046,tablet,silver,1
10,8,14.9,0.069,623.18,0,14.3,0.034,0.786,desktop,silver,0
1,8,16.3,0.419,409.81,0,12.9,0.332,0.617,desktop,silver,0
14,1,11.4,0.424,214.59,0,7.9,0.451,0.467,desktop,silver,1
31,5,17.1,0.317,68.77,0,5.4,0.519,0.433,tablet,silver,1
19,8,21.8,,851.27,0,16.8,0.375,0.583,desktop,gold,0
14,9,20.2,0.468,53.0,0,13.8,0.191,0.218,desktop,bronze,1
11,5,14.9,0.272,378.22,1,12.7,0.28,0.802,mobile,platinum,0
98,2,2.2,0.838,2.77,1,4.2,0.522,0.092,desktop,gold,1
75,3,9.7,0.517,40.74,0,4.8,0.222,0.164,mobile,platinum,1
56,7,17.9,0.325,284.18,1,11.6,0.21,0.367,mobile,silver,1
17,9,20.3,0.096,318.85,1,12.7,0.321,0.654,mobile,gold,0
201,0,2.9,0.902,28.04,3,4.4,0.632,0.027,tablet,bronze,1
11,11,24.8,,31.85,1,10.5,0.047,0.79,mobile,silver,1
32,4,21.8,0.175,238.48,0,18.9,0.159,0.446,mobile,silver,1
45,4,3.5,0.38,94.61,3,5.7,0.423,0.725,tablet,bronze,0
6,8,15.2,0.254,245.11,1,11.4,0.393,0.63,mobile,gold,0
22,4,27.0,0.044,910.32,0,14.6,0.066,0.784,mobile,gold,0
50,2,1.7,0.438,6.38,2,7.7,0.211,0.372,desktop,bronze,1
17,0,3.7,0.269,0.11,1,3.4,0.845,0.091,desktop,silver,1
2,7,21.6,0.108,278.3,1,15.1,0.229,0.783,desktop,silver,0
14,3,2.6,0.471,3.13,4,3.4,0.678,0.025,desktop,bronze,0
1,6,18.7,0.408,773.24,1,19.8,0.336,0.591,desktop,platinum,0
44,0,6.1,0.725,163.41,0,6.8,0.625,0.435,mobile,silver,1
34,3,1.5,0.752,36.0,2,3.5,0.376,0.229,mobile,bronze,0
37,3,7.4,0.496,10.14,2,4.7,0.697,0.565,mobile,gold,0
57,0,1.6,0.899,,4,,0.371,0.185,desktop,bronze,1
107,2,1.4,0.456,44.13,0,4.2,0.233,0.126,mobile,bronze,0
19,9,13.2,0.012,624.83,0,10.3,0.339,0.577,mobile,gold,0
9,0,6.5,0.524,29.15,1,4.9,0.246,0.188,mobile,bronze,0
37,4,4.4,,77.38,2,2.6,0.667,0.282,mobile,bronze,1
5,3,7.1,0.629,4.78,0,6.8,0.476,0.548,tablet,silver,0
20,5,28.2,0.082,503.83,0,10.3,0.141,0.942,desktop,platinum,0
11,11,7.6,0.03,786.37,0,14.9,0.615,0.85,desktop,gold,0
8,6,3.2,0.508,17.56,3,3.0,0.551,0.163,mobile,bronze,1
150,0,4.6,0.523,58.67,3,3.0,0.749,0.048,mobile,bronze,1
57,3,10.7,,59.56,1,5.5,0.455,0.392,desktop,silver,1
291,0,0.5,0.564,15.35,0,3.9,0.524,0.059,desktop,bronze,1
1,7,22.8,0.089,169.85,0,8.9,0.385,0.601,mobile,bronze,1
1,4,21.8,0.061,191.52,0,11.2,0.282,0.542,desktop,silver,1
16,1,2.5,0.395,21.16,4,4.6,0.493,0.078,mobile,bronze,1
43,1,3.6,0.745,,3,6.1,0.53,0.268,desktop,bronze,0
270,2,0.7,0.615,,4,5.7,0.762,0.238,desktop,bronze,1
13,9,8.5,0.037,209.41,0,13.2,0.401,0.398,tablet,platinum,0
8,6,19.7,0.212,73.67,0,6.9,0.329,0.503,desktop,gold,1
1,12,14.6,0.147,124.07,1,13.2,0.243,0.124,tablet,platinum,0
353,0,3.1,0.677,47.17,1,4.9,0.881,0.282,mobile,bronze,1
66,1,5.4,,18.62,3,2.8,0.687,0.042,mobile,gold,0
19,2,31.7,0.183,247.12,0,9.5,0.132,0.854,desktop,platinum,0
70,1,5.1,0.863,35.58,0,4.2,0.208,0.151,mobile,silver,1
78,2,7.1,,9.05,0,6.0,0.567,0.294,mobile,silver,0
85,0,6.9,0.424,104.96,0,6.7,0.36,0.295,tablet,silver,1
12,11,23.2,0.085,408.08,1,7.4,0.445,0.556,mobile,gold,0
69,8,24.4,0.254,572.81,0,14.5,0.063,0.846,tablet,silver,0
14,2,5.6,0.467,37.84,0,8.0,0.373,0.312,desktop,platinum,1
243,1,3.5,0.784,146.96,1,2.1,0.71,0.265,mobile,silver,1
130,2,1.1,0.795,7.37,4,1.1,0.521,0.255,desktop,bronze,0
68,1,4.1,0.384,10.61,6,2.8,0.486,0.034,desktop,silver,1
2,7,20.6,0.121,227.47,0,10.7,0.419,0.648,desktop,platinum,1
283,1,0.8,0.837,28.85,4,3.1,0.763,0.05,desktop,silver,1
38,8,21.6,0.016,1350.68,0,9.9,0.168,0.385,mobile,gold,0
15,2,11.2,0.409,9.82,1,6.4,0.358,0.315,tablet,bronze,0
42,1,8.6,0.576,12.17,3,5.1,0.485,0.47,mobile,gold,1
2,8,18.3,0.072,660.6,0,11.2,0.409,0.659,mobile,silver,0
132,2,4.8,0.9,21.7,0,1.0,0.311,0.012,mobile,bronze,1
90,6,,0.355,128.83,0,7.2,0.348,0.347,desktop,silver,0
4,8,19.5,0.171,1401.81,0,10.5,0.262,0.574,mobile,platinum,0
200,1,,0.699,,3,,0.687,0.064,mobile,bronze,1
230,1,2.7,,27.35,3,5.6,0.638,0.001,mobile,bronze,0
54,2,4.9,0.654,9.03,2,,0.685,,mobile,gold,1
29,11,13.5,0.08,1619.31,1,9.4,0.309,0.609,mobile,gold,0
24,1,1.9,,80.96,0,6.6,0.444,0.061,mobile,silver,0
50,1,5.4,0.301,125.04,2,6.9,0.652,0.067,desktop,platinum,1
18,6,21.0,0.322,247.69,0,11.9,0.165,0.558,desktop,platinum,0
7,4,11.6,0.032,976.91,0,12.0,0.37,,mobile,platinum,1
16,4,17.0,0.343,252.76,1,14.2,0.421,0.521,mobile,gold,1
15,9,18.8,0.125,841.67,1,15.5,0.294,0.678,mobile,bronze,0
34,10,22.3,0.214,1158.48,1,16.7,0.406,0.408,desktop,platinum,0
80,7,5.5,0.001,39.44,1,,0.216,0.631,desktop,platinum,0
10,9,10.9,0.136,2.27,0,12.8,0.426,0.91,mobile,silver,0
83,2,8.1,0.042,117.11,1,3.4,0.785,0.042,mobile,bronze,1
2,8,5.7,0.039,54.5,0,12.5,0.347,0.403,mobile,bronze,0
29,12,24.5,0.142,298.75,0,13.4,0.303,0.89,desktop,gold,1
9,14,19.3,0.047,,1,7.7,0.262,0.358,desktop,gold,0
1,9,21.5,0.106,208.35,0,15.5,0.31,,desktop,silver,0
9,8,14.9,0.136,93.05,1,8.7,0.338,0.82,desktop,silver,0
79,1,2.3,0.713,11.27,3,1.0,0.282,0.121,desktop,bronze,0
2,6,19.3,0.125,213.09,0,16.3,0.393,0.673,mobile,gold,0
46,0,3.1,0.88,,1,4.1,0.606,0.58,desktop,silver,0
1,10,23.3,0.047,183.27,1,7.7,0.511,,mobile,platinum,1
53,5,20.4,0.378,231.13,0,7.2,0.358,0.817,mobile,gold,1
24,6,19.1,,218.94,0,13.6,0.127,0.684,mobile,bronze,0
17,0,6.5,0.238,20.67,0,5.3,0.373,0.28,mobile,gold,0
9,6,14.4,0.035,752.84,0,11.2,0.348,0.823,tablet,silver,0
27,6,,,54.29,0,7.9,0.138,0.621,desktop,gold,0
18,2,20.2,0.205,87.68,0,10.8,0.347,0.613,desktop,gold,0
22,8,17.7,0.104,505.29,0,9.3,0.279,0.627,desktop,gold,1
111,1,6.6,0.455,29.4,3,2.7,0.327,0.098,mobile,bronze,0
101,0,5.1,0.751,12.4,2,1.0,0.421,0.034,desktop,silver,1
91,11,21.6,0.184,657.96,0,11.0,0.238,0.725,desktop,platinum,0
4,8,12.0,0.526,1664.13,0,12.2,0.189,0.78,desktop,silver,0
116,2,0.5,0.791,75.07,1,2.3,0.51,0.038,desktop,bronze,1
27,2,0.5,0.866,69.92,3,2.7,0.416,0.049,mobile,bronze,0
84,1,1.3,0.853,31.57,5,3.5,0.068,,mobile,bronze,0
58,6,9.0,0.492,39.99,2,4.0,0.464,0.44,desktop,silver,0
6,9,12.6,0.343,39.86,0,15.2,0.484,0.529,tablet,gold,0
1,7,25.4,0.022,111.17,0,6.9,0.314,0.889,desktop,gold,0
221,1,3.8,0.964,172.95,4,4.7,0.769,0.268,desktop,bronze,1
11,6,12.3,0.063,779.72,0,7.9,0.172,0.201,desktop,gold,0
9,3,3.7,0.884,111.0,1,4.2,0.673,0.371,mobile,silver,1
13,2,0.5,0.421,15.09,1,4.5,0.664,0.072,desktop,bronze,0
12,5,18.4,0.012,,1,10.9,0.351,0.403,tablet,bronze,0
21,0,5.8,0.866,40.84,3,1.1,0.68,0.108,desktop,bronze,0
365,2,4.6,,42.51,2,4.1,0.507,0.016,desktop,bronze,0
20,1,4.7,0.418,9.09,5,2.3,0.578,0.108,desktop,gold,1
80,1,3.9,0.634,30.34,2,2.1,0.891,0.214,mobile,gold,1
54,0,2.5,0.632,,5,3.7,0.534,0.12,desktop,silver,0
9,11,13.7,0.226,323.11,2,13.5,0.434,0.838,mobile,silver,1
34,2,9.2,0.257,46.74,1,6.1,0.447,0.315,mobile,silver,0
17,10,24.9,0.104,1083.42,1,16.8,0.196,0.881,desktop,silver,0
8,8,19.5,,1340.65,1,4.6,0.255,0.628,tablet,silver,1
262,1,4.7,0.848,92.75,2,4.0,0.624,0.04,mobile,bronze,1
106,2,8.7,0.775,6.59,1,8.2,0.264,0.404,desktop,bronze,0
6,11,23.9,0.185,87.83,0,14.3,0.056,0.858,mobile,gold,0
214,1,2.1,0.605,10.19,4,1.0,0.475,0.618,mobile,gold,1
63,8,29.6,0.061,328.46,0,12.3,0.086,0.541,desktop,bronze,0
186,1,1.8,0.72,59.9,0,2.1,0.638,0.045,mobile,silver,1
25,8,13.1,0.05,672.6,0,,0.134,0.692,mobile,silver,0
19,11,22.0,0.04,904.64,0,4.5,0.135,0.75,mobile,silver,1
54,1,4.9,0.459,278.58,0,5.3,0.351,0.164,desktop,silver,0
8,11,12.9,0.09,95.66,0,11.7,0.556,0.727,desktop,bronze,0
7,3,14.4,0.099,113.16,0,,0.088,0.5,desktop,platinum,0
42,5,3.1,0.624,81.2,1,6.1,0.586,0.597,mobile,bronze,1
365,1,3.0,0.549,24.09,1,4.3,0.613,0.189,desktop,silver,1
4,1,,0.582,22.27,3,4.8,0.816,0.103,mobile,silver,1
4,8,27.0,0.382,,0,9.3,0.294,0.719,mobile,bronze,0
1,7,27.5,0.18,423.15,0,7.6,0.082,0.885,desktop,platinum,0
70,4,12.9,0.216,231.94,1,14.8,0.148,0.856,desktop,silver,0
29,2,13.1,0.148,169.99,0,6.6,0.545,0.179,desktop,bronze,0
69,11,15.3,0.349,1375.76,0,13.7,0.52,0.603,mobile,bronze,0
3,11,25.5,0.348,219.73,0,10.1,0.338,0.517,desktop,platinum,0
17,6,15.5,0.376,717.76,0,12.3,0.593,0.629,tablet,gold,1
42,3,4.0,0.745,140.05,1,6.3,0.618,0.827,desktop,silver,0
97,3,7.4,0.31,236.42,1,11.4,0.599,0.385,mobile,silver,0
47,1,6.5,0.288,36.26,2,,0.441,0.19,mobile,silver,0
160,0,2.7,0.753,54.47,7,4.3,0.492,0.131,mobile,bronze,1
48,6,,0.154,692.85,0,10.1,0.055,0.768,desktop,silver,1
102,1,1.7,0.667,18.52,1,,0.773,0.007,desktop,bronze,1
29,0,4.5,0.43,14.06,4,2.5,0.833,0.041,mobile,silver,1
237,0,3.4,0.695,95.4,2,4.1,0.399,0.107,mobile,gold,1
42,11,22.6,0.149,245.91,1,9.9,0.348,0.761,mobile,gold,0
62,11,19.9,0.199,98.02,0,12.2,0.173,0.876,mobile,gold,0
52,1,,0.67,19.89,1,4.3,0.696,0.316,mobile,gold,0
2,10,16.3,0.125,316.68,2,10.4,0.461,0.71,desktop,bronze,1
4,4,18.9,0.202,1390.37,0,,0.116,0.833,mobile,platinum,0
13,6,18.8,0.235,392.32,1,13.0,0.118,0.675,mobile,platinum,0
127,0,3.3,0.637,3.41,1,1.9,0.717,0.131,mobile,bronze,1
3,9,12.7,0.042,1077.72,1,13.1,0.192,0.752,mobile,bronze,0
21,10,21.2,0.157,232.12,0,,0.282,0.286,desktop,gold,0
60,2,1.9,0.469,104.03,1,3.3,0.292,0.204,desktop,gold,0
142,0,0.5,0.456,260.87,2,3.9,0.783,0.085,desktop,bronze,0
21,11,27.5,0.026,93.62,0,9.5,0.244,,mobile,silver,0
35,3,11.3,0.567,71.89,0,6.0,0.344,0.64,desktop,gold,0
33,7,13.1,0.098,730.44,0,10.7,0.432,0.955,mobile,gold,0
3,5,13.8,0.371,388.43,0,12.0,0.066,0.234,desktop,platinum,0
31,6,14.6,0.001,417.99,1,15.5,0.062,0.771,desktop,silver,1
1,12,13.6,0.075,183.58,0,9.3,0.139,0.444,mobile,gold,1
338,1,4.1,0.613,,1,,0.63,0.152,tablet,gold,0
21,9,21.3,0.287,41.44,0,11.1,0.418,0.663,tablet,platinum,1
76,2,6.3,0.394,203.52,0,5.9,0.49,0.801,mobile,silver,1
5,11,13.1,0.121,209.57,0,13.9,0.399,0.306,desktop,gold,1
10,1,3.3,0.444,70.23,2,6.6,0.582,0.211,tablet,gold,1
15,6,24.1,0.419,2438.76,0,10.3,0.241,0.35,mobile,platinum,0
171,1,3.9,0.937,27.43,1,3.2,0.779,0.009,desktop,bronze,1
19,3,13.5,0.266,93.67,2,3.8,0.331,0.225,mobile,bronze,0
349,1,0.5,0.841,59.71,3,2.4,0.423,0.04,desktop,bronze,1
3,13,13.4,0.047,476.42,1,11.5,0.217,0.661,mobile,silver,0
249,1,0.7,0.754,36.03,2,3.2,0.418,0.39,tablet,bronze,0
146,0,3.6,0.398,87.63,2,1.0,0.645,0.084,desktop,bronze,0
8,11,32.5,0.311,76.3,1,15.3,0.419,0.663,desktop,silver,0
93,1,7.1,0.792,219.25,4,5.1,0.523,0.281,tablet,gold,1
1,8,12.1,0.186,579.81,1,11.5,0.482,,desktop,gold,0
18,9,21.1,0.195,304.72,0,10.0,0.07,0.69,mobile,silver,1
56,2,2.5,0.406,28.96,0,3.9,0.47,0.026,mobile,bronze,0
81,2,5.9,0.796,21.32,4,1.0,0.694,0.103,mobile,silver,0
8,4,20.0,0.142,606.2,0,,0.25,0.683,desktop,gold,1
6,11,16.7,0.208,367.18,0,16.5,0.183,0.766,mobile,gold,0
36,5,18.6,0.003,676.52,1,18.4,0.284,0.506,mobile,gold,0
1,6,25.6,0.076,512.84,1,12.7,0.056,0.763,mobile,gold,1
23,4,9.3,0.68,15.5,0,8.7,0.404,0.464,desktop,bronze,1
9,7,25.3,0.199,1706.18,0,11.4,0.058,0.73,mobile,gold,0
6,10,20.6,0.166,,0,10.5,0.125,0.751,desktop,gold,0
48,6,22.6,0.032,1289.33,0,13.8,0.619,0.848,desktop,gold,0
9,0,4.2,0.721,18.85,0,5.3,0.577,0.052,mobile,silver,0
1,4,,0.307,208.03,0,18.0,0.449,0.834,desktop,silver,1
25,8,24.6,0.104,1122.12,0,15.1,0.453,0.764,mobile,gold,0
14,6,20.3,0.176,298.42,2,10.1,0.167,0.479,desktop,gold,0
46,7,15.4,0.103,1124.69,0,15.1,0.105,,mobile,gold,0
76,0,6.2,0.658,43.85,0,5.5,0.465,,mobile,silver,0
84,2,4.2,0.404,65.55,2,5.8,0.719,0.078,mobile,silver,0
14,2,5.0,0.164,127.68,0,7.6,0.448,0.189,desktop,bronze,0
13,8,13.9,0.022,779.41,0,19.3,0.144,0.518,desktop,gold,1
12,10,11.8,0.033,172.94,0,13.2,0.366,0.607,desktop,gold,0
4,14,22.3,0.204,158.77,1,11.2,0.139,0.966,desktop,gold,1
28,9,20.3,0.092,957.05,0,13.6,0.059,0.415,desktop,silver,0
12,11,19.5,0.252,399.22,0,11.7,0.404,0.629,mobile,gold,0
63,6,19.2,0.202,212.46,0,15.5,0.267,0.217,desktop,gold,1
6,6,18.8,0.06,206.25,0,11.6,0.148,0.833,desktop,bronze,0
22,14,26.3,0.105,643.3,0,13.4,0.321,0.556,desktop,gold,0
3,1,,0.684,124.76,4,2.8,0.441,0.079,desktop,bronze,1
21,7,24.4,0.013,471.11,0,11.7,0.235,0.626,mobile,gold,0
92,0,3.0,0.704,2.88,1,1.0,0.923,0.48,tablet,silver,1
31,3,8.6,0.434,45.08,1,6.0,0.449,0.254,mobile,bronze,1
8,8,20.6,0.162,226.33,1,3.1,0.304,0.673,mobile,bronze,1
21,0,5.7,0.335,43.94,3,1.0,0.528,0.093,mobile,bronze,0
270,0,5.1,0.867,31.79,3,4.6,0.489,0.122,mobile,gold,0
15,4,,0.058,503.21,0,11.2,0.418,0.753,desktop,platinum,1
5,4,18.4,0.498,1266.58,0,14.2,0.318,0.409,desktop,bronze,1
27,8,18.4,0.286,1814.28,0,11.7,0.468,0.754,desktop,silver,0
140,1,2.0,0.885,44.8,2,,0.434,0.203,mobile,silver,1
10,11,21.4,0.055,328.43,0,,0.195,0.349,mobile,platinum,0
6,10,23.4,0.163,,1,14.5,0.433,0.398,tablet,silver,1
132,10,21.0,0.007,765.23,0,14.4,0.4,0.773,desktop,gold,0
1,7,17.5,0.102,,0,15.7,0.287,0.786,mobile,bronze,0
1,6,13.6,0.068,458.52,0,10.1,0.112,0.799,tablet,bronze,0
365,1,5.9,0.523,29.67,3,4.0,0.478,,tablet,bronze,1
7,3,4.9,0.522,54.81,1,8.5,0.53,0.233,desktop,gold,0
77,6,20.2,0.347,161.43,0,14.2,0.373,0.372,mobile,platinum,1
21,4,23.2,0.115,1226.73,1,15.2,0.623,0.429,mobile,gold,0
71,1,6.1,0.792,7.87,3,2.4,0.568,0.04,desktop,bronze,0
4,8,13.8,0.254,220.81,0,15.5,0.441,0.686,desktop,gold,0
209,2,4.2,0.89,54.75,3,4.4,0.154,0.032,mobile,bronze,0
3,10,18.2,,267.79,0,9.4,0.127,0.475,mobile,gold,0
151,2,10.1,0.397,249.54,0,10.1,0.215,0.255,desktop,bronze,0
2,12,19.6,0.079,118.13,2,14.1,0.212,0.132,desktop,silver,1
24,0,4.6,0.222,3.52,2,1.0,0.476,0.138,desktop,silver,0
10,2,4.9,0.795,0.96,1,5.4,0.598,0.089,mobile,gold,0
9,6,21.3,0.022,342.87,0,9.1,0.388,0.648,tablet,silver,0
26,3,1.2,0.778,34.01,4,1.0,0.655,0.494,mobile,bronze,0
140,0,1.1,0.882,3.32,0,2.9,0.849,0.147,tablet,bronze,1
3,10,16.1,0.178,754.5,0,7.5,0.249,0.611,mobile,gold,0
12,16,19.1,0.393,67.47,0,11.2,0.168,0.717,desktop,gold,0
75,2,3.5,0.717,45.88,0,3.7,0.683,0.13,mobile,silver,0
1,3,,0.305,51.11,0,5.5,0.651,0.094,tablet,silver,0
12,1,4.6,0.5,60.56,1,5.5,0.505,0.043,desktop,platinum,1
1,2,5.0,,,0,5.9,0.483,,tablet,bronze,0
6,4,25.4,0.284,301.57,0,13.6,0.237,0.721,mobile,bronze,1
19,2,12.5,0.272,148.94,1,5.6,0.31,0.087,desktop,silver,0
85,8,13.1,0.224,231.23,1,7.3,0.136,0.66,desktop,gold,0
329,0,14.0,0.606,159.17,2,7.8,0.386,0.356,tablet,bronze,1
54,2,2.6,0.323,32.5,2,9.7,0.103,0.161,desktop,silver,1
28,1,4.1,0.832,64.67,1,3.3,0.62,0.141,mobile,bronze,0
5,1,9.3,0.556,9.44,0,3.9,0.365,0.366,mobile,silver,0
61,5,18.7,0.267,352.21,0,13.6,0.035,0.597,mobile,gold,0
13,6,8.6,0.093,364.06,0,8.5,0.442,0.177,desktop,gold,0
8,8,9.8,0.013,25.61,1,8.8,0.467,0.688,mobile,gold,1
4,6,17.3,0.092,3.31,1,9.9,0.092,0.916,mobile,gold,0
16,0,2.1,0.746,18.68,3,2.9,0.327,0.097,desktop,bronze,1
35,7,,0.172,833.74,0,11.0,0.302,0.663,mobile,platinum,0
19,9,,,101.9,0,,0.177,0.799,desktop,bronze,0
48,16,13.5,0.217,18.56,1,11.8,0.111,0.364,mobile,silver,0
9,1,,0.669,40.36,1,5.8,0.161,0.349,desktop,bronze,1
2,11,13.3,0.022,252.56,1,10.1,0.193,0.809,mobile,platinum,0
1,2,19.3,0.201,236.0,0,,0.229,0.647,mobile,silver,1
97,1,0.5,0.926,103.35,3,6.1,0.66,0.176,desktop,bronze,1
35,0,4.2,0.73,77.68,3,2.9,0.828,0.034,mobile,silver,1
126,2,3.1,,64.41,1,2.6,0.798,0.15,mobile,bronze,1
7,10,11.3,0.195,157.94,0,6.2,0.392,0.61,tablet,gold,0
92,1,4.0,0.883,58.7,3,3.0,0.327,0.043,mobile,bronze,0
10,2,9.6,0.461,43.02,0,3.1,0.369,0.435,mobile,silver,0
1,3,24.7,0.09,,0,9.8,0.221,0.674,desktop,gold,0
33,5,23.6,0.086,220.7,0,10.1,0.382,0.548,mobile,gold,0
7,13,20.0,,860.74,2,14.3,0.045,0.557,desktop,silver,0
365,2,0.5,0.923,1.2,6,1.0,0.712,0.205,desktop,bronze,1
5,11,14.1,0.023,886.42,0,12.2,0.467,0.787,desktop,bronze,0
12,12,20.2,0.055,259.22,1,9.3,0.41,0.287,mobile,platinum,0
11,14,12.5,0.089,89.02,1,7.7,0.506,0.82,mobile,platinum,1
6,13,12.5,0.29,708.67,1,15.6,0.612,0.754,desktop,silver,0
9,3,9.4,0.745,1.8,1,8.4,0.441,,desktop,bronze,0
15,2,11.9,0.736,29.49,3,7.4,0.458,0.227,mobile,bronze,0
92,6,26.0,0.098,258.87,0,20.4,0.512,0.874,tablet,gold,0
30,10,21.4,0.007,678.42,0,8.5,0.317,0.542,mobile,bronze,0
7,11,21.0,0.156,467.34,0,8.2,0.332,0.525,mobile,gold,0
58,2,4.3,0.829,66.84,1,6.3,0.755,0.174,mobile,bronze,1
4,4,30.2,0.04,420.47,0,10.7,0.247,0.786,mobile,gold,0
126,1,3.5,0.849,73.65,1,2.1,0.47,0.018,mobile,bronze,1
16,7,16.4,0.263,203.64,1,14.9,0.352,0.439,desktop,gold,1
18,7,17.3,0.43,650.71,0,16.1,0.164,0.635,tablet,platinum,0
204,1,,0.831,60.37,3,1.8,0.428,0.007,mobile,bronze,1
23,2,11.4,0.405,62.02,1,6.5,0.316,0.394,mobile,bronze,0
38,1,8.4,0.219,137.46,0,9.2,0.155,0.272,mobile,silver,0
8,10,20.1,0.519,1140.29,0,14.3,0.113,0.4,mobile,gold,0
22,6,20.6,0.068,1206.03,1,12.3,0.359,0.884,desktop,gold,0
1,2,4.9,0.73,60.96,1,3.7,0.191,0.593,desktop,silver,0
132,0,1.9,0.828,17.72,5,4.6,0.578,0.015,mobile,bronze,1
9,6,23.8,0.099,392.09,0,5.6,0.422,0.768,desktop,bronze,0
246,0,2.3,0.911,56.5,4,3.8,0.661,0.092,tablet,bronze,1
1,9,19.2,0.022,1078.63,1,14.6,0.044,0.729,desktop,gold,0
50,1,1.4,0.837,41.12,3,1.0,0.902,0.248,mobile,silver,0
133,5,10.0,0.578,413.94,2,4.9,0.237,0.643,desktop,bronze,1
72,2,9.8,0.551,99.31,1,5.1,0.486,0.59,mobile,bronze,1
82,0,3.4,0.652,28.96,3,1.9,0.707,0.004,mobile,gold,0
26,8,18.1,0.131,13.69,1,13.2,0.261,0.83,desktop,bronze,1
21,3,8.6,0.532,17.11,0,7.5,0.44,0.701,desktop,silver,0
9,8,,0.106,1033.89,0,7.9,0.171,0.432,desktop,silver,0
44,2,6.7,0.475,9.53,1,6.9,0.192,0.102,mobile,bronze,0
5,7,16.9,,1528.23,0,16.0,0.264,0.44,mobile,platinum,1
31,16,16.0,0.359,105.02,0,16.3,0.338,0.454,desktop,silver,0
13,1,1.2,0.523,133.28,1,1.4,0.609,0.003,mobile,bronze,0
60,1,1.6,0.792,62.05,1,5.0,0.248,0.185,tablet,bronze,1
8,9,17.2,0.095,795.94,1,,0.299,0.636,mobile,gold,1
2,11,19.2,0.24,52.41,2,9.5,0.372,0.939,mobile,bronze,0
1,10,19.1,0.002,482.45,0,9.4,0.379,0.501,mobile,silver,0
97,9,22.5,0.114,239.75,0,13.1,0.473,,mobile,gold,1
21,6,15.6,0.095,44.49,0,11.0,0.398,0.545,desktop,bronze,0
55,4,12.0,0.713,105.25,0,4.2,0.575,0.266,mobile,bronze,0
39,4,,0.487,110.58,1,5.2,0.402,0.334,desktop,silver,1
36,6,16.8,0.088,216.81,1,12.6,0.121,0.777,desktop,gold,0
16,1,3.8,0.618,29.07,0,5.8,0.472,0.427,tablet,bronze,0
1,6,11.3,0.001,536.57,0,10.5,0.251,0.41,mobile,gold,0
4,6,28.1,0.017,1118.6,0,13.2,0.139,0.788,desktop,silver,0
4,3,4.1,0.412,105.94,1,4.5,0.53,0.252,tablet,bronze,0
97,1,3.5,0.622,25.75,6,1.1,0.56,0.435,mobile,gold,0
351,2,0.7,0.945,2.87,4,4.9,0.56,0.026,mobile,bronze,1
42,1,6.7,0.411,21.87,0,4.7,0.491,0.373,desktop,bronze,0
62,8,19.7,,192.98,0,11.8,0.354,0.784,desktop,gold,0
11,4,9.1,0.633,0.88,0,6.9,0.275,0.1,tablet,bronze,1
114,2,11.7,0.41,56.51,2,6.1,0.32,0.704,desktop,bronze,1
217,1,7.9,0.499,3.18,4,2.6,0.451,0.096,tablet,silver,1
30,2,9.7,,34.15,1,4.2,0.203,0.636,mobile,bronze,0
3,6,14.6,0.093,265.21,1,10.8,0.116,0.823,desktop,gold,0
14,8,16.9,0.267,214.56,1,9.5,0.242,0.709,desktop,gold,0
31,6,26.3,0.091,1103.25,0,10.5,0.617,0.571,desktop,gold,0
170,1,5.2,0.721,38.9,0,5.4,0.198,0.554,mobile,silver,1
40,0,3.1,0.635,0.15,2,1.1,0.621,,mobile,bronze,0
85,5,31.3,0.199,761.59,0,,0.335,0.94,mobile,platinum,1
11,10,19.0,0.115,1879.93,1,9.2,0.624,0.654,desktop,gold,1
18,14,10.7,0.077,350.44,0,12.5,0.226,0.684,tablet,bronze,0
1,5,18.4,0.432,93.12,0,13.3,0.33,0.118,mobile,silver,0
84,2,3.9,,13.48,4,1.0,0.722,,mobile,bronze,1
98,1,3.5,0.539,79.03,1,2.5,0.667,0.197,mobile,bronze,0
10,6,17.9,0.274,323.42,0,18.6,0.156,0.369,desktop,platinum,0
12,4,8.9,0.255,99.53,0,5.1,0.435,,mobile,silver,1
113,1,2.4,,10.23,4,3.6,0.64,,desktop,silver,1
105,2,3.5,0.791,103.23,0,2.3,0.478,0.18,desktop,silver,0
140,3,7.3,0.536,40.36,0,3.7,0.215,0.599,desktop,bronze,1
122,0,4.4,0.883,82.87,2,4.3,0.826,0.229,mobile,bronze,0
42,5,13.8,0.383,21.6,1,4.4,0.403,0.581,desktop,gold,0
4,8,12.2,0.035,1359.39,0,15.9,0.15,0.618,mobile,gold,0
30,0,3.0,0.755,,0,6.3,0.705,0.663,desktop,platinum,1
30,1,1.1,,23.85,1,3.2,0.684,0.036,mobile,gold,0
83,4,5.8,0.368,123.82,3,3.1,0.484,0.105,desktop,bronze,1
3,6,18.4,0.19,183.16,0,12.7,0.304,0.8,mobile,silver,0
135,1,12.1,0.247,200.9,0,8.6,0.378,0.397,mobile,silver,0
21,7,15.4,0.17,20.64,0,19.9,0.424,0.593,mobile,silver,0
51,0,4.3,0.787,14.78,1,3.8,0.362,0.067,desktop,bronze,1
5,4,13.7,0.13,125.67,0,11.2,0.478,0.634,mobile,platinum,0
1,12,18.4,0.079,173.83,0,,0.125,0.476,desktop,bronze,0
1,9,,0.073,155.37,0,7.4,0.419,0.771,desktop,gold,0
11,11,18.8,0.203,234.95,0,13.0,0.221,0.881,desktop,platinum,0
49,1,5.1,0.557,14.95,1,7.9,0.074,0.251,mobile,gold,1
4,7,12.1,0.151,270.32,0,10.9,0.106,0.562,mobile,silver,0
21,3,3.3,0.558,81.48,3,4.4,0.296,0.096,mobile,bronze,1
2,9,20.4,0.096,793.89,0,12.4,0.171,0.573,desktop,gold,0
181,2,6.3,0.607,22.02,2,4.9,0.736,0.225,mobile,silver,1
22,5,9.1,0.155,206.97,1,8.6,0.289,0.797,desktop,gold,0
20,7,12.1,0.149,871.92,0,17.5,0.128,0.646,desktop,bronze,0
146,3,3.5,0.746,87.56,2,1.9,0.562,0.206,mobile,bronze,1
13,7,16.6,0.096,206.42,0,12.3,0.301,0.572,desktop,platinum,0
63,1,0.5,,137.97,0,4.0,0.687,0.264,mobile,bronze,1
29,4,6.9,0.469,28.81,0,6.6,0.393,0.754,tablet,silver,0
79,0,9.2,0.34,26.01,1,,0.614,0.49,mobile,bronze,1
119,2,0.5,0.745,23.38,1,,0.587,0.423,desktop,bronze,1
17,2,,0.696,76.72,2,4.7,0.717,0.268,tablet,silver,1
22,6,20.2,0.072,344.72,0,15.6,0.711,0.534,tablet,bronze,0
85,1,8.4,0.772,52.12,1,4.2,0.41,0.062,mobile,bronze,0
90,1,0.5,0.562,103.95,4,4.6,0.492,0.127,mobile,bronze,1
17,8,20.5,0.281,4657.48,0,6.7,0.339,0.491,mobile,silver,1
30,8,14.8,0.396,443.46,0,11.9,0.366,0.483,mobile,silver,0
5,4,24.1,0.443,193.6,0,12.9,0.324,0.864,mobile,silver,0
14,1,8.2,0.456,39.21,2,1.3,0.334,0.04,mobile,gold,1
153,0,4.0,0.838,33.16,2,1.0,0.505,0.004,mobile,bronze,0
9,4,19.5,0.148,138.05,1,15.5,0.063,0.383,mobile,platinum,1
269,3,0.5,0.434,7.67,3,5.5,0.652,0.198,mobile,bronze,0
302,3,1.8,0.902,23.82,1,,0.706,0.147,mobile,silver,0
6,2,4.5,0.561,46.73,2,1.0,0.65,0.346,mobile,silver,1
91,1,7.1,0.555,181.14,0,8.3,0.396,0.308,mobile,gold,1
91,2,7.7,0.382,63.13,1,5.3,0.297,0.595,mobile,bronze,0
68,6,19.4,0.342,234.36,0,,0.233,0.68,mobile,gold,1
275,4,4.7,0.46,111.52,1,6.3,0.378,0.101,mobile,silver,0
2,10,12.8,0.077,207.9,0,15.9,0.339,0.813,mobile,gold,0
2,9,18.8,0.069,199.63,1,15.1,0.222,0.627,mobile,silver,0
1,1,2.8,0.646,10.57,3,2.5,0.469,0.009,mobile,gold,0
8,14,17.2,0.006,95.87,0,14.8,0.368,0.874,desktop,bronze,0
1,1,,,300.93,1,7.4,0.381,0.546,desktop,bronze,1
15,9,19.9,0.016,24.63,1,14.9,0.202,0.519,mobile,silver,1
9,7,,0.145,59.23,0,9.4,0.252,0.718,mobile,gold,0
2,7,18.2,0.095,11.41,0,11.9,0.319,0.959,mobile,platinum,0
133,1,0.5,0.292,7.78,4,3.9,0.359,0.1,desktop,bronze,0
27,3,,0.347,226.5,0,,0.639,0.149,tablet,silver,1
28,7,20.6,0.072,77.94,1,11.4,0.302,0.818,desktop,silver,0
34,12,22.4,0.165,51.68,0,8.2,0.385,,mobile,gold,0
4,7,12.7,0.137,477.22,0,10.8,0.399,0.417,desktop,silver,0
6,10,17.8,0.208,207.83,0,12.9,0.313,0.595,mobile,gold,0
64,1,5.2,0.593,15.98,1,1.0,0.932,0.492,mobile,bronze,1
28,10,17.9,0.129,642.25,0,14.1,0.135,0.776,mobile,gold,1
88,1,4.1,0.579,172.2,3,1.9,0.706,0.1,tablet,gold,0
25,4,18.0,0.244,1113.29,1,11.3,0.284,0.656,desktop,silver,0
18,3,10.3,0.407,22.73,1,7.7,0.353,0.756,desktop,bronze,0
95,5,9.7,0.651,9.22,1,5.5,0.392,0.739,tablet,bronze,1
9,7,20.2,0.029,32.12,0,12.7,0.919,0.986,mobile,silver,0
11,11,14.0,0.256,549.63,0,10.1,0.179,0.789,tablet,silver,0
15,0,3.1,0.802,22.39,4,3.6,0.359,0.147,mobile,silver,1
1,6,20.0,0.098,140.14,0,15.5,0.196,0.78,desktop,gold,0
28,0,1.4,0.5,109.98,2,1.5,0.72,0.273,mobile,bronze,1
11,7,12.5,0.205,790.38,0,10.2,0.214,0.9,desktop,platinum,0
365,2,2.4,0.859,13.1,1,1.4,0.653,0.071,mobile,bronze,1
39,1,0.5,0.501,59.37,4,5.2,0.593,0.124,mobile,bronze,0
6,8,20.3,0.501,,0,10.9,0.347,0.816,mobile,gold,0
23,2,2.6,,1.21,3,3.8,0.921,0.256,mobile,silver,1
12,6,15.6,0.381,100.99,0,13.1,0.558,0.913,desktop,silver,0
9,9,15.3,0.019,109.56,0,7.4,0.277,0.573,desktop,silver,0
46,0,1.4,0.683,3.75,3,1.0,0.302,0.062,mobile,bronze,1
11,8,27.5,0.092,44.1,0,12.2,0.176,0.78,mobile,silver,0
24,1,3.2,0.44,13.05,4,2.3,0.62,0.045,desktop,bronze,1
117,1,7.1,0.792,4.63,1,2.4,0.72,,desktop,silver,0
40,7,17.5,0.118,158.37,0,11.3,0.199,0.835,desktop,silver,0
28,2,3.4,0.873,,4,3.2,0.613,0.007,desktop,bronze,1
2,2,8.6,0.778,259.82,0,6.2,0.485,0.498,desktop,bronze,0
23,0,3.1,0.622,19.27,1,1.1,0.248,0.283,mobile,silver,1
278,0,0.8,0.506,72.57,4,2.2,0.789,0.262,mobile,silver,1
6,7,10.2,0.19,100.99,0,16.9,0.248,0.902,mobile,platinum,0
48,11,19.2,0.119,10.98,0,13.5,0.349,0.288,desktop,platinum,1
71,0,0.9,0.94,43.89,1,5.2,0.419,0.001,mobile,bronze,1
1,10,18.4,0.352,154.19,0,15.3,0.457,0.47,desktop,silver,0
163,2,1.4,0.856,22.59,2,3.3,0.417,0.213,mobile,bronze,0
180,1,0.5,0.429,11.31,0,4.6,0.342,0.246,desktop,platinum,0
19,3,17.0,0.096,56.38,0,16.4,0.516,0.777,tablet,platinum,0
26,10,15.4,0.108,36.75,1,9.7,0.134,0.778,desktop,gold,0
56,1,5.9,0.531,40.89,1,6.7,0.511,0.603,desktop,bronze,0
56,9,,0.47,,2,13.8,0.152,0.817,desktop,gold,0
274,2,15.0,0.658,108.69,0,,0.837,0.316,desktop,gold,1
7,8,20.4,0.041,153.55,0,14.8,0.383,0.614,mobile,silver,0
37,4,4.0,0.428,97.52,2,8.5,0.083,0.29,desktop,bronze,1
264,0,2.0,0.64,78.5,3,3.8,0.602,0.476,desktop,bronze,0
49,4,21.8,0.272,1296.47,1,,0.348,0.869,desktop,silver,0
17,3,17.0,0.618,885.25,0,4.6,0.138,0.646,desktop,bronze,0
26,4,13.8,0.165,668.69,0,,0.615,0.958,desktop,gold,0
13,10,22.6,,239.3,0,6.4,0.555,0.51,mobile,silver,0
1,4,,0.036,1318.87,0,12.7,0.664,0.966,desktop,silver,0
47,1,5.2,0.751,24.91,4,5.8,0.683,0.123,desktop,bronze,0
365,0,2.4,0.335,24.04,2,,0.553,0.033,desktop,gold,1
25,6,15.3,0.049,255.58,1,9.1,0.073,0.908,desktop,gold,0
4,12,10.3,0.095,631.72,0,14.0,0.108,0.296,mobile,bronze,0
1,2,8.9,,60.37,1,5.3,0.381,,mobile,bronze,0
33,9,19.0,0.04,213.13,0,12.7,0.493,0.683,mobile,gold,0
40,3,4.0,0.698,184.26,0,6.3,0.519,,mobile,bronze,0
27,3,28.3,0.509,111.71,0,10.1,0.45,0.842,desktop,platinum,0
71,1,4.5,0.57,41.66,1,1.0,0.536,0.057,desktop,bronze,1
48,1,4.4,0.531,19.23,4,2.5,0.736,0.153,mobile,bronze,1
28,6,15.2,0.256,377.87,1,17.6,0.154,0.485,mobile,gold,1
96,6,17.4,0.001,194.17,0,9.9,0.838,0.474,mobile,gold,1
21,1,1.7,0.73,,2,4.5,0.602,0.246,mobile,bronze,1
10,3,20.4,0.151,507.1,0,10.4,0.389,0.495,desktop,gold,1
4,2,6.2,0.426,99.62,1,6.4,0.25,0.748,mobile,bronze,0
4,12,16.1,0.268,260.18,0,10.1,0.336,0.926,desktop,silver,0
23,7,17.4,0.169,396.81,2,15.2,0.289,0.398,desktop,gold,1
49,11,25.3,0.045,342.5,0,17.7,0.207,0.535,desktop,gold,1
8,2,7.1,0.786,26.63,4,2.3,0.638,0.13,mobile,bronze,0
3,11,17.7,0.163,1136.02,0,15.9,0.105,0.865,desktop,silver,0
6,6,23.2,0.212,769.74,0,9.7,0.519,0.19,mobile,platinum,0
200,1,1.7,0.374,80.8,0,1.7,0.62,0.06,tablet,silver,0
6,10,15.7,0.21,470.88,0,13.0,0.28,0.771,tablet,platinum,0
5,8,19.5,0.023,1305.01,1,12.4,0.186,0.702,desktop,platinum,0
3,3,8.4,0.462,82.8,0,4.9,0.436,0.289,mobile,gold,0
150,1,12.3,0.566,105.47,1,5.3,0.397,0.45,mobile,bronze,0
77,0,4.4,0.925,7.74,3,3.4,0.676,0.31,mobile,silver,0
31,6,10.1,0.041,521.83,0,10.3,0.251,0.801,mobile,gold,0
6,15,15.4,,405.0,1,17.8,0.047,0.852,mobile,platinum,0
35,2,11.9,0.483,51.2,1,4.0,0.515,0.13,mobile,silver,0
180,2,1.6,0.879,15.71,2,4.6,0.367,0.255,mobile,bronze,0
21,5,9.7,,212.98,0,14.8,0.42,0.765,tablet,platinum,0
11,10,17.3,0.105,,0,14.7,0.163,0.37,tablet,gold,0
38,0,0.5,0.624,0.77,3,1.7,0.569,0.002,mobile,silver,0
123,0,,0.821,19.41,2,4.6,0.466,0.218,mobile,silver,0
28,6,20.1,0.131,662.91,1,12.3,0.276,0.715,mobile,silver,0
7,7,24.4,0.288,1.13,2,11.9,0.284,0.806,mobile,silver,0
2,7,14.3,0.417,,0,10.6,0.221,0.66,desktop,silver,0
1,9,19.1,0.057,2057.48,0,10.7,0.29,0.71,mobile,bronze,0
1,4,16.6,0.297,76.02,0,12.2,0.23,0.343,mobile,silver,1
17,8,19.9,0.355,18.42,0,13.7,0.102,0.904,tablet,bronze,1
90,0,1.0,0.902,4.78,3,,0.418,0.135,mobile,silver,1
50,1,9.2,0.416,91.26,1,8.9,0.53,0.66,tablet,bronze,0
103,1,1.0,0.706,174.79,3,,0.315,0.104,desktop,bronze,1
6,6,10.9,,162.59,0,10.7,0.244,0.505,desktop,gold,0
365,1,3.9,0.537,190.67,0,2.2,0.564,0.162,desktop,bronze,1
9,1,5.5,0.865,147.18,1,2.4,0.759,0.013,tablet,bronze,1
5,11,20.3,0.056,42.13,0,14.4,0.241,0.315,mobile,gold,1
332,3,5.0,0.772,32.99,5,3.3,0.613,0.004,mobile,bronze,1
89,2,8.9,0.49,28.68,1,9.5,0.329,,mobile,bronze,0
114,0,2.5,0.726,,1,2.5,0.885,0.207,tablet,silver,0
4,10,14.9,,172.9,0,14.0,0.245,0.344,desktop,platinum,0
14,9,8.3,0.26,72.14,1,10.0,0.273,0.882,desktop,silver,1
175,1,0.5,0.581,69.35,2,6.7,0.678,0.068,tablet,silver,1
165,2,6.4,0.329,62.31,2,2.9,0.485,0.077,desktop,bronze,1
3,13,22.3,0.056,264.95,2,17.0,0.179,0.83,mobile,bronze,1
22,7,11.2,0.062,336.43,1,13.4,0.313,0.771,mobile,gold,0
11,10,10.6,0.017,685.22,0,14.3,0.108,0.718,desktop,gold,1
17,10,,0.132,76.78,0,16.3,0.18,0.637,mobile,silver,0
26,10,10.6,0.031,1081.36,0,9.6,0.218,0.661,mobile,silver,1
35,1,3.9,0.66,63.53,3,5.1,0.614,0.022,mobile,silver,1
33,4,9.1,0.262,264.29,1,13.3,0.186,0.888,mobile,gold,0
3,3,9.8,0.572,,2,4.7,0.648,0.393,mobile,bronze,1
19,5,,0.077,339.57,0,12.8,0.179,0.745,mobile,bronze,0
3,5,28.1,0.074,44.73,0,15.9,0.181,0.54,desktop,gold,0
36,6,,0.029,66.51,0,16.1,0.066,0.573,mobile,silver,1
54,6,19.3,0.196,24.11,1,7.6,0.238,0.656,desktop,gold,0
2,13,18.3,0.049,19.98,0,12.5,0.164,0.746,mobile,platinum,0
13,7,9.0,0.336,1721.27,0,14.9,0.47,0.563,mobile,gold,0
7,2,5.5,,,0,6.6,0.389,0.65,desktop,silver,0
124,1,1.9,0.832,17.44,2,2.6,0.586,0.025,mobile,gold,1
52,0,2.1,0.662,36.05,2,2.8,0.614,0.017,desktop,silver,1
3,3,8.5,0.022,463.93,0,13.5,0.427,0.453,tablet,silver,0
215,1,11.8,0.398,112.14,1,7.5,0.412,0.631,mobile,bronze,0
96,1,4.3,0.928,31.05,4,4.7,0.462,0.12,mobile,gold,0
172,1,3.3,0.625,121.25,5,2.7,0.197,0.306,mobile,bronze,0
92,0,2.2,0.536,120.71,5,1.3,0.336,0.039,mobile,bronze,1
220,1,2.3,0.62,3.39,4,3.9,0.71,0.039,desktop,bronze,1
3,6,13.0,0.136,638.88,0,12.2,0.052,0.465,mobile,platinum,0
3,6,7.9,0.168,493.33,0,15.0,0.137,0.543,mobile,silver,0
21,5,19.3,0.332,,0,7.4,0.283,0.724,desktop,platinum,0
15,3,12.3,0.289,687.97,1,9.6,0.433,0.852,desktop,gold,1
9,2,,0.831,100.34,4,1.9,0.774,0.089,desktop,bronze,0
365,0,0.5,0.386,27.35,4,,0.599,0.363,mobile,bronze,1
1,10,24.8,0.039,1037.23,0,10.2,0.277,0.397,mobile,gold,0
23,1,4.3,0.559,77.73,0,3.5,0.478,0.191,mobile,bronze,1
16,3,11.0,0.389,2.69,1,5.6,0.493,0.575,tablet,bronze,1
365,1,,0.898,26.68,0,1.4,0.398,0.057,desktop,bronze,0
138,1,9.4,0.537,12.2,1,8.9,0.463,0.682,mobile,bronze,0
1,10,29.5,0.222,629.82,1,12.2,0.2,,mobile,bronze,0
46,6,16.1,0.028,525.72,0,,0.163,0.655,mobile,silver,0
47,16,20.5,0.098,124.46,0,11.7,0.099,0.658,desktop,gold,0
23,10,23.6,0.126,174.13,0,9.6,0.203,0.683,desktop,silver,0
52,10,18.5,0.067,1786.22,0,,0.156,0.934,desktop,silver,0
12,2,2.2,0.603,21.11,5,3.7,0.623,0.439,mobile,bronze,1
66,0,2.5,0.631,14.44,4,3.5,0.713,0.021,mobile,silver,1
325,0,3.9,0.599,46.63,3,1.0,0.45,0.046,desktop,bronze,1
7,10,24.0,0.032,46.44,0,14.4,0.184,0.759,desktop,platinum,0
4,7,13.3,0.202,829.19,1,12.7,0.052,0.633,desktop,gold,0
7,6,17.2,,1043.66,0,15.6,0.564,0.398,tablet,platinum,0
1,2,4.5,0.7,125.57,2,4.4,0.116,0.052,tablet,bronze,1
39,1,8.6,0.185,9.22,0,3.1,0.368,0.242,desktop,gold,0
64,3,8.4,0.555,70.2,0,8.5,0.503,0.19,tablet,bronze,1
12,4,21.9,0.428,1178.6,0,12.8,0.295,0.915,desktop,platinum,0
68,1,10.9,0.39,15.94,2,4.5,0.093,0.578,desktop,silver,1
17,5,9.2,0.042,585.02,0,9.4,0.315,0.727,tablet,gold,1
24,0,12.0,0.409,30.36,1,5.6,0.264,0.285,mobile,silver,1
9,0,5.0,0.887,14.0,4,2.5,0.529,0.091,mobile,bronze,1
21,8,24.5,0.341,243.39,2,15.9,0.093,0.848,tablet,gold,0
21,1,8.0,0.533,4.34,1,2.1,0.594,0.14,desktop,silver,1
159,2,2.5,0.828,17.01,4,3.9,0.515,0.174,desktop,bronze,1
43,0,2.6,0.943,61.44,1,,0.402,0.078,desktop,bronze,1
45,9,11.5,0.206,176.63,1,11.3,0.097,0.834,desktop,silver,0
5,6,20.1,0.141,619.69,0,8.1,0.323,0.384,mobile,silver,0
1,6,25.4,0.479,313.66,0,15.9,0.357,0.919,desktop,gold,0
162,0,4.3,0.863,16.31,6,2.3,0.587,0.231,mobile,bronze,1
8,1,6.4,0.482,29.12,1,7.2,0.301,0.628,mobile,bronze,0
9,9,12.8,0.017,354.5,0,9.9,0.086,0.686,mobile,gold,0
1,11,20.8,0.435,129.1,1,13.9,0.136,0.711,mobile,gold,1
2,8,13.1,0.004,1421.99,0,11.8,0.361,0.573,tablet,gold,0
16,0,2.3,0.565,12.42,3,1.0,0.416,0.141,mobile,bronze,1
1,5,13.2,0.132,149.76,0,13.8,0.625,0.873,desktop,silver,0
7,3,6.7,0.481,69.6,1,6.3,0.55,0.536,tablet,gold,1
165,2,4.5,0.7,44.39,2,,0.391,0.229,mobile,gold,0
9,8,29.9,0.387,643.7,0,13.4,0.363,0.304,mobile,bronze,0
56,4,9.8,0.234,5.72,1,7.0,0.741,0.365,mobile,bronze,0
4,6,11.2,0.027,275.52,0,8.9,0.099,0.717,desktop,bronze,0
26,0,3.4,0.762,10.91,1,5.1,0.646,0.003,mobile,silver,0
114,2,1.2,0.876,26.08,0,2.8,0.496,0.122,mobile,bronze,1
11,3,5.5,0.717,268.34,5,5.7,0.728,0.196,desktop,bronze,0
10,7,25.5,0.265,679.29,0,,0.161,0.742,mobile,bronze,0
19,6,13.9,0.177,98.3,0,12.0,0.109,0.689,mobile,gold,0
129,1,2.3,0.86,18.06,5,3.0,0.838,0.528,desktop,bronze,1
22,1,,0.909,30.68,1,4.5,0.382,0.218,desktop,silver,0
19,7,13.2,0.048,282.16,0,14.6,0.245,,mobile,gold,0
56,0,1.3,0.811,67.95,1,2.1,0.536,0.206,mobile,bronze,1
7,6,20.9,,1013.81,0,15.3,0.197,0.774,mobile,gold,1
8,8,18.2,,116.43,0,14.4,0.148,0.699,mobile,silver,0
84,1,3.0,0.633,11.45,3,1.0,0.572,0.304,mobile,gold,0
148,0,2.4,0.699,70.62,3,1.5,0.384,0.296,mobile,bronze,0
20,1,12.1,0.167,50.46,0,5.5,0.455,0.24,mobile,bronze,0
9,8,16.8,0.227,40.17,1,11.0,0.285,0.831,desktop,gold,0
12,9,,0.118,664.06,2,9.1,0.41,0.68,desktop,bronze,0
10,11,15.3,0.492,18.53,0,17.6,0.39,0.294,mobile,platinum,0
50,3,1.5,,7.02,1,2.6,0.647,0.095,mobile,bronze,1
195,0,5.3,0.322,,2,4.2,0.904,0.228,desktop,gold,1
28,9,30.1,0.111,205.11,0,8.4,0.282,0.763,mobile,bronze,1
87,0,3.5,0.652,40.77,3,4.2,0.82,0.274,mobile,silver,0
72,1,1.3,0.719,14.82,2,3.8,0.758,0.069,mobile,bronze,1
50,2,10.7,0.341,58.09,0,7.8,0.369,0.235,mobile,bronze,0
33,3,7.1,0.121,111.98,2,6.4,0.79,0.635,desktop,bronze,0
5,9,28.2,0.351,2.15,0,10.6,0.113,0.349,desktop,platinum,0
16,0,7.8,0.784,15.68,0,7.9,0.285,0.216,tablet,bronze,0
80,0,2.3,0.85,15.62,3,,0.631,0.016,mobile,gold,1
7,2,7.9,0.378,26.67,1,4.9,0.494,0.255,mobile,bronze,1
309,0,4.4,0.652,73.38,3,1.0,0.896,0.052,tablet,gold,1
16,3,5.1,0.595,10.04,0,4.7,0.236,0.394,mobile,bronze,1
19,0,11.1,0.379,23.33,0,8.9,0.427,0.706,desktop,bronze,0
6,10,15.1,0.053,86.86,0,9.1,0.197,0.339,tablet,platinum,1
37,1,9.6,0.573,10.16,2,8.9,0.302,0.128,desktop,bronze,0
31,7,12.3,0.391,276.65,0,11.3,0.303,0.802,desktop,silver,0
126,0,2.5,0.862,36.03,2,3.3,0.73,0.452,desktop,gold,1
10,12,12.9,0.206,,0,17.4,0.144,0.659,desktop,bronze,1
60,7,11.0,0.172,127.48,1,15.3,0.217,0.857,desktop,silver,1
331,0,3.1,0.832,19.28,4,1.7,0.385,0.071,mobile,silver,1
13,16,21.6,0.073,1522.44,0,13.2,0.131,0.888,mobile,platinum,0
23,1,12.4,0.742,95.65,0,4.7,0.153,0.631,mobile,bronze,1
36,0,4.9,0.618,36.75,4,4.7,0.555,,mobile,bronze,1
16,5,18.2,0.021,993.8,0,10.9,0.246,0.644,desktop,bronze,0
172,1,2.3,0.216,28.65,0,,0.571,0.296,desktop,silver,0
18,3,9.4,0.605,22.88,2,4.2,0.521,0.694,desktop,bronze,0
15,3,9.3,0.282,88.28,3,5.5,0.178,0.242,mobile,silver,0
33,11,8.5,0.016,822.29,0,13.9,0.203,0.854,desktop,bronze,0
36,4,12.3,0.559,5.45,1,2.3,0.393,0.775,desktop,bronze,0
5,7,15.8,0.097,599.64,0,13.1,0.234,0.584,desktop,silver,1
231,0,5.7,0.586,176.78,1,2.5,0.228,0.011,desktop,bronze,1
13,8,18.7,0.047,228.74,0,,0.515,0.694,desktop,gold,0
18,10,,0.065,1454.34,0,14.1,0.679,0.812,desktop,gold,0
30,2,0.5,0.952,23.73,2,1.1,0.837,0.079,mobile,silver,1
17,8,25.8,0.023,107.43,0,20.5,0.391,0.918,mobile,silver,0
7,9,17.7,0.056,845.6,1,8.5,0.225,,tablet,gold,0
67,0,2.5,0.625,7.1,3,1.3,0.582,0.477,desktop,bronze,1
1,14,12.0,0.102,622.36,0,,0.228,0.569,desktop,gold,0
2,9,18.2,0.069,693.15,0,11.0,0.458,0.564,mobile,gold,1
31,8,15.5,0.082,31.05,0,8.5,0.172,0.728,desktop,silver,0
338,0,4.9,0.816,4.95,3,3.0,0.541,0.188,mobile,gold,0
283,0,3.9,0.824,121.29,5,4.4,0.24,0.329,tablet,bronze,1
14,6,,0.297,26.98,0,12.4,0.112,,desktop,silver,0
102,1,10.9,0.633,21.61,2,4.3,0.207,0.487,mobile,bronze,1
57,1,4.1,0.831,48.48,3,4.2,0.5,0.073,mobile,gold,1
3,6,15.2,0.125,109.34,0,16.1,0.125,0.843,tablet,platinum,0
156,0,,0.75,201.57,7,5.2,0.79,,mobile,silver,0
54,9,21.1,0.232,13.61,1,6.1,0.116,0.425,desktop,bronze,1
75,3,11.4,0.529,171.5,0,8.7,0.565,0.425,tablet,bronze,0
28,12,,,248.27,0,14.0,0.202,0.908,tablet,gold,1
49,0,3.8,0.716,111.61,1,4.4,0.323,0.019,mobile,bronze,0
9,8,17.2,,406.66,0,11.4,0.084,,desktop,silver,0
11,2,0.5,0.777,0.67,3,3.7,0.596,0.137,mobile,bronze,0
8,4,15.7,0.08,258.14,0,13.5,0.304,0.959,tablet,silver,1
3,13,20.1,0.514,254.6,0,,0.34,0.906,desktop,bronze,0
27,0,2.7,0.645,2.11,2,2.4,0.511,0.288,desktop,bronze,0
251,1,5.9,0.842,4.58,1,3.8,0.823,0.235,mobile,bronze,0
7,11,11.7,0.178,738.66,0,12.5,0.099,0.453,desktop,silver,0
15,2,4.3,0.578,204.37,1,,0.629,0.379,desktop,bronze,1
3,0,7.6,0.504,55.85,2,1.4,0.664,,mobile,bronze,1
141,1,5.5,0.861,59.95,2,5.3,0.805,0.134,mobile,silver,0
4,5,14.0,0.322,226.63,0,10.2,0.511,0.348,desktop,gold,0
6,8,18.9,0.064,812.74,0,19.6,0.385,0.704,desktop,gold,0
38,7,18.8,0.061,219.87,0,,0.185,0.612,mobile,silver,0
16,6,16.7,0.061,67.39,0,12.0,0.03,0.497,desktop,gold,0
203,0,12.0,,79.54,2,7.6,0.745,0.404,mobile,bronze,1
25,1,7.5,0.395,74.83,1,4.9,0.273,0.321,desktop,silver,1
11,6,10.7,0.49,447.51,1,8.7,0.354,,desktop,bronze,1
6,6,12.4,0.27,347.24,0,14.0,0.082,0.691,desktop,gold,1
57,12,20.2,0.069,1585.32,1,8.0,0.424,0.905,mobile,platinum,0
81,0,4.1,0.894,,4,1.0,0.545,0.033,mobile,bronze,0
1,11,15.8,0.296,208.32,0,11.0,0.156,0.644,desktop,platinum,0
14,5,22.3,0.025,369.48,0,11.8,0.124,0.598,tablet,silver,1
5,4,24.5,0.011,371.15,0,15.7,0.492,0.629,mobile,platinum,1
143,1,4.5,0.571,26.84,7,4.4,0.545,0.25,mobile,silver,1
187,2,4.6,,13.23,0,3.1,0.776,0.178,tablet,silver,1
37,3,8.5,0.084,182.44,2,4.5,0.609,0.824,desktop,silver,0
82,1,6.3,0.613,27.14,0,1.0,0.779,0.425,desktop,bronze,0
4,6,18.4,0.041,1183.84,0,10.8,0.469,0.441,mobile,gold,0
63,0,2.8,0.626,150.36,4,4.6,0.413,0.203,mobile,bronze,0
31,1,3.6,0.186,7.08,1,1.0,0.641,0.098,desktop,bronze,0
17,1,1.8,0.833,27.78,3,4.1,0.631,0.001,tablet,bronze,1
26,1,5.9,0.478,166.42,3,3.0,0.397,,mobile,silver,0
171,1,8.3,0.049,20.33,0,3.3,0.315,0.11,desktop,bronze,1
26,2,,0.789,75.93,2,1.5,0.709,0.043,mobile,bronze,0
20,0,8.5,0.737,40.03,0,9.1,0.532,0.121,mobile,bronze,1
10,9,28.3,0.052,229.76,0,13.2,0.17,0.81,desktop,silver,0
14,6,24.7,0.137,300.57,1,,0.167,0.817,mobile,silver,0
30,11,8.8,0.015,565.68,1,11.3,0.336,0.629,desktop,gold,0
8,5,7.2,0.201,270.9,1,10.3,0.481,0.781,desktop,gold,1
3,11,19.9,0.069,,0,10.2,0.477,0.749,mobile,bronze,0
53,1,0.5,0.892,13.27,6,4.4,0.32,0.195,mobile,gold,1
21,8,17.4,0.042,138.68,0,13.1,0.374,0.725,desktop,silver,0
2,3,7.9,0.848,36.27,0,4.7,0.723,0.333,desktop,bronze,0
189,2,8.3,0.635,31.34,1,5.1,0.623,0.51,tablet,bronze,0
183,1,7.7,0.369,145.9,0,6.7,0.435,0.617,mobile,silver,0
1,8,23.7,0.308,472.01,0,12.5,0.123,0.343,mobile,gold,1
63,9,16.5,0.073,1686.97,0,18.3,0.611,0.882,mobile,platinum,0
11,7,18.0,0.2,880.42,0,8.9,0.188,0.787,desktop,gold,0
19,4,16.1,0.078,81.73,0,12.3,0.351,0.629,desktop,gold,1
58,0,2.6,0.755,9.1,2,4.4,0.363,0.048,mobile,bronze,0
15,3,12.2,0.301,837.58,1,8.4,0.482,0.561,desktop,silver,0
5,0,3.8,0.863,5.55,1,1.9,0.591,0.179,desktop,silver,1
28,6,20.5,0.469,452.11,0,12.8,0.116,0.746,mobile,gold,0
98,1,,0.475,5.45,1,3.6,0.242,0.293,desktop,bronze,1
95,1,5.3,0.448,,2,2.7,0.548,0.142,mobile,bronze,1
262,1,2.4,0.748,55.36,3,3.5,0.418,0.164,tablet,bronze,1
13,1,0.9,0.662,60.4,3,2.6,0.487,0.119,mobile,bronze,0
45,5,7.5,0.182,11.53,1,1.0,0.599,,desktop,silver,1
8,11,21.6,0.06,444.84,0,6.7,0.154,0.69,mobile,gold,0
7,11,10.8,0.226,309.73,0,4.6,0.275,0.289,mobile,silver,0
91,5,11.6,0.309,78.15,1,3.0,0.648,0.268,mobile,silver,0
87,2,5.4,,15.45,0,6.5,0.256,0.234,mobile,bronze,0
21,8,16.8,0.144,130.63,0,10.7,0.466,0.935,desktop,gold,0
14,4,,0.448,326.97,0,15.7,0.304,,mobile,platinum,0
3,8,21.3,0.001,81.12,0,11.2,0.319,0.904,desktop,bronze,0
76,8,12.6,0.065,1341.44,0,7.9,0.23,0.725,desktop,silver,1
80,1,1.6,0.445,20.94,2,2.1,0.595,0.229,desktop,bronze,1
68,1,7.0,0.231,26.21,1,5.8,0.554,0.43,mobile,gold,0
13,7,12.6,,587.75,0,11.0,0.488,0.497,mobile,gold,0
80,1,2.2,0.618,26.59,3,4.1,0.462,0.038,mobile,silver,1
43,15,24.3,0.05,39.25,1,15.8,0.406,0.503,tablet,silver,1
259,0,2.2,,28.48,3,1.6,0.308,0.278,desktop,silver,1
103,0,6.0,0.921,69.09,4,3.5,0.262,0.267,tablet,bronze,1
6,14,21.5,0.083,1068.24,0,14.6,0.519,0.623,mobile,gold,0
37,3,5.2,0.626,24.35,3,1.7,0.617,0.024,tablet,bronze,0
37,8,15.4,0.189,240.31,0,6.7,0.517,0.805,mobile,platinum,0
39,5,14.6,0.053,544.34,0,12.2,0.554,0.847,mobile,silver,0
365,1,1.6,0.676,8.25,3,3.6,0.417,0.197,tablet,bronze,0
30,2,8.5,0.334,93.5,1,1.3,0.194,0.564,tablet,bronze,0
190,0,2.3,0.648,,6,5.2,0.77,0.311,mobile,gold,1
30,11,20.7,0.114,282.95,0,8.9,0.021,0.793,mobile,bronze,0
44,11,24.5,0.165,241.67,0,13.7,0.264,0.99,mobile,silver,0
255,0,3.8,0.759,52.47,1,5.0,0.61,0.189,mobile,bronze,0
63,0,1.9,0.701,0.76,2,1.0,0.673,0.009,tablet,bronze,1
111,7,15.5,0.51,229.13,0,10.2,0.117,0.957,mobile,gold,0
152,1,12.2,0.356,190.82,1,6.5,0.756,0.652,mobile,silver,0
1,1,2.3,0.756,8.36,4,2.0,0.451,,mobile,bronze,1
13,8,10.8,0.098,914.17,0,13.5,0.123,0.312,mobile,bronze,0
9,10,18.9,0.382,64.85,1,8.8,0.387,0.563,tablet,silver,1
99,5,14.9,0.634,79.99,3,3.4,0.178,0.413,desktop,silver,0
1,8,18.0,0.361,994.53,0,8.8,0.234,0.88,desktop,silver,0
14,4,16.3,0.076,303.01,0,12.5,0.226,0.825,desktop,silver,0
40,10,7.1,0.085,748.09,0,8.5,0.064,0.523,tablet,platinum,1
4,4,18.6,,720.67,0,11.7,0.144,0.669,desktop,gold,0
49,2,3.2,0.638,7.41,1,5.6,0.399,0.392,mobile,bronze,1
9,1,0.5,0.933,94.3,3,1.0,0.6,0.016,desktop,bronze,1
11,10,19.8,0.064,202.66,0,15.5,0.097,0.888,mobile,gold,0
91,3,8.5,0.388,18.6,0,4.7,0.479,0.5,desktop,silver,1
10,0,6.0,,219.72,1,,0.694,,mobile,platinum,1
3,3,,0.84,181.4,2,5.2,0.27,0.576,mobile,bronze,0
19,13,16.9,0.134,506.21,0,15.4,0.299,,mobile,platinum,0
32,7,15.4,0.291,728.74,1,12.8,0.126,0.55,mobile,bronze,1
12,6,20.9,0.061,229.56,1,12.8,0.408,0.768,desktop,bronze,0
34,13,24.3,0.213,24.47,0,10.9,0.365,0.919,tablet,silver,0
108,1,4.8,0.741,37.0,3,2.0,0.662,0.149,desktop,bronze,1
8,8,19.2,,647.06,0,14.1,0.466,0.606,mobile,silver,0
21,8,16.2,0.176,287.78,0,13.4,0.049,0.709,desktop,gold,0
15,1,4.6,,3.7,3,1.1,0.722,0.054,mobile,bronze,0
16,8,17.9,0.392,603.7,0,15.2,0.442,0.703,mobile,silver,0
1,8,19.2,0.015,116.1,0,8.2,0.289,0.713,mobile,gold,0
200,5,13.4,0.378,18.71,1,9.7,0.601,0.159,tablet,bronze,1
77,0,1.8,0.873,143.8,4,2.1,0.752,0.406,desktop,silver,0
54,1,0.5,0.597,20.21,2,2.8,0.401,0.152,mobile,gold,1
22,9,28.0,0.086,312.37,1,11.5,0.131,0.505,desktop,platinum,0
277,0,3.2,0.855,60.29,3,1.0,0.691,0.139,mobile,bronze,1
28,7,18.5,0.691,72.07,0,5.8,0.402,0.38,mobile,bronze,0
6,10,21.0,0.007,32.45,3,14.1,0.541,0.513,mobile,gold,0
18,0,2.9,0.837,10.75,2,2.7,0.526,0.094,desktop,bronze,1
15,9,20.6,0.272,1050.11,0,15.5,0.135,0.595,desktop,bronze,0
4,6,15.7,0.034,174.87,1,,0.382,0.581,tablet,silver,0
43,7,16.3,0.213,17.26,0,13.0,0.24,0.937,mobile,gold,1
18,0,5.6,0.595,133.65,1,5.0,0.558,0.356,tablet,silver,1
85,3,6.8,,3.14,1,6.6,0.197,0.187,desktop,silver,0
37,13,19.1,0.134,339.12,0,7.1,0.314,0.69,desktop,platinum,0
19,8,26.7,0.077,2506.17,1,14.3,0.438,0.826,mobile,gold,0
6,7,16.8,0.042,534.01,0,11.9,0.209,0.709,desktop,gold,1
129,0,11.0,0.448,21.2,1,10.4,0.594,0.382,mobile,gold,1
24,8,20.2,0.09,56.18,0,9.4,0.483,0.844,mobile,bronze,0
72,8,23.9,0.199,627.65,1,8.1,0.35,0.48,mobile,silver,0
167,0,4.8,0.407,14.71,1,8.4,0.123,0.267,desktop,silver,0
19,3,3.7,0.839,65.45,4,4.5,0.802,0.004,mobile,gold,1
195,5,7.1,0.346,44.08,1,7.8,0.311,,tablet,bronze,1
253,1,2.1,0.555,43.17,1,1.1,0.56,0.044,desktop,bronze,0
1,4,11.8,0.152,38.61,1,13.5,0.223,,tablet,platinum,1
34,10,19.1,0.175,918.24,0,10.2,0.323,0.698,mobile,platinum,0
26,1,3.8,0.66,144.67,3,2.1,0.312,0.088,mobile,bronze,1
46,4,8.1,0.565,,0,4.3,0.673,0.405,mobile,bronze,0
5,8,20.7,0.265,924.39,1,13.6,0.077,0.656,mobile,gold,0
11,10,21.0,0.2,74.12,0,11.3,0.189,0.741,tablet,silver,0
26,9,15.3,0.384,,1,8.8,0.165,0.569,mobile,silver,0
33,0,10.1,0.482,59.04,0,4.9,0.157,0.398,mobile,bronze,0
5,11,24.9,0.038,97.49,0,11.2,0.164,0.921,tablet,platinum,0
13,3,12.4,0.019,463.7,0,12.6,0.2,0.475,mobile,gold,1
121,0,1.6,0.713,31.49,1,2.5,0.889,0.091,desktop,bronze,0
33,7,19.9,0.032,384.73,1,10.2,0.278,0.734,desktop,gold,1
7,9,17.2,0.256,330.19,1,14.6,0.361,0.724,desktop,gold,0
80,9,24.9,0.198,1599.52,0,10.8,0.668,0.647,mobile,bronze,0
20,2,4.2,0.601,4.55,4,2.5,0.762,0.365,mobile,bronze,1
46,1,6.2,0.473,42.88,2,4.4,0.474,0.356,mobile,silver,0
169,2,5.4,0.545,30.84,3,1.4,0.621,,desktop,bronze,0
3,11,14.7,0.129,316.06,0,12.3,0.332,0.508,desktop,gold,1
96,0,11.3,0.311,7.3,1,5.3,0.287,0.417,mobile,bronze,0
4,10,12.2,0.05,199.99,1,9.8,0.382,0.31,tablet,silver,0
28,0,3.5,0.494,84.83,6,3.3,0.482,0.21,desktop,bronze,1
1,8,,0.019,298.46,0,11.2,0.382,0.484,desktop,platinum,0
12,4,7.8,0.489,94.36,0,6.5,0.768,0.045,tablet,gold,0
8,11,35.3,0.205,,0,12.7,0.191,0.897,mobile,silver,0
39,0,10.4,0.61,201.82,1,7.1,0.285,0.689,tablet,silver,0
183,0,2.5,0.805,99.04,2,1.6,0.613,0.181,tablet,bronze,1
1,8,17.5,0.048,206.16,0,8.6,0.09,0.639,desktop,gold,0
12,14,22.1,0.161,464.47,0,12.7,0.209,0.893,tablet,platinum,0
2,0,4.6,0.495,18.96,0,3.6,0.592,0.291,mobile,bronze,0
127,0,0.5,0.555,42.77,3,2.1,0.465,0.229,desktop,bronze,1
122,4,8.1,0.101,56.62,0,1.6,0.108,0.535,mobile,bronze,0
1,8,8.7,0.372,209.88,1,11.6,0.291,0.446,desktop,gold,1
2,5,22.6,0.237,1229.73,0,16.7,0.037,0.729,mobile,gold,0
14,1,,0.884,10.24,2,3.3,0.335,0.048,mobile,silver,1
58,5,3.9,0.496,38.88,0,4.9,0.317,0.24,mobile,bronze,1
28,0,2.5,0.834,0.02,4,1.0,0.894,0.049,mobile,bronze,0
40,4,11.3,0.139,625.26,0,10.3,0.069,0.374,desktop,gold,0
286,0,1.8,0.346,89.67,1,1.1,0.55,0.114,mobile,silver,1
103,2,2.7,0.628,155.83,0,,0.18,0.24,mobile,silver,0
73,8,16.3,0.428,158.03,0,13.0,0.131,0.424,mobile,gold,1
1,5,21.7,0.463,857.21,2,13.8,0.231,0.69,mobile,silver,1
12,1,1.3,0.524,154.88,4,4.0,0.828,0.103,desktop,bronze,1
9,5,19.2,0.224,201.41,0,20.9,0.299,0.631,tablet,gold,0
1,7,16.0,0.164,312.15,0,10.4,0.419,0.432,desktop,gold,1
19,2,9.0,0.334,151.72,0,8.6,0.457,0.203,tablet,gold,0
25,3,5.5,0.714,98.65,0,7.4,0.765,0.741,desktop,bronze,1
35,1,3.6,0.965,9.97,1,4.2,0.804,0.076,mobile,bronze,0
3,5,16.2,0.439,136.63,0,,0.037,0.664,mobile,silver,0
4,0,1.7,0.534,150.11,4,3.7,0.332,0.46,mobile,silver,0
16,7,15.1,0.035,1702.21,1,13.1,0.178,0.765,desktop,silver,1
71,2,3.2,0.567,43.6,3,2.0,0.533,0.475,mobile,bronze,0
26,8,,0.613,394.84,0,9.4,0.088,0.715,mobile,silver,0
3,12,10.7,0.114,380.05,2,8.7,0.194,0.457,mobile,silver,0
63,5,21.4,0.338,276.23,0,11.3,0.304,0.877,desktop,silver,0
20,4,,0.041,786.84,0,14.1,0.37,0.481,desktop,bronze,0
37,7,21.7,0.076,1168.11,0,11.4,0.572,0.708,mobile,silver,0
15,10,19.0,0.029,,0,8.8,0.184,0.551,desktop,silver,0
73,0,2.8,0.745,22.66,2,3.0,0.44,0.212,mobile,bronze,1
75,7,21.6,0.201,1593.96,0,14.1,0.183,0.944,mobile,silver,0
82,1,1.2,0.576,325.22,5,2.5,0.465,0.29,mobile,bronze,1
40,10,,0.071,200.3,0,9.8,0.28,0.571,mobile,platinum,0
61,6,18.7,0.479,760.31,0,11.7,0.163,0.94,desktop,gold,0
22,7,18.2,0.131,794.28,0,14.7,0.374,,desktop,gold,0
31,2,0.8,0.662,0.26,3,1.0,0.483,0.075,tablet,bronze,0
1,6,17.6,0.053,883.12,0,14.0,0.115,0.4,desktop,bronze,0
36,2,11.0,0.487,163.63,0,4.6,0.293,,desktop,gold,1
4,10,10.6,0.249,424.96,0,13.0,0.234,0.671,desktop,silver,1
4,4,15.8,0.098,156.21,2,13.5,0.049,0.867,mobile,silver,1
5,10,14.3,0.096,319.91,0,17.7,0.397,0.611,mobile,platinum,1
52,1,2.3,0.49,2.94,2,3.8,0.871,0.321,mobile,bronze,0
8,6,21.2,0.052,180.44,1,13.5,0.233,0.58,desktop,silver,0
10,7,12.2,,,2,17.1,0.567,0.319,desktop,bronze,1
13,0,0.7,0.52,1.51,2,5.9,0.906,0.007,mobile,silver,1
189,0,3.6,0.893,16.25,3,2.6,0.197,0.093,desktop,silver,1
12,0,4.6,0.785,27.26,1,1.0,0.634,0.349,mobile,silver,0
15,13,13.6,0.182,,1,10.5,0.215,0.916,mobile,bronze,0
72,3,3.9,0.549,60.92,1,3.9,0.368,0.716,tablet,gold,0
51,0,2.5,0.808,5.17,3,2.2,0.607,0.209,mobile,silver,1
35,8,19.0,0.117,215.44,1,17.5,0.057,0.97,mobile,platinum,0
365,1,2.8,0.58,48.97,2,4.7,0.573,0.194,mobile,bronze,0
128,3,9.7,0.292,19.42,1,3.3,0.154,0.399,desktop,gold,0
5,1,7.8,0.577,43.79,4,2.3,0.367,0.073,desktop,gold,1
36,9,10.5,0.258,368.05,0,7.5,0.21,0.434,mobile,silver,0
11,7,20.9,0.101,1456.42,1,15.7,0.188,0.839,desktop,gold,0
20,13,15.2,0.58,136.56,0,11.5,0.144,0.81,mobile,bronze,0
3,8,26.5,0.161,1734.85,0,12.8,0.467,0.892,mobile,gold,1
16,6,20.4,,196.7,0,5.8,0.254,0.646,mobile,gold,0
79,2,23.8,0.022,475.24,1,14.8,0.363,0.222,mobile,platinum,0
17,0,5.0,0.69,78.78,1,2.8,0.57,0.239,mobile,silver,0
16,0,4.4,0.715,60.23,2,3.6,0.329,,desktop,bronze,0
10,10,18.0,,307.32,1,8.0,0.223,0.726,desktop,gold,0
365,0,4.1,0.525,52.0,3,3.4,0.578,0.034,mobile,bronze,0
141,1,7.3,0.675,60.14,2,2.8,0.625,0.186,mobile,bronze,0
1,10,14.9,0.171,282.61,0,14.7,0.305,0.676,desktop,platinum,0
66,2,8.2,0.667,70.81,0,1.0,0.472,0.175,desktop,bronze,1
6,10,24.0,0.166,35.23,0,11.1,0.277,0.549,desktop,silver,0
32,0,3.5,0.819,1.85,6,4.1,0.624,0.114,desktop,bronze,1
78,0,2.8,0.883,67.79,1,2.8,0.282,0.46,desktop,silver,0
35,2,2.6,0.567,54.21,1,2.9,0.511,0.402,desktop,gold,0
119,1,0.5,0.803,150.02,2,,0.676,0.299,tablet,bronze,1
35,0,3.8,0.783,35.4,0,3.1,0.597,0.233,desktop,silver,1
4,7,16.7,0.006,67.56,0,13.4,0.279,0.402,desktop,silver,1
72,11,16.5,0.065,478.26,1,7.7,0.255,0.457,desktop,silver,0
8,7,,0.135,610.96,0,14.2,0.398,0.833,desktop,gold,0
1,2,4.5,0.83,11.82,1,5.3,0.487,0.06,mobile,bronze,0
78,2,1.2,0.855,18.72,1,2.6,0.515,0.137,mobile,platinum,0
66,2,1.3,0.393,31.28,0,5.6,0.124,0.155,desktop,silver,1
71,1,2.2,0.335,15.98,1,3.0,0.795,0.233,desktop,silver,0
22,8,22.6,,273.41,1,11.4,0.345,0.624,desktop,bronze,1
10,6,12.5,0.123,66.2,0,15.9,0.531,0.837,mobile,gold,0
39,5,13.7,0.12,461.37,0,8.6,0.096,0.744,tablet,silver,0
3,5,13.8,0.15,29.29,1,14.1,0.253,0.902,tablet,silver,0
138,1,0.5,0.759,10.71,1,4.2,0.551,0.215,mobile,bronze,1
60,11,14.2,0.042,988.63,0,9.6,0.034,0.841,mobile,gold,0
112,3,1.3,0.104,6.81,2,9.6,0.361,0.539,desktop,bronze,0
56,2,10.3,0.58,30.51,0,2.6,0.496,0.626,tablet,bronze,0
105,2,4.0,0.373,77.35,1,2.9,0.593,0.044,mobile,bronze,0
55,2,2.2,0.693,51.39,1,1.0,0.469,0.244,mobile,bronze,1
67,4,6.9,0.325,26.62,1,4.9,0.317,0.359,desktop,silver,1
6,16,13.4,0.123,997.34,0,10.2,0.228,0.703,desktop,gold,0
37,1,9.4,0.446,7.89,1,6.1,0.207,0.223,mobile,bronze,0
28,0,1.9,0.434,41.96,2,,0.646,0.004,tablet,bronze,1
24,5,22.1,0.047,,0,9.2,0.362,0.916,mobile,bronze,0
5,9,18.7,0.13,363.69,0,14.6,0.137,0.659,mobile,silver,0
1,7,15.9,0.045,681.22,0,11.9,0.279,0.648,mobile,silver,0
8,7,17.6,0.107,,0,14.5,0.319,0.601,mobile,platinum,0
156,0,0.5,0.762,31.49,4,5.0,0.737,0.524,mobile,bronze,0
23,6,8.0,0.03,94.34,1,11.9,0.511,0.479,mobile,bronze,1
258,4,1.6,0.784,8.82,1,3.1,0.33,0.066,tablet,bronze,0
4,8,11.0,0.145,244.46,0,12.8,0.281,0.731,desktop,platinum,0
51,2,14.5,0.245,218.81,1,4.4,0.399,0.524,desktop,bronze,1
3,12,23.2,0.065,32.92,1,15.8,0.098,0.905,tablet,silver,0
26,1,2.3,0.56,53.8,1,9.5,0.401,0.269,desktop,bronze,1
91,1,3.7,0.961,42.22,2,3.1,0.94,0.145,mobile,bronze,1
121,11,12.4,0.107,55.08,1,12.7,0.058,0.651,desktop,silver,0
2,0,,0.544,48.33,1,3.4,0.588,0.672,mobile,bronze,1
25,1,3.1,0.783,24.21,1,4.7,0.619,0.111,mobile,silver,1
69,3,4.1,0.716,24.93,0,2.6,0.693,0.044,mobile,silver,0
12,9,24.1,0.23,1905.63,0,6.4,0.157,0.91,mobile,silver,0
203,1,1.4,0.489,14.27,5,3.0,0.573,0.345,mobile,bronze,1
7,4,15.2,0.504,7.25,0,8.9,0.458,0.889,mobile,silver,0
8,5,13.0,0.265,243.16,1,8.6,0.535,0.18,mobile,bronze,1
29,7,23.6,0.144,5.51,1,8.8,0.445,0.631,desktop,platinum,1
193,0,2.5,0.193,75.7,1,1.0,0.538,0.155,mobile,silver,1
20,6,23.6,0.032,240.92,0,11.9,0.174,,mobile,gold,1
9,9,13.4,0.004,470.08,1,14.4,0.319,0.945,desktop,bronze,0
81,1,2.3,0.841,105.1,6,3.1,0.705,0.252,desktop,silver,1
69,6,22.4,0.049,209.7,0,14.4,0.076,0.342,desktop,gold,0
3,9,,,591.37,1,10.4,0.303,0.723,tablet,bronze,0
5,9,15.5,0.114,359.04,0,7.3,0.084,0.638,mobile,silver,0
43,1,2.3,0.545,,2,4.6,0.819,0.007,desktop,bronze,0
1,12,32.0,0.405,264.95,0,13.3,0.382,0.504,mobile,gold,1
130,1,0.5,0.792,4.76,4,2.1,0.632,0.554,desktop,silver,1
62,1,2.7,0.447,13.09,3,4.1,0.397,0.277,mobile,bronze,0
6,0,8.2,0.538,73.79,1,4.6,0.563,0.293,tablet,gold,0
8,14,12.7,0.018,138.04,0,14.0,0.325,0.492,mobile,silver,1
33,1,2.4,0.804,21.94,4,,0.676,0.053,mobile,bronze,1
22,2,2.6,0.704,24.64,5,4.1,0.795,0.228,mobile,platinum,1
90,2,4.2,0.511,41.61,2,5.5,0.627,0.149,mobile,platinum,0
41,1,2.0,0.775,34.57,1,1.0,0.702,0.062,mobile,gold,0
118,0,2.1,0.907,7.73,4,5.5,0.288,0.162,desktop,gold,0
15,1,5.4,0.554,27.13,3,1.0,0.367,0.128,mobile,bronze,1
16,10,22.5,0.004,787.5,1,13.2,0.167,,mobile,gold,0
2,9,17.3,0.016,774.93,0,11.0,0.465,0.892,tablet,gold,0
1,14,22.7,0.177,159.86,0,11.8,0.301,0.313,desktop,platinum,1
3,7,14.5,0.006,203.59,1,11.9,0.139,0.702,desktop,gold,0
325,0,2.5,0.629,79.52,4,4.8,0.545,0.406,desktop,bronze,1
37,2,4.0,,96.68,0,5.0,0.688,0.268,mobile,bronze,0
77,0,11.6,0.231,46.64,2,5.6,0.418,0.613,tablet,bronze,1
41,2,7.9,0.692,11.37,0,6.4,0.439,0.653,mobile,bronze,1
33,1,5.3,0.584,58.48,1,8.0,0.443,0.303,mobile,silver,1
31,0,12.6,0.381,46.88,2,5.6,0.743,0.431,desktop,silver,0
10,6,18.4,0.111,35.36,0,17.0,0.133,0.934,mobile,gold,1
137,0,,0.939,51.57,5,1.0,0.418,0.358,tablet,bronze,0
106,5,18.8,0.117,798.84,0,9.0,0.031,0.525,desktop,platinum,0
55,5,34.0,0.063,240.47,1,16.4,0.24,0.812,mobile,gold,1
1,5,24.8,0.047,150.66,0,17.4,0.26,0.965,desktop,silver,0
43,10,22.6,0.148,166.0,0,11.4,0.39,0.752,desktop,platinum,0
40,1,1.4,0.812,43.36,2,2.4,0.474,0.071,mobile,bronze,1
61,9,20.1,0.196,422.81,0,9.7,0.162,,mobile,bronze,1
22,0,5.1,0.328,146.87,0,6.5,0.435,0.478,mobile,bronze,1
9,7,21.5,0.267,699.65,0,8.9,0.474,0.571,tablet,silver,0
1,11,,0.038,197.1,0,12.3,0.511,0.823,mobile,platinum,0
361,2,7.7,0.534,32.26,4,3.0,0.885,0.13,mobile,silver,0
25,4,16.3,0.202,421.92,0,16.3,0.63,,mobile,silver,0
76,3,8.1,0.277,13.61,1,,0.414,0.438,desktop,bronze,1
18,10,14.4,0.256,1265.03,0,8.2,0.307,0.567,desktop,platinum,0
25,14,20.6,0.049,852.06,0,15.3,0.452,0.58,mobile,gold,0
28,11,11.0,0.232,87.98,0,10.1,0.237,0.58,desktop,gold,0
6,6,16.6,0.157,47.69,0,15.4,0.268,0.533,desktop,gold,0
208,1,6.3,0.845,18.48,2,1.8,0.35,0.18,mobile,gold,1
1,8,19.0,0.031,20.14,0,10.9,0.089,0.754,mobile,silver,0
8,9,26.4,0.059,1134.27,0,8.0,0.699,0.756,desktop,platinum,1
5,7,18.4,0.478,722.72,2,13.3,0.411,0.849,desktop,platinum,1
1,12,23.4,0.258,1258.32,0,,0.146,0.84,mobile,gold,0
75,1,7.7,0.598,58.44,1,3.5,0.575,0.573,desktop,bronze,0
58,1,4.3,0.601,54.64,3,5.0,0.621,0.678,mobile,silver,0
22,3,11.2,0.562,77.53,1,8.5,0.599,0.609,desktop,bronze,0
183,0,5.9,0.751,129.17,0,3.1,0.715,0.036,mobile,bronze,1
15,10,17.0,0.125,6.1,0,9.7,0.64,,desktop,gold,0
16,0,4.5,0.717,93.48,0,4.4,0.777,0.228,desktop,bronze,1
15,4,13.4,0.243,,0,10.3,0.391,0.344,tablet,bronze,0
2,5,18.6,0.002,439.68,1,11.9,0.199,0.716,mobile,gold,0
56,1,4.6,0.601,50.84,2,4.7,0.921,0.141,mobile,silver,1
1,6,22.8,0.117,1039.14,0,10.7,0.299,0.495,mobile,gold,0
246,4,7.3,0.371,65.06,1,3.7,0.3,0.195,desktop,bronze,0
138,2,1.8,0.475,156.66,3,2.0,0.832,0.081,mobile,bronze,0
16,1,,0.262,1249.58,0,7.3,0.148,0.665,desktop,silver,0
23,4,12.9,0.016,474.21,0,11.2,0.096,0.653,mobile,silver,0
15,8,26.6,0.083,620.27,1,11.9,0.54,0.67,desktop,gold,0
194,0,,0.958,81.75,1,5.5,0.753,0.046,tablet,bronze,1
79,1,0.5,0.742,23.56,7,3.4,0.906,0.015,tablet,bronze,1
42,1,1.8,0.461,9.1,3,4.4,0.458,0.061,mobile,silver,1
121,2,0.5,0.851,45.0,1,1.5,0.496,0.093,mobile,bronze,0
40,2,0.5,0.908,11.65,6,1.8,0.648,0.046,mobile,silver,0
28,9,12.9,0.176,,0,13.9,0.178,0.382,mobile,gold,0
28,2,8.6,0.522,20.18,1,6.7,0.551,0.496,desktop,gold,1
64,3,10.8,,104.13,0,9.2,0.54,,tablet,silver,1
12,12,21.7,0.282,851.52,0,9.5,0.207,0.428,mobile,bronze,0
1,1,0.5,0.454,77.52,3,4.7,0.386,0.015,tablet,bronze,1
19,3,4.8,0.448,38.78,0,5.3,0.9,0.012,desktop,bronze,1
2,7,,0.062,778.5,1,10.3,0.166,0.506,mobile,silver,0
365,1,6.1,0.885,64.28,0,2.4,0.729,0.121,mobile,silver,0
14,10,20.0,0.017,288.92,0,14.5,0.182,0.891,desktop,silver,0
37,8,13.4,0.016,1386.07,1,14.8,0.36,0.83,mobile,gold,0
5,9,19.7,0.193,541.14,0,9.7,0.062,0.817,desktop,platinum,1
54,8,16.6,0.092,400.51,0,14.6,0.254,0.745,mobile,gold,0
10,0,9.5,0.29,81.39,0,5.6,0.868,0.54,desktop,silver,0
63,10,26.2,0.191,220.47,1,12.5,0.347,0.846,desktop,silver,0
36,6,17.0,0.166,320.94,0,11.8,0.089,0.977,desktop,silver,0
66,2,10.5,0.414,149.05,0,6.7,0.365,0.674,tablet,gold,1
15,2,3.9,0.367,89.55,2,6.5,0.221,0.279,mobile,silver,1
16,5,,0.112,129.58,0,15.2,0.178,0.585,tablet,platinum,0
16,12,12.2,0.046,470.32,0,13.1,0.19,,mobile,platinum,0
37,11,15.4,0.06,586.34,1,10.4,0.169,0.613,mobile,gold,0
87,1,10.8,0.581,80.41,1,5.7,0.532,0.38,tablet,bronze,1
85,1,10.5,0.494,150.88,0,,0.25,0.201,mobile,silver,1
103,0,0.5,0.89,,2,3.1,0.593,0.237,mobile,bronze,1
4,12,13.8,0.405,1529.49,0,14.3,0.393,0.478,mobile,gold,0
1,7,17.4,0.36,,0,11.2,0.21,0.619,desktop,gold,0
14,10,24.9,0.083,774.47,0,15.3,0.167,0.822,desktop,gold,1
331,1,3.6,0.906,,2,1.8,0.832,0.065,tablet,platinum,0
102,0,10.5,0.359,190.64,1,7.2,0.403,0.779,desktop,silver,1
14,9,24.8,0.144,11.02,0,11.0,0.369,0.826,desktop,platinum,0
23,2,5.6,0.784,20.8,3,2.2,0.533,0.151,mobile,bronze,1
50,2,15.4,0.493,82.28,1,7.5,0.372,0.676,desktop,bronze,1
36,9,17.7,0.099,193.55,0,16.9,0.155,0.798,mobile,gold,1
3,10,21.5,0.009,238.76,0,11.3,0.332,0.72,mobile,gold,0
38,13,13.6,0.201,117.18,0,16.9,0.496,0.554,desktop,gold,1
22,0,0.5,0.677,90.89,1,3.6,0.598,0.141,mobile,bronze,1
3,7,23.6,0.229,236.13,0,11.3,0.701,0.774,desktop,gold,0
1,1,6.8,0.728,16.63,1,6.3,0.216,0.4,mobile,gold,0
52,6,14.7,0.127,281.38,0,16.8,0.129,0.434,mobile,platinum,0
57,1,0.8,0.824,10.74,2,3.3,0.666,0.012,mobile,bronze,1
84,2,0.5,0.88,10.48,2,2.1,0.48,0.098,mobile,bronze,1
99,2,2.5,0.62,15.34,3,3.0,0.685,0.234,mobile,bronze,1
45,3,6.3,0.466,61.58,5,2.0,0.462,0.003,desktop,bronze,0
36,10,20.8,0.186,265.14,0,13.9,0.397,0.746,tablet,gold,0
8,6,11.3,0.319,387.36,2,9.6,0.155,0.902,tablet,platinum,0
11,9,19.0,0.019,456.41,0,15.7,0.594,0.882,desktop,gold,0
25,1,1.4,0.984,14.02,4,3.0,0.82,0.156,desktop,gold,1
12,1,3.2,0.865,96.78,0,4.0,0.413,0.036,desktop,silver,0
273,2,2.6,0.94,99.73,4,2.5,0.48,0.103,desktop,silver,0
51,1,2.7,0.421,37.18,4,2.7,0.703,0.042,mobile,silver,0
39,2,9.9,0.794,42.37,1,8.8,0.128,0.694,mobile,bronze,1
53,1,4.4,0.572,36.35,3,3.5,0.629,0.127,mobile,gold,1
25,10,17.3,0.043,2.91,0,14.7,0.197,0.409,desktop,gold,0
106,1,2.0,0.928,,3,2.8,0.596,0.028,tablet,bronze,1
89,0,4.3,0.74,35.16,1,5.5,0.479,0.402,mobile,bronze,1
1,9,15.2,0.089,220.44,0,12.9,0.292,0.504,desktop,silver,0
11,7,10.3,0.33,714.2,0,13.4,0.147,0.763,mobile,gold,0
191,1,4.4,0.447,22.89,1,1.0,0.584,0.034,mobile,bronze,1
107,4,,0.287,33.63,3,1.3,0.571,0.157,mobile,bronze,1
22,7,18.6,0.174,136.96,0,9.9,0.612,0.711,desktop,platinum,0
95,2,2.3,0.92,85.47,3,1.0,0.299,0.241,desktop,bronze,0
145,0,1.3,0.821,8.77,5,3.4,0.58,,desktop,bronze,1
10,2,7.0,0.618,9.35,0,7.1,0.5,0.394,mobile,gold,0
73,15,16.8,0.212,666.32,0,9.1,0.475,0.348,tablet,gold,1
65,7,18.1,0.079,87.07,0,11.3,0.275,0.658,mobile,gold,1
5,6,12.1,0.147,198.27,0,8.5,0.228,0.688,mobile,bronze,0
2,12,21.1,0.122,171.37,0,16.2,0.131,0.687,desktop,silver,0
3,8,22.7,0.086,681.86,0,11.5,0.357,0.719,mobile,silver,0
24,10,18.7,0.418,1657.43,0,11.1,0.053,0.863,mobile,silver,0
25,11,14.9,0.033,20.01,0,12.0,0.304,0.736,mobile,gold,0
132,1,2.1,0.807,11.91,2,5.1,0.577,0.167,mobile,gold,1
8,7,17.9,,315.88,0,10.6,0.416,0.658,desktop,platinum,0
3,11,14.3,0.039,340.31,1,13.2,0.194,0.615,mobile,platinum,0
7,2,9.8,0.436,27.77,1,1.9,0.451,0.407,mobile,silver,0
13,13,23.4,0.126,317.14,0,19.6,0.238,0.662,desktop,gold,0
26,8,21.6,0.177,1131.47,1,15.8,0.215,0.707,tablet,platinum,1
365,2,0.5,0.823,233.85,1,5.2,0.733,0.041,mobile,silver,1
8,14,20.3,0.387,236.36,0,10.5,0.246,0.744,mobile,platinum,1
116,1,5.2,0.819,83.01,2,1.0,0.326,0.057,mobile,bronze,0
4,8,19.7,0.253,421.84,0,12.4,0.168,0.849,desktop,silver,0
235,1,2.2,0.864,107.53,5,4.9,0.382,,mobile,bronze,1
1,6,29.0,0.182,527.24,0,11.8,0.273,0.671,desktop,silver,0
365,0,1.6,0.833,3.39,3,3.1,0.604,0.344,mobile,platinum,1
1,8,24.2,0.055,314.19,1,8.2,0.058,0.601,desktop,silver,0
21,3,9.8,0.427,78.8,0,6.3,0.294,0.777,desktop,bronze,1
10,1,2.1,0.794,10.07,4,2.5,0.291,0.101,mobile,bronze,1
7,6,16.5,0.174,573.1,1,10.7,0.227,0.889,desktop,silver,1
22,7,20.2,0.316,335.57,1,12.7,0.095,0.509,mobile,bronze,0
2,0,2.6,0.723,110.13,5,,0.484,,desktop,bronze,1
17,8,0.5,0.07,,0,9.8,0.546,0.67,mobile,platinum,0
1,1,1.9,0.657,20.86,1,1.0,0.489,0.462,desktop,bronze,0
1,9,11.0,0.14,160.2,0,4.9,0.746,0.735,desktop,gold,0
26,13,12.3,0.024,348.55,0,14.1,0.2,0.834,mobile,gold,0
63,8,16.2,,127.42,0,9.4,0.493,0.691,mobile,platinum,1
39,8,14.1,0.568,88.44,1,14.1,0.291,0.314,desktop,gold,1
50,1,2.5,0.876,51.45,1,2.7,0.541,0.135,desktop,bronze,1
13,1,0.5,0.431,11.68,5,1.0,0.52,0.191,mobile,silver,1
3,6,19.6,0.022,251.76,0,12.9,0.214,0.611,desktop,platinum,1
18,5,16.6,0.213,1197.45,0,13.0,0.437,0.896,desktop,gold,0
69,2,8.0,0.166,79.68,1,7.2,0.165,0.602,desktop,silver,0
66,4,13.0,0.655,218.73,0,,0.703,0.308,mobile,bronze,1
9,2,8.6,0.587,4.13,1,8.1,0.715,0.16,mobile,bronze,1
23,9,,0.172,115.74,0,19.0,0.426,0.726,desktop,gold,0
10,5,27.4,0.424,761.04,0,11.2,0.6,0.767,mobile,bronze,0
38,10,21.1,0.111,500.84,1,,0.063,,desktop,platinum,0
29,5,30.5,0.355,323.65,0,19.3,0.1,0.491,desktop,platinum,0
365,2,2.6,0.434,171.52,3,4.3,0.593,0.493,desktop,bronze,0
5,1,10.3,0.263,62.5,2,4.2,0.698,0.209,mobile,gold,0
38,2,9.1,0.576,85.36,0,3.3,0.454,0.835,desktop,bronze,0
16,4,25.7,0.247,705.1,1,10.6,0.444,0.391,mobile,bronze,0
225,2,1.0,0.626,34.08,4,1.0,0.84,0.126,mobile,platinum,0
42,13,18.7,0.273,319.35,0,10.9,0.483,0.564,desktop,gold,0
219,3,9.5,0.568,108.67,1,8.0,0.103,,desktop,silver,1
105,1,5.9,0.232,7.43,0,9.0,0.371,0.638,desktop,gold,1
85,4,0.5,0.481,3.75,1,3.6,0.804,0.11,tablet,bronze,1
365,0,4.2,0.898,25.63,5,4.4,0.733,0.186,mobile,platinum,0
35,2,12.1,0.546,19.18,1,5.4,0.417,0.325,mobile,bronze,0
15,8,19.5,0.057,532.12,0,19.2,0.357,0.872,mobile,bronze,0
1,10,21.4,0.337,390.04,0,10.0,0.476,0.593,mobile,gold,0
107,0,7.7,0.568,42.25,1,4.4,0.36,0.463,mobile,bronze,0
220,2,5.8,0.75,6.58,3,2.3,0.323,0.279,desktop,bronze,0
70,7,22.0,0.127,1288.5,0,11.1,0.297,0.461,desktop,silver,0
124,0,3.8,0.719,,3,1.9,0.832,0.077,mobile,silver,0
8,8,17.4,0.475,229.23,0,12.3,0.268,0.756,desktop,silver,0
82,0,7.4,0.276,21.17,1,8.4,0.415,0.613,mobile,gold,0
14,7,16.1,0.185,394.51,0,13.5,0.456,0.649,desktop,gold,0
12,0,7.5,0.512,35.49,1,3.6,0.486,0.171,mobile,silver,0
15,9,29.0,0.393,528.01,0,13.6,0.377,0.384,desktop,bronze,0
36,5,,0.129,1325.42,0,7.5,0.198,0.713,mobile,gold,0
4,0,2.4,0.506,44.21,3,3.7,0.217,0.186,mobile,silver,0
20,8,18.6,0.303,964.84,0,11.8,0.129,0.909,mobile,bronze,0
15,2,23.9,0.187,,1,14.1,0.106,0.9,mobile,bronze,0
49,1,,0.57,,3,3.5,0.561,0.034,desktop,platinum,0
53,11,24.4,0.198,487.66,0,,0.328,0.561,desktop,gold,0
14,4,19.5,0.02,254.38,0,11.7,0.26,0.794,mobile,silver,0
7,9,20.6,0.087,9.04,0,17.5,0.459,0.779,mobile,gold,0
12,1,14.8,0.026,279.12,1,11.6,0.422,0.778,tablet,silver,0
4,7,20.5,0.05,724.11,0,9.2,0.213,0.751,desktop,silver,0
111,2,3.6,0.54,20.81,4,4.3,0.772,0.175,mobile,bronze,0
60,1,3.3,0.945,100.2,4,1.0,0.48,0.388,mobile,silver,1
2,9,15.8,0.0,397.92,0,7.3,0.024,0.691,desktop,gold,0
4,5,21.5,0.198,211.94,0,,0.303,0.307,desktop,platinum,0
164,0,1.9,0.82,74.19,4,3.1,0.578,0.2,tablet,gold,0
71,2,6.6,0.807,127.92,2,6.8,0.317,0.045,desktop,gold,0
16,5,16.6,0.066,130.35,0,17.3,0.366,0.58,mobile,platinum,0
22,6,25.8,0.066,516.93,1,12.4,0.599,0.812,mobile,gold,1
142,0,,0.748,4.98,8,,0.464,0.051,mobile,gold,0
16,4,27.0,0.246,446.92,1,13.2,0.37,0.763,desktop,silver,0
11,8,11.2,0.011,564.02,0,15.0,0.224,0.701,desktop,silver,0
21,8,17.2,0.15,235.03,2,13.0,0.393,0.554,desktop,platinum,0
1,6,27.8,0.086,776.94,0,14.7,0.556,0.393,mobile,gold,0
54,4,9.1,0.364,14.56,0,6.0,0.357,0.706,desktop,silver,1
7,7,11.8,,256.5,0,13.9,0.25,0.678,mobile,gold,0
239,1,0.7,0.79,47.64,2,1.6,0.808,0.163,mobile,silver,1
64,9,9.3,0.211,38.72,1,11.1,0.483,0.437,mobile,bronze,0
4,6,29.7,0.133,1298.0,1,10.4,0.639,0.729,desktop,bronze,0
7,8,17.1,0.078,1010.13,0,12.5,0.244,0.547,tablet,silver,1
194,0,3.4,0.544,15.0,4,2.1,0.47,0.148,desktop,platinum,1
67,2,2.4,0.795,60.32,3,2.2,0.243,0.016,mobile,bronze,0
29,4,8.0,0.598,115.4,2,6.1,0.742,0.706,mobile,bronze,1
27,7,24.4,0.075,285.97,0,16.0,0.45,0.364,mobile,bronze,0
87,0,6.2,0.514,124.52,0,1.3,0.196,0.388,desktop,bronze,0
7,7,15.6,0.427,35.33,0,12.2,0.418,0.744,tablet,silver,0
9,8,18.0,0.049,425.37,1,11.2,0.098,0.447,desktop,gold,0
8,7,15.4,0.026,1672.46,1,11.5,0.426,0.815,mobile,platinum,0
56,1,4.6,0.496,133.72,1,7.0,0.331,0.652,desktop,bronze,0
1,9,20.1,0.006,1090.5,0,14.0,0.139,0.547,desktop,gold,0
7,7,16.2,0.118,17.08,0,11.7,0.411,0.23,desktop,bronze,0
75,1,4.0,,10.76,4,3.5,0.607,0.166,mobile,platinum,0
16,7,29.2,0.07,679.01,0,5.3,0.156,0.488,desktop,silver,0
11,9,21.1,0.073,621.36,0,11.2,0.364,0.26,mobile,gold,0
200,1,0.6,0.747,35.24,4,4.7,0.749,0.278,mobile,bronze,0
4,3,5.2,0.478,94.32,0,3.9,0.24,0.095,desktop,silver,0
11,5,13.5,0.032,198.45,0,10.3,0.257,0.921,mobile,gold,0
124,2,0.5,0.908,31.05,2,1.9,0.701,,mobile,bronze,1
212,0,3.6,0.852,13.54,3,1.3,0.917,0.257,desktop,bronze,1
6,8,18.4,0.161,995.45,0,7.8,0.151,0.578,mobile,bronze,0
88,1,6.9,0.163,41.77,0,3.7,0.703,0.568,desktop,silver,1
20,7,11.6,0.347,509.01,0,13.3,0.278,0.425,mobile,silver,0
26,3,3.4,0.857,5.52,2,1.0,0.848,0.059,desktop,bronze,1
45,1,,0.932,13.8,3,3.0,0.642,0.012,desktop,silver,1
1,8,20.0,0.34,629.44,0,12.0,0.273,0.804,mobile,bronze,1
118,4,16.0,0.174,2661.54,0,10.9,0.252,0.839,tablet,silver,0
10,0,3.2,0.586,,3,3.2,0.653,0.383,mobile,bronze,1
7,8,7.5,0.05,1210.15,0,10.7,0.157,0.78,tablet,silver,0
5,14,9.0,0.197,63.95,0,13.6,0.308,0.667,desktop,platinum,0
17,1,3.3,0.816,28.63,1,2.9,0.277,0.586,mobile,bronze,1
8,11,21.0,0.024,689.9,1,14.2,0.482,0.49,mobile,bronze,1
72,2,3.4,0.636,15.57,1,3.7,0.229,0.163,mobile,bronze,1
23,0,6.5,0.314,59.39,1,8.5,0.415,0.528,desktop,bronze,0
19,5,20.4,0.643,83.01,0,12.0,0.208,0.962,desktop,silver,1
3,8,26.4,0.099,604.06,0,8.8,0.111,0.35,mobile,gold,0
187,1,5.2,0.722,133.38,3,4.9,0.743,0.65,mobile,silver,0
115,3,,0.868,36.96,1,5.1,0.609,0.007,desktop,silver,1
12,6,19.0,0.211,1063.96,1,9.6,0.436,0.666,tablet,bronze,0
20,1,5.0,0.648,27.76,1,3.1,0.826,0.125,mobile,bronze,1
5,5,7.9,0.461,155.49,0,10.8,0.165,0.56,tablet,silver,0
60,0,2.7,0.882,16.53,3,2.7,0.473,0.025,desktop,bronze,1
19,9,19.1,0.414,44.57,0,14.0,0.407,0.725,desktop,silver,0
13,3,7.8,0.524,67.57,0,6.6,0.144,0.45,mobile,silver,0
16,6,27.9,0.022,796.37,0,15.4,0.357,0.669,desktop,platinum,0
45,11,18.1,0.034,52.5,0,13.3,0.65,0.653,desktop,silver,1
30,1,4.5,0.703,36.77,2,3.4,0.709,0.007,mobile,silver,1
102,2,1.9,0.573,2.57,3,1.4,0.621,0.166,mobile,bronze,1
28,8,16.8,0.271,242.76,1,12.0,0.395,0.291,mobile,silver,0
1,10,18.3,0.19,738.06,1,11.6,0.485,0.375,mobile,bronze,0
3,7,17.9,0.25,847.08,0,,0.595,0.495,desktop,gold,1
130,1,2.9,0.835,83.29,0,1.0,0.822,0.177,mobile,silver,0
229,2,1.0,0.496,25.34,4,1.4,0.415,0.08,desktop,bronze,1
35,2,1.4,0.766,65.61,6,4.2,0.69,0.021,desktop,bronze,0
86,1,6.6,0.514,116.28,0,5.8,0.323,0.266,mobile,bronze,1
365,1,1.5,0.674,,5,4.9,0.658,0.046,mobile,silver,1
4,9,18.4,0.134,1254.41,0,11.8,0.177,0.462,tablet,gold,0
108,0,4.2,0.606,21.28,1,4.2,0.654,0.06,desktop,bronze,1
3,10,15.8,0.195,539.81,1,12.9,0.132,0.334,tablet,gold,0
1,6,14.4,0.142,718.17,0,14.8,0.237,0.52,desktop,gold,0
188,1,10.9,0.774,28.7,1,9.3,0.398,0.654,desktop,silver,1
15,1,5.2,0.632,119.19,0,3.2,0.496,0.858,mobile,platinum,0
43,5,8.2,0.145,239.27,0,9.0,0.089,0.853,tablet,silver,1
7,1,8.1,,171.28,0,4.8,0.547,0.26,desktop,bronze,1
55,2,9.4,0.688,126.07,2,7.2,0.409,0.636,desktop,bronze,0
28,2,6.3,0.896,35.37,1,5.8,0.513,0.464,tablet,bronze,0
26,1,6.8,,186.4,0,2.6,0.439,0.937,desktop,bronze,1
234,2,2.9,0.773,4.89,3,1.4,0.611,0.512,mobile,bronze,1
1,11,14.9,0.004,95.5,1,11.6,0.312,0.787,mobile,platinum,0
82,0,2.4,0.936,53.27,1,3.5,0.699,0.057,tablet,bronze,1
321,3,2.4,0.854,30.15,3,3.3,0.712,0.029,mobile,silver,0
256,2,12.3,0.143,21.25,3,7.8,0.286,0.472,desktop,bronze,1
12,7,14.9,,,0,10.4,0.392,0.52,tablet,gold,0
6,13,14.0,0.73,215.5,0,10.4,0.2,0.614,desktop,silver,0
3,5,10.2,0.547,23.14,1,2.6,0.5,0.38,desktop,platinum,1
128,2,6.9,,50.6,0,5.9,0.304,0.222,mobile,silver,0
110,0,5.7,0.293,4.22,1,4.6,0.083,0.249,desktop,silver,0
85,1,1.5,0.927,8.51,2,4.2,0.578,,mobile,bronze,0
57,2,0.5,0.941,,1,6.0,0.622,0.003,mobile,silver,1
2,11,14.9,0.017,527.27,0,13.5,0.499,0.647,desktop,platinum,1
365,0,2.9,0.786,2.25,2,4.6,0.272,,desktop,bronze,1
51,2,5.7,0.81,56.91,4,2.1,0.384,0.204,tablet,silver,0
3,7,12.8,0.169,49.48,0,12.4,0.279,,desktop,bronze,0
49,11,21.9,0.019,456.43,0,13.9,0.365,0.471,desktop,silver,1
12,6,19.7,0.013,958.59,1,14.4,0.146,0.587,desktop,platinum,1
1,8,17.8,0.362,304.01,0,12.7,0.292,0.28,desktop,platinum,0
64,7,13.2,0.07,695.75,0,11.4,0.399,0.927,mobile,platinum,0
171,1,4.4,,106.53,4,1.9,0.374,0.105,mobile,bronze,1
19,0,6.0,0.748,78.72,4,,0.623,,mobile,bronze,0
54,9,13.8,0.293,56.96,0,14.2,0.177,0.693,mobile,silver,0
4,4,16.6,0.158,1066.05,0,11.4,0.444,0.889,desktop,silver,0
36,11,17.7,0.359,1428.79,0,11.1,0.432,0.664,desktop,platinum,0
1,3,3.1,0.536,41.24,2,3.7,0.667,0.179,mobile,bronze,1
14,2,4.7,0.83,204.52,1,1.9,0.136,0.496,mobile,silver,1
31,5,,0.389,62.64,0,10.9,0.214,0.52,desktop,silver,0
8,9,15.1,0.044,329.91,0,13.6,0.148,0.438,desktop,platinum,0
29,6,20.8,0.377,429.44,0,10.5,0.476,0.526,mobile,gold,0
28,2,9.3,0.138,122.51,0,6.4,0.331,0.612,mobile,platinum,0
7,9,23.4,0.545,534.42,1,10.7,0.607,0.548,mobile,gold,0
2,12,26.3,,138.05,0,14.6,0.174,0.743,desktop,silver,0
83,1,7.1,0.471,288.05,1,9.6,0.146,,mobile,silver,1
6,17,15.1,0.033,267.87,1,11.2,0.243,0.664,mobile,gold,0
14,8,9.9,0.029,529.8,0,19.1,0.313,0.882,desktop,gold,0
9,12,21.9,0.505,163.96,0,12.7,0.315,0.512,tablet,gold,0
64,8,13.7,0.646,678.19,1,10.4,0.455,0.897,mobile,gold,0
71,1,6.6,0.835,3.14,2,3.5,0.612,0.154,mobile,bronze,1
30,3,,0.259,153.36,0,9.8,0.27,0.275,desktop,gold,0
36,1,11.1,0.627,58.67,0,4.2,0.33,0.425,desktop,silver,0
90,1,7.1,0.648,9.94,4,4.8,0.366,0.584,tablet,silver,0
9,3,15.3,0.246,312.2,1,12.1,0.283,0.533,desktop,silver,0
27,6,18.1,0.606,144.02,0,13.3,0.142,0.465,mobile,platinum,1
127,0,3.3,0.962,14.76,1,3.8,0.712,0.188,desktop,gold,1
16,4,5.0,,20.01,1,5.4,0.547,0.756,tablet,bronze,1
75,1,,0.475,88.72,2,7.7,0.166,0.605,desktop,bronze,0
43,5,20.8,0.124,223.56,0,8.7,0.371,0.759,desktop,silver,0
23,3,4.2,0.727,,0,10.4,0.67,0.361,desktop,bronze,1
17,4,14.9,0.017,25.01,0,,0.082,0.332,mobile,silver,0
35,5,20.6,0.206,148.39,1,9.7,0.154,0.66,mobile,gold,0
184,2,3.1,0.868,51.23,1,2.5,0.605,,mobile,silver,0
30,12,,0.086,312.72,0,,0.225,0.433,desktop,silver,0
18,6,17.9,0.179,767.28,0,8.8,0.304,0.532,desktop,bronze,0
44,8,11.1,0.084,197.66,0,17.1,0.606,0.742,desktop,bronze,0
3,10,18.8,0.004,711.49,1,3.7,0.592,0.377,desktop,silver,0
122,4,7.8,0.784,72.3,1,8.0,0.082,0.389,desktop,bronze,0
18,2,1.5,0.551,75.86,3,2.3,0.557,0.062,mobile,silver,1
1,4,11.5,0.205,507.71,0,12.6,0.332,0.587,desktop,platinum,0
2,9,11.2,0.24,154.95,0,9.8,0.266,0.754,tablet,gold,0
93,4,25.8,0.007,,0,13.1,0.134,0.704,desktop,gold,0
6,7,14.1,0.057,2505.1,0,12.6,0.124,0.893,tablet,platinum,0
365,1,4.6,0.549,6.48,1,2.2,0.454,0.276,tablet,silver,1
278,2,3.1,0.59,44.57,4,2.0,0.494,0.214,mobile,bronze,1
8,19,18.3,0.134,266.07,0,14.7,0.342,0.746,tablet,silver,0
27,7,9.4,0.172,220.68,0,10.5,0.065,0.695,desktop,silver,0
365,0,7.7,0.924,11.39,0,1.3,0.872,0.267,mobile,bronze,1
17,2,19.0,,904.16,1,13.4,0.355,0.581,desktop,platinum,0
15,11,15.3,0.222,1901.66,1,10.9,0.273,0.692,desktop,platinum,0
37,14,21.1,0.204,960.35,0,10.1,0.646,0.738,tablet,gold,0
27,0,6.4,0.143,50.89,1,7.6,0.257,0.469,desktop,gold,1
1,1,2.9,0.544,33.45,3,4.5,0.573,0.008,mobile,bronze,1
29,4,2.2,0.636,12.02,5,2.4,0.502,,desktop,bronze,1
18,7,18.0,0.11,4.06,0,13.3,0.391,0.83,desktop,silver,0
5,8,28.5,0.184,64.01,0,12.3,0.473,0.514,mobile,gold,1
8,7,17.0,0.309,511.14,1,11.0,0.37,0.548,desktop,gold,1
141,4,12.2,0.79,14.8,1,,0.502,0.471,desktop,bronze,0
51,1,12.5,0.877,67.21,0,7.6,0.209,0.262,mobile,bronze,1
50,3,5.0,0.422,22.12,1,,0.601,0.329,mobile,bronze,0
23,9,13.0,0.035,241.84,0,9.8,0.526,0.67,tablet,gold,0
11,8,7.4,0.255,51.92,0,17.1,0.227,0.469,desktop,silver,0
40,7,5.3,0.213,435.12,0,9.7,0.215,0.9,mobile,gold,0
1,3,4.3,0.696,7.38,4,5.4,0.786,0.109,mobile,silver,1
1,10,15.2,0.101,132.06,1,15.4,0.53,0.686,desktop,silver,0
315,0,5.6,,210.62,5,1.0,0.712,0.066,tablet,bronze,1
83,4,8.3,0.646,76.03,0,7.3,0.285,0.23,mobile,silver,0
30,9,25.2,0.345,311.33,0,7.4,0.232,0.656,desktop,silver,0
95,5,,0.011,192.39,0,17.0,0.117,0.409,desktop,bronze,1
15,7,,,536.75,0,11.5,0.481,0.773,desktop,gold,0
86,0,6.0,0.911,13.14,0,1.0,0.273,0.112,mobile,silver,1
31,1,4.2,0.787,33.19,5,2.7,0.784,0.272,mobile,silver,1
11,4,20.5,0.085,97.83,0,14.3,0.216,0.343,desktop,gold,1
199,1,0.5,0.942,30.48,1,1.5,0.595,0.005,mobile,bronze,0
3,12,11.4,0.079,245.55,0,13.6,0.489,,desktop,gold,0
42,1,0.5,0.375,67.47,1,7.4,0.419,0.455,mobile,bronze,0
62,6,7.7,0.257,44.9,0,6.7,0.21,0.724,mobile,silver,1
24,5,28.0,0.239,696.63,0,14.5,0.035,0.536,mobile,silver,0
365,1,2.4,0.896,32.46,3,3.6,0.81,0.227,mobile,bronze,1
273,2,5.9,0.258,14.7,2,4.9,0.317,0.37,mobile,silver,0
7,2,7.2,0.344,65.99,0,4.8,0.589,0.191,mobile,bronze,1
22,1,6.9,0.543,21.89,0,6.8,0.678,0.318,desktop,bronze,0
24,10,18.4,0.004,310.1,2,16.1,0.141,0.606,mobile,silver,0
66,1,2.7,0.871,33.12,2,3.1,0.331,0.152,mobile,bronze,0
27,2,5.7,0.695,64.71,0,7.5,0.422,0.259,mobile,bronze,0
79,3,6.2,0.816,17.99,3,7.1,0.604,0.507,desktop,bronze,1
365,1,1.7,0.593,34.93,1,4.0,0.57,0.072,desktop,silver,0
59,2,8.7,0.252,103.39,0,8.0,0.133,0.49,mobile,bronze,0
53,7,11.5,0.018,401.18,1,11.8,0.474,0.595,desktop,bronze,1
47,1,13.6,0.697,33.88,0,6.5,0.316,0.293,mobile,gold,0
31,5,22.0,0.09,239.33,0,12.1,0.299,0.876,desktop,silver,0
5,1,8.9,0.421,206.68,0,6.4,0.571,0.355,desktop,bronze,0
40,0,3.6,0.726,65.22,4,2.6,0.298,0.139,mobile,bronze,1
13,8,8.6,0.333,884.13,0,14.4,0.204,0.928,mobile,gold,1
126,0,1.3,0.866,4.62,3,4.0,0.867,0.238,mobile,silver,1
138,6,9.6,0.359,22.32,1,4.5,0.263,0.711,mobile,gold,1
142,3,7.7,,25.83,1,8.0,0.352,0.507,desktop,bronze,0
103,2,2.0,0.27,70.65,0,4.5,0.364,0.617,mobile,silver,1
28,2,6.0,0.421,15.34,0,6.2,0.493,0.047,mobile,silver,0
365,0,2.2,0.847,60.1,2,2.8,0.559,0.102,mobile,silver,0
52,9,,0.04,,0,14.6,0.113,0.627,tablet,gold,0
73,2,0.7,0.883,27.82,3,1.9,0.86,,tablet,gold,0
224,1,5.1,0.854,341.51,3,4.8,0.526,0.076,desktop,bronze,0
72,5,0.5,0.59,35.45,1,1.2,0.695,0.083,tablet,bronze,1
5,10,25.6,0.365,336.7,0,15.0,0.056,0.724,desktop,gold,0
20,3,2.1,0.804,69.43,5,4.2,0.627,0.452,tablet,silver,1
66,0,3.6,0.627,54.88,3,2.3,0.424,0.111,mobile,bronze,1
92,0,4.3,0.524,30.23,4,,0.854,0.095,mobile,silver,1
2,1,0.5,0.431,72.77,2,1.9,0.677,0.068,mobile,bronze,0
15,1,7.7,0.691,49.18,1,2.5,0.491,0.392,mobile,bronze,0
6,5,19.0,0.272,21.51,0,16.6,0.425,0.793,mobile,silver,0
43,3,11.9,0.706,41.05,1,7.3,0.488,0.21,desktop,bronze,0
1,6,11.3,0.25,53.76,0,9.3,0.313,0.663,desktop,gold,0
288,3,,0.781,36.65,3,3.2,0.65,0.743,mobile,silver,0
10,11,20.0,0.126,210.35,1,10.9,0.396,0.863,desktop,platinum,1
10,8,19.9,0.139,156.57,0,9.7,0.368,0.821,desktop,silver,0
185,1,3.0,0.839,,2,3.8,0.575,0.021,desktop,silver,1
93,1,3.4,0.643,26.1,2,3.7,0.382,0.005,desktop,bronze,0
46,3,7.2,0.547,21.39,1,1.0,0.411,,desktop,bronze,1
17,1,1.6,0.797,3.87,0,1.6,0.564,0.04,mobile,silver,1
32,10,11.0,0.246,349.23,1,16.2,0.111,0.94,desktop,platinum,0
35,9,12.9,0.389,874.62,1,9.6,0.275,0.785,desktop,silver,0
252,4,3.1,0.917,24.45,3,3.4,0.856,0.069,mobile,silver,0
105,1,7.3,0.737,12.74,2,1.8,0.661,0.145,mobile,bronze,1
198,1,2.8,0.752,132.27,1,5.7,0.296,0.578,desktop,platinum,0
195,0,3.4,0.44,36.75,3,1.5,0.682,0.435,desktop,bronze,0
43,3,11.2,0.307,204.07,0,9.2,0.07,0.627,mobile,platinum,0
24,0,9.6,0.268,29.21,0,6.2,0.359,0.808,desktop,bronze,0
86,1,4.8,0.862,33.97,1,2.7,0.721,0.37,mobile,gold,1
194,0,3.7,0.805,35.8,1,5.7,0.621,0.371,desktop,bronze,1
16,4,9.9,0.046,22.33,0,10.7,0.586,0.687,mobile,gold,0
39,11,,0.169,317.06,1,16.9,0.252,0.891,mobile,silver,0
2,7,20.4,0.054,260.36,1,14.4,0.224,0.407,mobile,gold,0
128,4,6.2,0.632,0.37,0,3.9,0.09,0.713,mobile,silver,1
11,1,0.5,0.525,58.68,1,4.2,0.659,0.067,mobile,gold,0
33,9,24.1,0.089,29.45,0,15.0,0.247,0.858,desktop,gold,1
4,12,20.2,0.078,623.87,0,12.3,0.165,0.691,desktop,silver,0
62,0,1.7,0.994,22.09,2,4.6,0.37,0.31,mobile,silver,1
10,8,23.6,0.037,166.7,1,6.7,0.313,0.653,mobile,platinum,0
8,1,2.8,0.671,46.35,2,1.4,0.436,0.111,mobile,gold,0
28,5,16.4,0.013,411.44,0,15.4,0.344,0.625,mobile,gold,0
177,1,5.7,0.744,16.86,1,,0.619,0.021,desktop,bronze,1
14,12,14.4,0.597,944.86,0,15.9,0.567,0.32,desktop,platinum,0
1,7,17.7,0.023,226.14,0,14.5,0.275,0.515,mobile,gold,0
61,2,7.4,0.702,17.16,2,5.9,0.508,0.337,mobile,bronze,1
128,2,1.8,0.912,46.29,5,1.8,0.691,0.393,mobile,bronze,1
16,7,12.7,0.107,203.97,0,12.4,0.109,0.716,mobile,bronze,0
10,8,20.6,0.136,202.89,0,15.7,0.314,0.859,mobile,silver,0
11,8,17.1,0.104,1793.08,0,13.8,0.316,0.679,mobile,silver,0
5,11,14.3,0.213,154.74,0,15.2,0.377,0.817,desktop,platinum,0
12,13,12.5,0.465,1118.28,0,12.2,0.437,0.684,tablet,gold,0
61,2,23.0,0.195,898.07,0,9.0,0.169,0.801,mobile,gold,1
42,5,9.9,0.74,188.39,0,4.8,0.401,0.609,mobile,gold,1
3,5,9.6,0.18,,0,11.7,0.042,0.616,mobile,gold,0
1,10,21.1,0.098,,1,9.1,0.195,0.544,desktop,silver,0
8,2,8.5,0.315,12.47,2,8.4,0.398,0.218,desktop,bronze,0
77,1,10.6,0.852,18.84,1,8.1,0.577,0.226,mobile,silver,0
10,0,3.3,0.321,13.78,0,5.8,0.684,0.04,tablet,gold,0
30,9,6.2,0.535,271.76,0,11.5,0.296,0.738,mobile,silver,0
135,0,5.5,0.722,31.59,1,4.1,0.605,0.273,mobile,bronze,1
13,10,26.0,0.371,302.71,1,16.6,0.217,0.807,mobile,bronze,0
69,5,25.1,0.055,788.73,0,17.0,0.329,0.919,desktop,bronze,0
22,11,16.9,0.13,603.55,0,13.3,0.273,0.768,desktop,gold,1
3,8,22.4,0.237,113.75,0,11.5,0.225,0.52,desktop,silver,0
72,4,3.7,0.672,47.76,2,4.9,0.486,0.439,mobile,silver,0
4,8,19.5,0.163,23.22,4,,0.082,0.417,desktop,silver,0
105,1,10.5,0.289,45.35,2,8.6,0.368,0.594,desktop,silver,0
7,6,22.0,0.177,281.22,0,15.4,0.064,0.65,mobile,gold,0
1,10,,0.178,1064.71,1,15.3,0.111,0.656,desktop,bronze,0
57,8,20.0,0.354,24.21,1,10.9,0.276,0.657,desktop,silver,0
3,10,11.1,0.293,,0,13.7,0.164,0.761,tablet,bronze,0
86,0,3.2,0.746,2.93,2,3.5,0.592,0.255,mobile,bronze,0
133,1,2.8,0.594,4.06,2,3.3,0.486,0.499,tablet,gold,1
10,3,10.2,0.393,39.68,0,4.4,0.475,0.803,mobile,gold,0
1,1,4.1,0.552,115.15,4,,0.467,0.224,mobile,gold,0
50,6,8.1,,10.53,0,6.8,0.27,0.742,mobile,gold,0
42,14,21.8,0.242,192.78,1,18.1,0.213,,mobile,silver,0
12,7,27.4,0.097,456.32,0,11.3,0.333,0.862,mobile,gold,0
10,4,13.5,0.066,306.98,0,11.1,0.169,0.288,tablet,platinum,0
90,0,5.0,0.774,17.48,1,5.1,0.676,0.084,desktop,bronze,1
5,10,4.5,0.158,924.39,1,11.5,0.734,0.33,mobile,platinum,0
1,13,16.0,0.071,54.39,0,16.1,0.156,0.746,desktop,silver,0
56,8,16.9,0.084,651.21,0,17.4,0.147,0.808,desktop,gold,1
65,0,5.9,0.804,45.82,3,1.0,0.464,0.064,mobile,platinum,1
4,6,24.8,0.143,950.28,0,15.6,0.429,0.252,desktop,gold,0
236,2,5.1,0.638,10.26,1,1.4,0.361,,mobile,bronze,1
20,1,4.6,0.361,18.27,2,5.5,0.607,0.266,tablet,silver,0
72,2,3.5,0.882,79.8,3,1.0,0.395,0.118,mobile,bronze,1
62,1,5.4,0.805,23.87,3,5.2,0.403,0.123,desktop,gold,1
107,1,11.5,0.548,202.09,0,,0.525,0.76,desktop,bronze,0
34,3,1.7,0.791,50.96,1,1.0,0.351,0.05,tablet,silver,1
160,2,10.0,0.57,22.52,0,9.1,0.315,0.131,desktop,bronze,1
45,0,11.3,0.725,72.12,1,9.5,0.492,0.56,desktop,bronze,1
16,8,19.2,0.019,886.49,0,10.0,0.4,0.77,desktop,silver,0
290,0,6.0,0.759,32.54,2,2.1,0.56,0.066,desktop,silver,1
7,6,,0.119,547.94,0,12.1,0.441,0.792,desktop,bronze,0
2,12,22.2,0.016,579.85,0,7.5,0.266,0.29,desktop,gold,0
13,4,13.2,0.184,586.35,0,11.0,0.385,,desktop,gold,0
360,0,3.4,0.773,138.35,0,,0.705,0.101,mobile,bronze,1
2,16,10.7,0.326,41.74,0,9.7,0.378,0.834,desktop,platinum,0
146,3,11.4,0.88,2.56,0,3.0,0.732,0.255,desktop,silver,1
1,9,25.4,0.196,656.98,0,5.9,0.482,0.616,mobile,gold,0
21,2,1.9,0.961,17.35,2,2.8,0.444,0.049,mobile,silver,1
13,7,20.6,0.144,346.78,0,17.0,0.236,0.649,mobile,silver,0
23,1,6.3,0.86,115.22,3,4.7,0.834,0.001,mobile,bronze,1
83,2,3.8,0.267,47.24,4,1.1,0.309,0.287,desktop,gold,1
40,2,7.4,0.307,142.23,0,,0.546,0.275,mobile,bronze,0
2,3,0.9,0.849,13.53,2,4.0,0.746,0.34,mobile,silver,1
111,0,1.6,0.766,1.27,2,3.1,0.644,0.398,desktop,bronze,1
38,1,1.1,0.945,2.35,3,2.1,0.723,0.297,desktop,bronze,0
14,2,8.6,0.42,16.43,2,6.8,0.345,0.404,mobile,bronze,0
44,14,22.8,0.041,408.1,0,10.5,0.238,0.645,desktop,bronze,0
127,8,14.8,0.102,226.48,0,8.7,0.476,0.833,mobile,bronze,0
4,8,,0.052,22.03,0,11.9,0.403,0.707,tablet,gold,0
30,0,5.4,0.615,21.43,3,1.0,0.558,0.085,desktop,bronze,0
3,10,12.4,0.033,611.71,0,14.7,0.153,0.698,desktop,platinum,0
21,9,18.2,0.204,342.29,0,11.5,0.082,0.623,mobile,platinum,0
40,2,2.6,0.686,23.26,1,4.4,0.537,0.358,mobile,bronze,1
37,8,20.2,0.276,26.68,0,14.8,0.183,0.209,mobile,gold,0
59,2,11.3,0.456,21.28,1,7.2,0.446,0.395,mobile,bronze,1
73,0,0.5,0.901,199.75,1,2.6,0.468,0.089,mobile,silver,1
111,1,2.8,0.815,66.58,2,2.5,0.82,0.005,mobile,silver,1
111,0,0.5,0.962,,4,4.9,0.709,0.626,tablet,bronze,1
210,0,2.6,0.752,18.2,3,1.3,0.276,0.417,mobile,silver,1
97,4,9.9,0.183,4.89,1,5.3,0.374,0.8,mobile,silver,0
20,8,14.7,,188.4,0,,0.15,0.472,desktop,silver,0
16,3,18.9,0.38,385.3,0,9.8,0.426,0.812,desktop,silver,1
20,4,24.2,0.129,417.17,0,17.4,0.035,0.906,desktop,silver,1
71,1,2.8,0.711,,3,1.7,0.436,0.3,mobile,bronze,1
25,11,15.9,0.019,742.93,1,12.0,0.405,0.512,desktop,platinum,0
20,10,24.4,0.078,1003.86,0,9.1,0.109,,desktop,platinum,1
14,14,26.5,0.037,474.11,1,11.7,0.553,0.339,desktop,platinum,0
70,3,6.8,0.807,106.11,0,8.6,0.482,0.557,desktop,bronze,0
11,5,19.4,0.262,445.27,0,17.4,0.286,0.708,desktop,platinum,1
5,9,19.8,0.299,419.47,0,11.3,0.224,0.776,desktop,silver,0
188,2,6.9,0.225,6.43,0,1.0,0.235,0.844,mobile,bronze,0
105,2,2.2,0.962,33.9,3,3.4,0.348,0.037,mobile,silver,0
55,0,3.0,0.884,48.15,1,5.9,0.523,0.066,desktop,bronze,1
71,2,1.8,0.758,21.82,3,3.0,0.808,,desktop,platinum,0
8,5,19.1,0.226,1046.46,1,5.2,0.353,0.532,desktop,silver,0
10,4,21.2,0.031,323.88,1,15.5,0.298,0.79,desktop,gold,0
4,12,19.5,0.336,93.09,1,11.6,0.57,0.355,tablet,gold,0
194,1,11.7,0.755,16.17,1,5.6,0.661,0.36,desktop,bronze,1
29,12,11.2,0.326,601.34,0,16.8,0.232,0.81,desktop,gold,0
5,5,12.6,0.35,67.55,0,10.3,0.067,0.898,desktop,gold,0
4,2,1.2,,63.82,4,2.1,0.49,0.198,desktop,bronze,1
82,0,,0.946,2.54,1,1.8,0.687,0.035,mobile,silver,1
12,11,21.0,0.015,308.16,1,7.3,0.067,0.698,mobile,silver,1
41,7,12.6,0.188,329.52,0,,0.324,0.744,desktop,gold,1
56,3,8.4,0.586,39.67,1,4.5,0.262,0.212,desktop,silver,1
23,1,2.5,0.566,96.59,1,1.4,0.674,0.089,mobile,silver,0
34,1,4.4,0.877,52.59,2,5.0,0.355,0.008,desktop,silver,0
39,7,16.3,0.081,29.84,0,9.0,0.079,0.819,desktop,gold,1
352,1,3.0,0.518,0.52,2,4.8,0.647,0.601,mobile,silver,0
17,1,3.7,0.946,7.04,1,2.9,0.715,0.147,desktop,bronze,1
1,11,22.9,0.07,626.55,1,12.2,0.409,0.785,mobile,gold,1
28,0,1.9,0.448,13.84,3,4.3,0.728,0.025,tablet,bronze,1
71,6,17.4,0.251,714.96,1,17.5,0.267,0.755,mobile,bronze,0
47,0,1.3,0.887,25.66,4,4.2,0.493,0.015,desktop,silver,1
18,0,5.2,0.509,17.54,2,3.0,0.348,0.192,mobile,bronze,1
43,15,16.7,0.522,39.22,0,15.0,0.569,0.609,desktop,silver,1
69,2,16.1,0.424,12.29,1,2.8,0.495,0.288,mobile,bronze,1
7,6,17.7,0.193,279.2,0,18.0,0.262,0.609,mobile,silver,0
56,10,18.7,0.005,11.85,0,18.8,0.139,0.786,desktop,gold,0
198,2,,0.837,,3,3.8,0.84,0.149,mobile,bronze,1
37,8,13.0,0.068,118.09,0,6.9,0.345,0.751,mobile,bronze,0
111,1,5.3,0.546,2.12,2,2.7,0.87,0.191,mobile,silver,0
31,12,17.7,0.281,120.34,0,11.8,0.075,0.786,mobile,gold,0
3,6,18.4,0.13,603.74,0,15.1,0.249,0.676,tablet,gold,0
77,1,9.6,0.576,111.06,2,5.4,0.457,,desktop,silver,0
82,10,18.6,0.523,169.62,1,12.7,0.649,0.459,mobile,gold,0
30,2,0.7,0.758,6.86,0,4.1,0.197,0.048,tablet,bronze,0
24,2,3.5,0.876,70.51,1,4.1,0.823,0.198,desktop,gold,1
47,3,6.5,0.266,34.88,0,4.0,0.617,0.778,mobile,silver,0
1,10,16.7,0.025,389.27,0,15.3,0.496,0.581,desktop,platinum,0
28,8,28.2,0.037,41.9,1,13.0,0.263,0.564,desktop,bronze,0
1,0,1.5,0.741,,3,6.5,0.513,0.096,desktop,silver,0
19,6,17.0,0.241,476.26,0,10.0,0.034,0.833,desktop,silver,1
111,0,2.9,0.735,4.81,2,2.8,0.554,0.056,mobile,bronze,1
118,2,7.6,0.474,1.41,0,,0.331,0.294,mobile,bronze,0
6,7,12.5,0.138,467.01,0,16.0,0.234,0.722,desktop,bronze,0
18,3,2.9,0.565,56.5,1,6.7,0.72,0.162,desktop,silver,0
102,1,4.5,0.714,11.27,1,7.1,0.71,0.088,mobile,bronze,0
58,6,18.8,0.315,201.97,0,,0.1,0.222,desktop,platinum,0
24,9,15.2,0.047,569.57,0,11.3,0.306,0.377,desktop,gold,0
27,3,16.8,0.025,1648.47,0,8.0,0.113,0.803,tablet,silver,0
72,2,3.9,0.737,205.4,0,8.0,0.417,0.107,mobile,bronze,0
2,0,7.4,0.268,147.66,0,7.6,0.367,0.463,mobile,silver,1
29,3,5.6,0.693,90.31,3,7.3,0.535,0.438,mobile,bronze,0
16,9,27.4,0.124,,0,9.2,0.304,0.871,mobile,silver,0
83,1,2.2,,149.5,1,2.5,0.407,0.09,tablet,gold,1
8,0,3.1,0.855,30.18,1,5.3,0.904,0.286,tablet,bronze,0
37,1,,0.292,70.11,0,7.5,0.493,0.514,tablet,bronze,1
196,1,4.9,0.617,46.53,2,3.5,0.355,0.239,mobile,bronze,1
3,3,20.2,0.143,597.87,1,10.3,0.112,0.471,mobile,gold,0
30,8,20.3,0.107,964.61,0,,0.207,0.858,mobile,bronze,0
2,10,13.2,0.292,780.95,0,9.2,0.094,0.618,desktop,gold,0
4,3,,0.369,108.31,0,7.1,0.628,0.61,mobile,bronze,0
4,6,22.9,0.224,243.86,1,11.3,0.514,0.579,desktop,gold,0
16,8,24.9,0.049,251.37,0,13.9,0.141,0.88,desktop,silver,0
141,2,,0.776,1.4,4,5.3,0.571,0.022,mobile,bronze,0
7,5,,0.038,635.22,0,13.1,0.078,0.621,mobile,gold,0
82,0,0.7,0.668,24.14,5,4.8,0.516,0.15,mobile,gold,0
12,6,17.3,,246.22,1,8.4,0.157,0.3,mobile,gold,0
96,0,,0.582,202.31,2,11.0,0.378,0.33,desktop,bronze,0
240,3,6.6,0.725,136.99,1,3.4,0.536,0.357,mobile,bronze,1
59,1,4.4,0.541,36.18,1,2.9,0.791,0.375,desktop,bronze,0
58,10,9.1,0.119,130.87,0,10.0,0.027,0.654,desktop,silver,1
20,2,6.6,0.234,36.68,0,4.0,0.523,0.588,mobile,silver,0
62,2,2.3,0.68,19.36,1,2.4,0.848,0.614,mobile,bronze,1
29,1,3.5,0.476,4.79,2,2.0,0.498,0.004,mobile,silver,1
52,0,2.4,0.929,115.57,2,2.1,0.651,0.175,mobile,bronze,1
4,11,11.2,0.154,1767.05,1,,0.227,0.291,desktop,silver,1
23,1,6.6,0.827,120.37,1,4.6,0.686,0.098,mobile,silver,1
118,0,8.0,0.29,85.22,0,4.0,0.759,0.132,mobile,bronze,1
62,14,19.6,0.087,10.26,0,15.5,0.161,0.519,mobile,bronze,1
31,6,14.0,0.171,1103.47,0,14.7,0.042,0.86,mobile,platinum,0
58,1,,0.761,89.5,2,2.4,0.643,,mobile,bronze,1
4,3,20.7,0.329,169.43,0,9.0,0.566,0.58,mobile,platinum,0
48,8,15.5,0.046,1313.99,0,10.1,0.152,0.745,tablet,bronze,0
35,7,17.2,,242.75,0,10.3,0.29,,desktop,gold,0
3,3,19.1,0.271,244.41,0,8.5,0.296,0.376,desktop,silver,1
40,6,,0.015,193.24,0,12.1,0.187,0.593,mobile,gold,0
41,2,11.1,0.878,71.79,0,5.1,0.361,0.281,mobile,bronze,1
23,0,8.8,0.595,37.33,3,7.0,0.407,0.783,desktop,silver,0
21,8,23.9,0.272,994.33,0,10.8,0.168,0.909,tablet,gold,0
6,0,4.8,0.757,48.04,0,4.0,0.514,0.161,desktop,gold,0
87,2,0.5,0.671,23.54,3,4.6,0.782,0.026,mobile,bronze,1
84,0,1.9,0.661,123.9,5,3.4,0.677,0.099,mobile,bronze,1
98,4,24.3,0.16,901.63,0,13.4,0.133,0.85,mobile,gold,0
22,6,17.7,0.079,898.34,0,12.0,0.432,0.833,desktop,gold,0
26,10,19.8,0.496,406.43,0,8.0,0.383,0.7,mobile,platinum,0
84,2,6.4,0.275,2.33,3,6.6,0.308,0.686,desktop,bronze,0
3,2,10.9,0.286,40.81,2,7.1,0.362,0.843,mobile,bronze,0
48,3,8.1,0.8,0.01,1,7.9,0.498,0.463,mobile,bronze,0
5,10,12.2,0.053,1565.39,0,14.0,0.356,0.77,desktop,silver,0
5,10,16.3,0.255,233.88,1,9.4,0.417,0.716,tablet,platinum,0
365,2,4.3,0.671,28.87,2,3.3,0.31,0.448,desktop,bronze,1
231,1,3.9,0.855,211.07,3,3.8,0.705,0.277,desktop,bronze,1
31,4,0.5,,19.71,2,3.5,0.619,0.169,desktop,gold,0
34,7,28.9,0.37,406.54,0,,0.727,0.695,mobile,gold,0
4,7,19.8,0.008,1075.07,0,15.9,0.318,0.93,mobile,silver,0
64,3,10.8,0.561,46.15,1,2.5,0.511,0.515,mobile,bronze,1
2,0,4.2,0.171,2.5,1,3.0,0.544,0.013,mobile,bronze,1
13,10,7.2,0.063,180.65,2,10.5,0.238,0.517,desktop,platinum,1
1,7,16.7,0.311,1382.99,0,12.3,0.225,0.904,desktop,bronze,0
274,0,4.6,0.828,0.97,7,3.4,0.225,0.013,mobile,gold,1
31,11,16.0,0.023,843.21,1,10.3,0.466,0.523,mobile,silver,0
195,2,2.6,0.755,47.54,2,1.8,0.85,0.381,mobile,bronze,1
1,4,22.3,0.217,1009.81,1,4.1,0.448,0.832,tablet,silver,0
17,5,13.2,0.15,830.27,0,10.2,0.089,0.392,mobile,silver,0
61,1,3.7,0.84,29.0,2,3.2,0.306,0.266,mobile,bronze,1
22,0,2.1,0.792,50.78,4,1.6,0.658,0.055,mobile,bronze,0
16,6,13.4,0.213,505.32,0,11.9,0.23,0.707,desktop,platinum,0
92,2,5.5,0.752,31.22,0,6.4,0.086,0.579,mobile,bronze,0
29,9,19.9,0.267,153.21,1,17.1,0.261,0.689,mobile,platinum,0
32,12,28.0,0.002,1542.24,0,7.6,0.061,0.951,desktop,gold,0
42,8,17.0,0.168,1165.53,0,12.7,0.171,0.903,mobile,bronze,0
82,2,5.9,0.49,72.97,1,4.6,0.543,0.416,mobile,silver,1
13,0,5.5,0.677,,1,5.8,0.276,0.208,mobile,bronze,0
16,10,25.9,0.077,370.36,0,12.1,0.17,0.769,mobile,bronze,0
31,5,9.1,0.39,870.97,0,12.2,0.625,0.63,desktop,gold,0
103,2,8.5,0.54,66.06,1,6.1,0.104,0.247,desktop,silver,0
108,9,18.7,0.388,976.4,2,9.3,0.211,0.809,mobile,gold,0
1,7,15.2,0.06,82.3,0,11.2,0.357,0.91,mobile,gold,0
44,0,0.5,0.668,113.43,4,2.1,0.537,0.047,desktop,bronze,0
81,0,7.9,0.858,16.31,0,,0.443,0.272,desktop,gold,0
130,3,,0.547,174.97,2,1.0,0.668,0.291,mobile,silver,0
76,0,5.3,0.548,57.36,4,3.9,0.47,0.093,mobile,bronze,1
24,9,19.4,0.015,51.64,0,14.0,0.505,0.805,desktop,silver,0
1,3,27.5,0.28,636.69,0,6.7,0.089,0.643,desktop,gold,0
11,0,4.8,0.802,18.64,1,1.0,0.485,0.105,desktop,silver,0
34,3,3.3,0.644,33.96,2,4.2,0.645,0.148,mobile,gold,1
271,0,2.6,0.959,17.21,3,5.2,0.265,0.387,mobile,bronze,1
7,1,3.1,0.873,76.64,1,1.4,0.3,0.096,mobile,bronze,1
19,7,4.6,0.194,13.0,0,10.1,0.226,0.697,desktop,silver,0
28,11,10.1,0.225,441.91,0,9.8,0.404,0.367,desktop,silver,0
68,1,4.7,0.481,97.21,0,5.0,0.458,0.18,mobile,bronze,1
38,6,25.1,0.181,181.85,0,12.9,0.201,,desktop,platinum,0
66,8,21.5,0.069,98.39,0,11.1,0.2,0.788,mobile,silver,0
84,1,2.8,0.439,38.88,1,1.3,0.707,0.002,mobile,bronze,1
16,2,1.0,0.832,19.03,1,5.3,0.729,0.028,mobile,bronze,1
33,9,23.2,0.013,350.55,1,,0.235,0.808,mobile,gold,0
173,0,0.5,0.764,222.17,3,4.2,0.613,0.009,mobile,bronze,0
106,1,11.4,0.43,82.88,2,6.7,0.494,,tablet,bronze,0
33,4,14.0,0.491,113.86,2,5.8,0.391,0.141,tablet,bronze,0
32,3,7.4,0.536,54.86,0,5.0,0.552,0.14,mobile,bronze,1
139,0,0.8,0.506,84.09,0,5.3,0.461,0.213,mobile,bronze,0
102,2,6.2,0.708,70.05,1,9.6,0.435,0.326,mobile,bronze,1
10,14,21.6,0.061,163.55,0,12.5,0.112,0.783,desktop,bronze,1
6,7,17.6,,275.97,0,6.3,0.474,0.675,mobile,platinum,0
4,0,0.5,0.928,1.77,1,4.1,0.568,0.197,mobile,silver,0
15,1,7.2,0.937,5.19,2,1.0,0.401,0.188,mobile,silver,0
32,10,22.2,0.222,2262.06,0,13.1,0.216,0.534,mobile,silver,0
1,7,16.0,0.166,308.57,0,12.2,0.161,0.425,desktop,gold,0
224,2,3.9,0.867,167.44,2,1.8,0.58,0.019,mobile,gold,0
3,6,24.0,0.12,316.73,1,,0.067,0.225,desktop,platinum,1
127,1,3.4,0.719,45.76,3,1.9,0.707,0.634,desktop,silver,0
5,6,19.2,0.339,255.1,0,15.2,0.488,0.641,desktop,bronze,0
5,13,20.3,,210.82,1,12.8,0.324,0.706,desktop,gold,0
8,5,5.1,0.157,11.46,2,5.8,0.483,0.446,desktop,silver,0
15,2,8.0,0.143,88.57,1,1.6,0.472,0.461,tablet,silver,0
2,8,17.3,0.118,186.8,0,12.8,0.254,0.945,mobile,gold,0
3,13,25.9,0.168,403.36,0,10.5,0.173,0.695,mobile,platinum,0
5,9,30.4,0.638,73.66,0,8.5,0.07,0.498,desktop,gold,0
35,1,6.6,0.292,179.59,1,4.4,0.183,0.165,tablet,silver,0
10,5,20.2,0.09,345.16,0,11.1,0.588,0.591,desktop,gold,0
252,1,1.6,,61.12,1,4.9,0.657,0.446,mobile,bronze,1
43,0,1.2,0.597,32.59,3,4.2,0.921,0.281,mobile,silver,1
13,8,10.4,,75.87,0,8.0,0.034,0.896,mobile,silver,0
1,8,11.7,0.053,1003.22,0,9.4,0.388,0.379,mobile,platinum,0
126,1,7.5,0.209,30.3,0,5.9,0.521,0.396,tablet,silver,0
36,1,1.7,0.803,,0,1.0,0.901,0.026,desktop,bronze,1
10,6,20.4,0.302,908.05,0,13.0,0.173,0.162,desktop,bronze,1
45,3,6.8,0.401,37.59,3,4.0,0.67,0.442,desktop,bronze,1
19,1,7.9,0.739,84.82,1,7.8,0.592,0.437,desktop,silver,0
98,6,15.6,0.3,32.25,0,12.8,0.274,0.804,desktop,gold,0
10,5,15.9,0.025,646.7,0,13.9,0.672,0.811,desktop,silver,0
19,12,21.9,0.588,,1,9.7,0.185,0.393,tablet,silver,1
2,4,12.2,0.654,108.69,1,8.2,0.488,0.318,mobile,bronze,0
105,0,3.2,0.746,30.18,1,2.6,0.521,0.039,mobile,silver,1
177,2,8.3,0.87,60.46,0,6.0,0.396,,mobile,bronze,1
26,10,18.3,0.162,335.75,0,8.3,0.12,0.953,mobile,bronze,0
2,10,8.2,0.034,1400.33,0,11.4,0.578,0.494,mobile,platinum,0
230,0,2.3,0.91,57.95,0,3.2,0.635,0.377,desktop,silver,1
6,12,23.9,0.311,24.46,1,10.6,0.181,0.222,desktop,bronze,1
3,9,17.3,0.507,206.18,0,13.6,0.156,0.914,mobile,platinum,0
2,1,2.2,0.879,1.36,2,4.5,0.631,0.046,mobile,bronze,1
2,13,16.0,0.152,435.81,0,11.1,0.123,0.436,desktop,silver,0
89,1,5.2,0.966,30.16,0,4.9,0.367,,mobile,bronze,1
12,7,10.9,0.016,,1,12.4,0.272,0.702,mobile,silver,0
15,8,20.1,0.199,85.67,0,14.5,0.333,0.631,mobile,gold,0
5,3,3.4,0.782,50.99,1,1.3,0.807,0.067,mobile,bronze,0
3,5,15.9,0.032,97.43,0,15.6,0.228,0.667,desktop,gold,1
76,2,2.7,0.536,19.35,3,1.8,0.778,0.01,mobile,gold,1
84,14,20.5,0.061,49.49,0,12.5,0.41,0.677,tablet,bronze,1
36,5,,0.67,145.02,1,10.1,0.62,0.542,mobile,silver,0
6,11,24.5,0.014,265.44,0,7.6,0.168,0.851,desktop,gold,1
15,2,2.8,0.759,140.44,3,1.7,0.474,0.02,desktop,bronze,1
1,4,12.4,0.059,402.3,0,8.5,0.454,0.724,desktop,gold,0
41,6,16.4,0.111,666.2,0,9.7,0.314,0.681,desktop,gold,0
14,4,19.0,,615.91,0,12.2,0.196,0.849,mobile,gold,0
33,5,9.3,0.863,51.92,2,9.5,0.215,0.612,mobile,bronze,0
19,4,13.1,0.251,210.2,0,5.0,0.66,0.58,desktop,bronze,0
7,11,17.2,0.277,,0,13.4,0.342,0.748,desktop,platinum,0
7,8,24.3,0.464,73.24,0,15.7,0.282,0.657,tablet,platinum,0
114,1,1.7,0.584,28.66,1,3.4,0.51,0.283,tablet,bronze,0
1,1,2.7,0.842,72.35,0,1.2,0.77,0.124,mobile,silver,0
22,4,18.9,,89.97,0,12.0,0.225,0.671,mobile,gold,0
32,11,16.6,0.198,442.12,1,13.0,0.051,0.488,desktop,gold,0
5,6,8.5,0.15,5.01,0,12.3,0.26,0.875,desktop,gold,0
19,12,13.7,0.091,296.41,0,12.9,0.186,0.486,mobile,bronze,0
51,0,3.2,0.866,41.37,3,7.4,0.496,0.144,desktop,bronze,0
30,11,14.9,0.101,152.77,1,22.0,0.224,0.471,mobile,silver,0
17,2,0.5,0.781,7.23,2,3.0,0.463,0.062,desktop,bronze,1
133,0,1.2,0.847,28.76,0,3.6,0.518,0.029,desktop,gold,0
5,3,8.1,0.507,25.68,0,6.9,0.483,0.859,desktop,bronze,0
310,2,3.0,0.936,27.75,5,1.0,0.426,0.001,mobile,bronze,1
1,6,18.9,0.076,885.51,0,16.0,0.839,0.86,mobile,platinum,0
11,0,4.0,0.972,73.92,0,1.3,0.629,0.295,mobile,bronze,1
280,3,5.8,0.563,30.99,1,7.9,0.304,0.365,mobile,bronze,0
22,6,12.2,0.16,213.45,0,10.2,0.105,0.283,desktop,platinum,1
28,0,1.9,0.921,62.02,0,4.6,0.679,0.156,mobile,bronze,0
13,6,8.3,0.05,98.56,0,,0.645,0.837,desktop,gold,0
12,11,12.4,,974.02,0,,0.599,0.501,desktop,silver,1
59,4,7.8,0.252,75.69,2,4.1,0.358,0.076,desktop,bronze,0
46,2,1.8,0.771,11.93,1,3.1,0.523,0.208,mobile,silver,0
108,2,8.5,0.365,30.49,2,5.4,0.677,,desktop,bronze,0
75,1,8.6,0.262,171.84,0,7.2,0.507,0.326,desktop,bronze,0
25,2,7.9,0.475,101.01,2,8.8,0.241,0.341,desktop,silver,0
1,7,31.6,0.081,238.05,0,5.4,0.414,0.361,desktop,gold,0
4,11,21.4,0.268,78.34,0,8.0,0.513,0.196,desktop,gold,0
22,8,17.7,0.023,235.71,0,10.5,0.23,0.55,desktop,silver,0
28,5,24.3,0.129,102.04,2,7.8,0.366,0.479,mobile,platinum,0
36,4,22.9,0.033,2167.83,0,7.8,0.275,0.332,desktop,silver,0
6,6,23.5,0.156,875.34,0,11.7,0.273,,desktop,gold,0
53,13,16.9,0.127,957.59,0,13.8,0.089,0.661,desktop,bronze,0
16,9,10.2,0.122,539.26,0,9.1,0.26,0.772,mobile,silver,1
66,1,7.6,0.762,21.59,2,5.5,0.278,0.789,desktop,silver,1
46,0,3.6,,76.43,3,3.8,0.654,0.024,desktop,gold,1
51,2,10.2,0.739,75.12,1,5.4,0.488,0.168,mobile,bronze,0
65,8,14.3,0.117,590.22,0,13.5,0.354,0.682,desktop,gold,0
38,0,4.8,0.44,209.48,1,6.2,0.313,0.585,tablet,bronze,0
5,8,15.9,0.257,383.56,0,,0.284,0.662,mobile,gold,0
33,8,24.5,0.048,10.05,2,8.5,0.332,0.64,mobile,silver,0
152,2,0.5,0.343,83.91,1,5.1,0.293,0.278,desktop,bronze,0
168,1,2.7,0.809,53.99,3,1.0,0.707,,tablet,bronze,1
1,4,4.3,0.487,62.39,1,5.6,0.681,0.389,mobile,silver,0
9,8,15.0,0.526,997.97,1,13.1,0.089,0.729,mobile,silver,0
50,6,24.4,0.182,452.11,1,7.8,0.254,0.584,desktop,silver,0
1,13,17.7,0.037,743.43,0,16.1,0.33,0.38,mobile,gold,1
38,4,16.0,0.009,501.22,0,11.2,0.421,0.567,desktop,gold,0
5,9,31.3,0.305,570.72,0,16.7,0.476,0.851,tablet,platinum,1
158,1,0.5,0.885,125.75,1,2.7,0.564,0.366,mobile,gold,0
180,1,5.8,0.734,24.12,1,3.5,0.696,0.095,mobile,bronze,0
247,1,2.1,0.851,76.69,4,1.3,0.829,0.38,mobile,bronze,1
61,0,8.5,0.305,101.39,2,,0.572,0.253,mobile,bronze,0
71,1,10.3,0.65,19.5,2,4.6,0.373,0.386,desktop,gold,0
27,11,24.0,0.133,432.44,0,13.3,0.3,0.624,desktop,silver,0
32,16,14.0,,755.68,0,10.6,0.171,0.85,tablet,gold,0
26,8,16.7,0.275,185.73,0,4.6,0.191,0.636,desktop,silver,0
51,9,18.9,0.058,447.4,0,8.8,0.299,0.642,desktop,gold,0
314,3,11.2,,,1,3.1,0.527,0.522,mobile,silver,1
36,3,10.6,0.31,,1,9.1,0.217,0.194,mobile,platinum,0
1,7,21.0,0.116,1516.71,0,14.7,0.181,0.674,mobile,bronze,0
5,5,17.3,0.326,,1,8.0,0.276,0.816,mobile,gold,0
211,0,4.8,0.61,159.29,4,4.9,0.904,,mobile,bronze,1
17,1,3.3,0.468,3.17,0,9.3,0.275,0.42,desktop,gold,1
108,0,1.9,0.66,4.42,3,4.0,0.748,0.291,mobile,bronze,1
1,7,15.7,,224.8,0,7.5,0.337,0.768,desktop,silver,0
1,5,,0.021,550.23,2,13.3,0.145,0.84,mobile,gold,0
35,9,19.1,0.111,168.33,0,10.9,0.396,0.882,mobile,silver,0
365,1,3.7,0.409,22.33,1,3.5,0.617,0.2,mobile,gold,1
31,3,10.3,0.532,79.13,3,8.0,0.363,0.432,mobile,bronze,0
30,0,3.1,0.744,55.77,2,5.5,0.881,0.255,tablet,silver,1
1,4,25.3,0.404,324.51,0,10.4,0.147,0.737,desktop,gold,0
132,0,4.8,0.674,134.5,1,1.3,0.164,0.051,desktop,silver,1
19,8,12.8,0.279,1696.09,0,17.6,0.202,0.555,tablet,silver,0
4,7,14.2,0.259,548.15,0,11.7,0.244,0.765,mobile,gold,1
22,9,21.9,0.171,98.59,0,9.3,0.075,0.468,desktop,gold,0
268,2,3.3,0.426,58.52,2,6.4,0.681,0.003,mobile,silver,1
59,0,5.9,0.899,158.33,4,1.6,0.782,0.312,desktop,bronze,1
39,7,23.4,0.308,535.89,0,14.6,0.389,0.796,tablet,gold,0
3,9,,0.106,676.18,0,6.1,0.519,0.546,tablet,gold,0
6,1,7.2,0.481,145.54,1,6.9,0.612,0.517,desktop,bronze,0
239,1,5.8,0.902,73.45,4,2.9,0.673,0.215,mobile,bronze,1
4,8,16.0,0.228,523.04,0,13.9,0.535,0.667,mobile,gold,0
43,2,2.2,0.981,179.08,3,3.1,0.29,0.083,desktop,bronze,0
239,2,5.7,0.788,12.99,1,2.9,0.64,0.011,desktop,silver,1
1,6,,0.534,30.56,1,12.1,0.426,0.826,desktop,bronze,1
11,11,21.3,0.333,1043.0,0,13.7,0.148,0.867,mobile,bronze,0
33,2,4.3,0.737,13.84,3,2.9,0.818,,mobile,bronze,1
103,0,3.5,0.938,32.38,4,2.0,0.368,0.142,mobile,gold,0
38,2,4.9,0.568,51.06,3,3.5,0.784,0.019,desktop,bronze,1
8,4,5.0,0.196,180.92,2,5.0,0.39,,desktop,bronze,1
135,0,5.6,0.407,67.56,1,7.5,0.423,0.552,tablet,silver,0
99,1,2.0,0.954,7.39,3,3.1,0.357,0.302,mobile,silver,0
49,0,4.9,0.518,134.49,2,2.4,0.466,0.077,desktop,bronze,0
139,6,0.6,0.512,15.94,3,7.3,0.691,0.576,mobile,gold,0
33,2,9.3,0.346,33.73,3,4.6,0.392,0.298,desktop,silver,0
10,5,18.3,0.04,1089.59,0,13.7,0.075,0.503,desktop,silver,0
112,1,4.9,0.776,7.51,6,,0.833,0.046,desktop,bronze,1
230,0,3.2,0.827,5.86,3,,0.814,0.034,mobile,bronze,1
6,8,15.8,0.048,451.12,2,9.8,0.271,0.218,desktop,platinum,1
17,7,13.3,0.044,545.52,0,9.0,0.008,0.872,mobile,gold,0
71,1,8.9,0.552,0.21,0,2.2,0.712,0.011,mobile,bronze,1
1,10,32.1,0.1,545.28,0,10.8,0.182,0.888,mobile,gold,0
97,3,,0.607,199.36,3,3.8,0.458,0.299,mobile,bronze,1
25,6,19.7,0.427,250.68,0,10.9,0.153,0.708,desktop,silver,0
66,2,27.9,0.207,128.72,0,7.4,0.341,0.419,desktop,gold,0
159,2,3.3,0.738,47.49,0,,0.889,0.029,desktop,bronze,0
28,10,20.0,0.102,28.2,0,9.2,0.132,0.829,tablet,silver,0
14,6,23.6,0.114,15.44,0,11.8,0.208,0.487,mobile,gold,1
41,2,12.0,0.52,54.22,2,,0.268,0.646,mobile,silver,1
15,6,15.8,0.024,220.66,0,11.8,0.325,0.671,desktop,silver,0
38,0,3.5,0.836,10.11,0,5.0,0.518,0.05,desktop,silver,1
45,9,13.6,0.01,175.91,1,8.0,0.243,0.481,mobile,platinum,1
67,1,,0.599,32.11,1,1.9,0.437,0.009,mobile,silver,0
127,3,10.0,0.624,47.05,0,6.0,0.236,0.681,mobile,silver,0
18,10,20.9,0.014,473.85,0,18.0,0.543,0.661,tablet,gold,0
8,6,24.2,0.394,115.67,1,12.1,0.371,0.453,desktop,silver,1
123,0,4.4,0.868,0.99,2,2.9,0.161,0.44,mobile,bronze,0
4,7,21.1,0.01,146.52,0,9.9,0.375,0.458,mobile,gold,0
120,0,6.5,0.631,31.83,4,6.0,0.637,0.182,mobile,bronze,1
103,1,,0.531,321.48,0,1.4,0.527,0.573,tablet,silver,1
121,1,0.5,0.724,65.19,2,2.9,0.48,0.083,desktop,bronze,1
96,0,3.9,0.771,41.15,0,1.4,0.885,0.237,mobile,bronze,0
64,2,13.8,0.853,22.58,1,6.7,0.482,0.323,mobile,gold,1
63,0,,0.637,118.2,1,6.0,0.362,0.285,mobile,bronze,1
56,1,4.4,0.504,41.65,2,2.2,0.556,0.292,desktop,bronze,0
6,12,19.0,0.018,915.2,0,7.2,0.396,0.86,mobile,silver,0
2,8,17.4,0.024,922.7,1,,0.119,0.863,mobile,gold,1
6,1,10.8,0.248,46.45,0,,0.435,0.46,tablet,gold,1
34,0,1.9,0.646,89.0,3,2.1,0.511,0.208,mobile,silver,0
27,0,3.5,0.771,3.44,4,3.0,0.627,,mobile,bronze,0
4,7,17.6,0.439,534.31,0,9.3,0.158,0.757,mobile,platinum,1
77,3,2.6,0.882,8.56,1,,0.697,0.071,desktop,bronze,1
39,10,9.2,0.195,228.39,1,7.4,0.116,,desktop,gold,0
11,12,23.6,0.311,722.92,0,10.3,0.198,0.763,desktop,bronze,0
49,6,18.9,0.112,950.7,1,10.1,0.149,0.887,mobile,bronze,0
13,9,27.0,0.111,126.95,0,,0.216,0.918,tablet,platinum,0
10,12,23.7,0.244,895.37,0,14.0,0.51,0.597,mobile,gold,1
322,2,0.5,0.764,36.98,0,2.1,0.648,0.005,mobile,gold,1
1,9,20.5,0.146,583.3,0,9.0,0.227,0.927,desktop,silver,0
13,1,8.0,0.543,85.45,2,7.1,0.385,0.366,tablet,bronze,1
21,5,,,619.44,0,11.1,0.325,0.578,mobile,platinum,1
68,1,0.9,0.454,27.02,3,6.7,0.702,0.215,mobile,bronze,0
119,1,4.0,0.866,0.64,2,2.8,0.125,0.024,desktop,silver,1
49,2,6.4,0.951,62.28,4,1.5,0.748,0.166,mobile,silver,1
9,8,11.2,0.772,328.66,0,14.0,0.623,0.774,desktop,gold,0
18,12,19.6,0.052,866.72,0,11.3,0.327,0.568,desktop,bronze,1
13,4,12.9,0.077,1204.74,2,11.0,0.092,0.813,desktop,platinum,0
103,1,1.8,0.585,36.02,1,1.0,0.67,,desktop,silver,1
40,1,4.7,0.725,8.06,1,5.8,0.793,0.138,mobile,bronze,1
48,10,,0.554,1133.23,1,18.4,0.324,,mobile,gold,0
5,11,16.5,0.225,306.53,1,11.9,0.237,0.679,desktop,platinum,0
6,1,4.7,0.722,101.49,3,1.0,0.896,0.0,desktop,bronze,1
6,7,13.0,0.035,439.42,0,10.6,0.248,0.817,desktop,bronze,0
9,1,2.0,0.554,25.1,1,2.1,0.66,0.117,desktop,bronze,0
1,1,9.1,0.361,2.39,0,1.4,0.495,0.695,mobile,bronze,0
15,1,4.5,0.731,81.38,1,9.4,0.59,0.181,desktop,bronze,0
4,1,5.6,,74.66,2,1.0,0.544,0.058,mobile,silver,0
129,1,2.9,0.358,82.75,3,1.0,0.659,0.392,mobile,bronze,0
34,6,22.4,0.162,485.8,0,4.2,0.119,0.468,desktop,platinum,1
246,1,2.3,0.651,,5,,0.718,0.483,mobile,gold,0
8,10,16.6,0.11,684.16,0,13.6,0.552,0.588,tablet,platinum,0
163,1,,0.469,93.86,1,4.1,0.204,0.554,mobile,bronze,1
17,9,11.2,0.198,131.31,0,12.8,0.218,0.386,desktop,bronze,1
67,1,9.5,0.651,65.78,0,5.9,0.171,0.326,desktop,gold,0
21,7,23.8,0.222,11.38,0,14.9,0.155,0.692,desktop,silver,0
14,0,0.5,0.723,54.49,2,1.0,0.774,0.047,mobile,bronze,0
1,10,23.6,,866.77,0,11.7,0.212,0.594,mobile,gold,0
2,11,21.6,0.225,726.3,1,17.6,0.231,0.443,desktop,platinum,0
10,7,19.2,0.081,1550.38,0,7.9,0.089,0.761,tablet,gold,0
148,1,3.8,0.462,104.58,1,4.1,0.274,0.043,mobile,silver,0
54,1,5.4,0.759,206.56,4,1.2,0.433,0.652,mobile,bronze,0
24,1,5.7,0.054,256.0,0,5.0,0.253,0.613,desktop,bronze,0
72,0,0.5,0.604,0.49,2,3.7,0.448,0.373,desktop,silver,1
30,0,2.7,0.175,46.71,3,6.6,0.198,0.2,mobile,bronze,0
73,1,6.1,0.756,77.58,1,1.4,0.397,0.43,desktop,bronze,1
10,8,22.3,0.301,577.43,0,14.0,0.16,,mobile,platinum,0
14,9,10.6,0.038,737.15,0,9.9,0.099,0.763,mobile,gold,0
2,8,17.4,0.069,316.32,0,9.6,0.158,0.637,desktop,gold,0
73,3,4.1,0.463,66.86,0,3.6,0.363,0.368,desktop,silver,1
45,0,3.3,0.738,52.4,4,1.2,0.391,0.091,desktop,platinum,0
19,3,18.1,0.127,105.1,0,4.8,0.713,0.685,desktop,bronze,0
1,17,23.1,0.214,696.53,1,10.4,0.775,0.649,mobile,gold,0
4,3,21.9,0.001,513.15,0,17.5,0.147,0.525,desktop,silver,0
8,3,12.1,0.2,418.97,0,15.5,0.064,0.624,desktop,gold,0
1,12,21.6,0.37,980.76,0,8.8,0.399,0.716,desktop,gold,0
4,7,19.2,0.01,887.31,0,13.6,0.38,0.646,desktop,gold,0
31,4,3.8,0.37,57.46,2,5.1,0.4,0.514,mobile,bronze,0
87,0,0.5,0.809,4.25,5,2.2,0.364,0.015,mobile,bronze,1
9,2,9.2,0.805,64.42,1,3.9,0.417,,tablet,gold,1
9,8,20.3,0.011,407.93,0,5.8,0.305,0.338,mobile,bronze,0
210,6,6.5,0.578,13.76,2,4.1,0.388,0.676,mobile,bronze,0
17,9,17.4,0.033,247.14,2,17.0,0.19,0.663,mobile,gold,0
5,9,14.3,0.097,211.32,1,8.0,0.45,0.46,desktop,platinum,0
360,1,4.1,0.504,45.23,2,2.2,0.647,0.578,mobile,bronze,1
67,2,11.9,0.352,111.31,0,4.8,0.15,0.588,desktop,bronze,1
31,1,,0.963,129.96,1,1.0,0.368,0.049,mobile,gold,0
7,4,7.7,0.507,143.76,0,8.8,0.384,0.434,mobile,platinum,1
148,2,8.6,0.362,82.65,0,8.0,0.377,0.664,mobile,silver,0
306,1,3.5,0.822,72.46,2,3.6,0.537,0.197,desktop,gold,0
229,0,5.4,0.914,149.86,1,3.6,0.299,0.47,mobile,bronze,0
14,6,20.9,0.027,,0,13.2,0.254,0.65,desktop,silver,0
59,0,5.2,0.881,34.37,2,1.0,0.445,0.258,mobile,bronze,1
2,4,8.4,0.85,117.66,2,11.2,0.703,0.406,desktop,silver,1
74,3,5.9,0.776,51.55,2,4.7,0.823,0.137,desktop,bronze,0
35,0,3.6,0.413,42.43,2,4.6,0.51,0.162,desktop,gold,0
12,1,4.2,0.388,68.35,2,3.9,0.472,0.897,desktop,bronze,1
32,7,16.3,0.018,204.66,1,12.7,0.116,0.83,tablet,silver,0
7,0,3.4,0.662,14.03,2,6.0,0.506,0.444,tablet,silver,0
15,8,21.0,0.169,119.73,1,10.0,0.297,0.511,desktop,silver,1
3,9,19.6,,542.92,0,17.5,0.4,0.818,mobile,gold,0
8,12,21.0,0.117,,0,18.0,0.191,0.408,desktop,platinum,0
53,9,15.3,0.049,575.78,0,9.0,0.204,0.651,mobile,silver,0
3,7,18.0,0.009,511.53,0,11.2,0.331,0.402,desktop,gold,0
20,6,21.0,0.015,342.4,1,17.7,0.505,0.339,mobile,gold,1
17,5,29.4,0.211,770.29,0,9.1,0.125,0.619,desktop,bronze,0
172,1,5.2,0.46,38.6,2,1.2,0.409,0.048,mobile,bronze,1
7,8,,,246.26,1,13.4,0.04,0.386,desktop,silver,1
27,1,4.6,0.981,102.78,2,5.1,0.172,0.15,mobile,bronze,1
4,6,15.1,0.458,716.65,0,13.3,0.357,0.638,desktop,silver,0
76,2,0.8,0.946,131.97,2,1.0,0.64,0.466,mobile,bronze,0
71,5,19.7,0.403,336.53,0,11.4,0.764,0.452,mobile,platinum,0
4,5,17.0,0.003,852.19,0,12.9,0.057,0.71,desktop,platinum,1
47,1,0.8,0.576,8.82,3,2.2,0.449,0.038,mobile,gold,1
17,0,3.2,0.755,5.33,3,2.6,0.764,0.066,desktop,bronze,0
61,0,3.4,0.864,17.32,1,3.7,0.29,0.132,desktop,bronze,0
6,8,21.7,0.008,1094.89,0,12.4,0.124,0.538,mobile,silver,0
94,1,2.0,0.71,22.93,4,7.9,0.253,0.511,mobile,silver,0
113,0,6.4,0.784,26.3,4,2.7,0.781,0.367,desktop,bronze,1
62,3,12.0,0.323,365.03,0,14.1,0.27,0.673,desktop,gold,0
9,4,6.4,0.091,1.75,0,8.2,0.189,0.745,mobile,bronze,0
10,5,19.9,0.075,1555.79,0,21.0,0.243,0.983,desktop,silver,1
15,0,9.7,0.346,30.62,2,5.3,0.151,0.322,desktop,bronze,1
23,13,15.0,0.021,620.56,1,15.3,0.269,0.695,tablet,gold,0
25,10,13.0,0.046,,0,8.8,0.405,0.327,mobile,silver,0
40,1,0.5,0.542,1.4,1,1.0,0.566,0.227,mobile,gold,1
10,0,1.6,0.525,95.78,2,1.0,0.855,0.074,desktop,bronze,0
330,1,7.8,0.986,2.18,2,2.6,0.625,0.014,desktop,gold,1
57,1,8.3,0.699,12.94,1,1.7,0.723,0.11,desktop,silver,0
24,8,15.0,0.01,300.41,0,13.2,0.333,0.838,mobile,bronze,0
26,6,19.4,0.34,754.43,1,13.0,0.18,0.718,desktop,bronze,0
6,4,17.7,0.38,17.72,0,14.2,0.389,0.594,mobile,gold,1
151,0,2.5,0.769,,4,3.7,0.373,0.162,desktop,bronze,1
17,1,5.5,0.833,34.32,1,3.0,0.554,0.148,mobile,silver,0
7,12,19.6,0.184,237.55,0,14.0,0.146,0.889,mobile,bronze,0
26,3,3.6,0.529,81.68,0,4.3,0.305,0.549,mobile,bronze,0
200,1,5.8,0.451,64.66,1,2.6,0.289,0.063,mobile,silver,0
239,1,,0.704,64.33,1,6.2,0.418,0.578,desktop,bronze,0
2,4,21.2,0.11,136.51,0,5.6,0.315,0.544,desktop,gold,0
35,6,23.3,0.007,246.08,0,9.1,0.071,0.724,desktop,gold,0
18,10,9.2,0.033,626.45,0,14.5,0.131,0.89,desktop,gold,1
93,0,6.5,0.701,11.04,2,1.0,0.646,0.118,desktop,bronze,1
74,2,3.0,0.87,2.66,7,4.0,0.747,0.416,mobile,gold,0
6,13,21.6,0.043,1246.14,1,18.9,0.457,0.848,mobile,gold,0
7,8,19.1,0.024,238.79,0,9.8,0.254,0.489,mobile,silver,0
19,0,6.4,0.527,131.9,3,6.5,0.528,0.482,mobile,bronze,1
1,9,26.4,0.028,492.28,0,19.6,0.414,0.63,desktop,bronze,0
333,0,3.3,0.574,17.03,4,1.0,0.575,0.375,mobile,bronze,1
1,9,14.9,0.022,420.96,0,14.1,0.251,,mobile,bronze,0
263,1,3.4,,81.46,2,4.0,0.409,0.257,mobile,silver,1
9,10,8.7,0.058,513.93,1,12.9,0.452,0.841,desktop,platinum,1
20,8,10.0,0.003,991.25,1,11.0,0.436,0.578,mobile,platinum,0
233,3,11.0,0.312,30.64,1,2.8,0.515,0.409,tablet,platinum,1
22,5,18.2,0.079,215.86,0,16.1,0.416,0.836,desktop,gold,0
26,10,20.5,0.106,578.69,0,9.3,0.115,0.835,desktop,silver,0
23,10,19.2,0.193,278.57,0,9.6,0.579,0.393,desktop,bronze,0
35,2,4.9,0.466,4.27,1,8.4,0.198,0.37,mobile,silver,0
148,0,4.4,0.683,9.4,3,3.7,0.837,0.352,mobile,bronze,0
360,1,4.1,,61.47,2,1.8,0.453,0.262,mobile,bronze,1
33,0,0.5,0.681,23.86,4,4.0,0.758,0.071,desktop,bronze,0
164,0,0.5,0.681,73.9,1,3.1,0.527,0.104,desktop,bronze,1
11,5,12.5,0.302,376.93,0,5.0,0.338,0.851,desktop,gold,0
12,8,21.1,0.108,1068.67,1,10.8,0.285,0.837,desktop,bronze,0
24,11,25.8,0.065,2819.29,0,11.6,0.115,0.487,mobile,bronze,0
96,1,4.3,0.78,38.75,5,3.7,0.38,,mobile,bronze,0
7,12,,0.117,479.26,0,15.6,0.079,0.85,mobile,gold,0
1,5,19.2,0.224,180.77,0,11.0,0.19,0.899,desktop,gold,0
23,8,21.8,0.357,505.68,0,12.9,0.202,0.676,mobile,bronze,0
16,12,12.6,0.23,731.06,0,12.5,0.531,0.473,mobile,platinum,0
8,2,15.5,0.116,1065.37,1,13.7,0.397,0.924,mobile,gold,0
26,2,1.7,0.676,22.63,3,3.0,0.271,0.328,mobile,bronze,0
365,0,0.9,0.86,46.21,1,2.9,0.574,0.01,mobile,silver,1
49,4,11.0,0.103,112.92,0,6.3,0.39,0.039,desktop,silver,0
8,3,6.1,0.1,39.8,1,5.9,0.397,0.513,mobile,silver,1
20,9,10.6,0.009,50.92,1,9.1,0.29,0.725,tablet,gold,0
52,1,0.5,0.761,138.1,1,1.0,0.605,0.129,mobile,silver,1
6,8,15.9,0.054,267.17,0,13.5,0.454,0.781,desktop,silver,0
3,7,19.2,0.17,142.46,0,6.2,0.167,,mobile,gold,1
3,8,11.7,0.207,1259.67,0,16.0,0.429,0.825,desktop,gold,1
94,3,1.7,,60.17,5,2.9,0.791,0.209,mobile,bronze,0
82,0,3.4,,16.78,3,3.3,0.732,0.276,mobile,bronze,1
10,7,11.5,0.495,572.72,1,12.1,0.209,0.656,desktop,platinum,0
3,10,18.3,0.208,386.75,1,10.8,0.183,,desktop,bronze,0
22,0,2.4,0.927,47.94,5,2.5,0.492,0.081,mobile,bronze,0
16,3,5.8,0.794,30.37,5,4.2,0.328,0.03,tablet,bronze,1
42,6,9.6,,393.74,0,7.3,0.362,0.687,desktop,gold,0
13,3,11.0,0.471,68.07,2,,0.175,,mobile,silver,0
8,1,6.5,0.656,52.44,1,8.2,0.441,,desktop,gold,1
1,6,11.7,0.049,59.71,0,9.1,0.452,0.69,mobile,gold,0
2,8,24.6,0.244,,0,10.7,0.38,0.622,mobile,silver,0
121,2,1.5,0.856,33.8,4,1.0,0.51,0.373,mobile,bronze,0
24,8,5.0,0.051,419.63,0,14.0,0.06,0.889,mobile,gold,0
1,2,23.9,0.175,349.28,0,,0.287,0.624,desktop,bronze,0
13,12,15.6,0.07,418.17,0,10.9,0.167,0.777,desktop,platinum,1
12,13,,0.225,55.11,0,13.3,0.025,0.751,desktop,gold,1
230,0,0.5,0.847,53.41,5,2.8,0.531,0.434,mobile,silver,1
22,1,,,,1,2.0,0.736,0.516,desktop,bronze,0
3,10,12.5,0.123,1531.94,0,6.4,0.388,0.725,desktop,gold,1
40,0,4.7,,5.61,2,,0.754,0.056,tablet,bronze,1
37,0,1.3,0.462,16.51,2,1.6,0.778,0.145,mobile,gold,1
139,2,10.4,0.834,31.33,0,2.2,0.234,0.223,tablet,silver,1
22,6,19.3,0.027,,0,11.8,0.117,0.511,desktop,gold,0
33,10,22.9,0.082,1002.39,0,14.4,0.316,0.925,tablet,platinum,0
12,1,,0.828,435.23,1,6.9,0.462,0.503,mobile,bronze,0
27,3,8.4,0.293,7.2,2,10.4,0.192,0.54,desktop,silver,0
7,5,14.1,0.038,860.11,0,13.7,0.172,,desktop,silver,0
3,3,4.7,0.823,108.39,1,5.9,0.526,0.052,mobile,bronze,0
1,4,17.3,0.11,818.19,0,10.5,0.27,0.593,desktop,bronze,0
5,10,17.4,0.352,570.01,0,12.7,0.232,0.924,tablet,platinum,1
1,3,,0.163,826.43,0,12.9,0.199,0.763,desktop,platinum,1
7,6,17.9,0.112,462.8,0,12.9,0.323,0.206,mobile,silver,0
41,6,21.9,0.084,566.36,1,11.0,0.191,0.696,desktop,silver,0
8,9,16.2,0.121,9.88,0,12.4,0.291,0.448,mobile,gold,0
145,0,0.9,0.855,61.88,5,2.2,0.571,0.059,desktop,bronze,1
11,9,25.7,0.133,621.16,0,14.0,0.374,0.616,mobile,gold,0
156,0,2.2,0.639,77.05,3,3.9,0.889,0.439,desktop,bronze,0
69,11,26.9,0.182,602.78,0,9.2,0.282,0.685,desktop,silver,0
7,3,10.0,0.213,129.91,0,12.5,0.481,0.408,mobile,bronze,0
19,13,20.3,0.406,249.15,0,12.6,0.217,0.338,tablet,silver,1
10,11,9.5,0.025,498.89,0,6.1,0.267,0.336,desktop,silver,1
253,2,5.0,0.385,251.26,0,11.9,0.266,0.236,tablet,bronze,0
13,2,13.3,0.137,414.5,0,11.7,0.308,0.244,desktop,silver,0
33,12,12.0,0.236,27.13,0,5.3,0.367,0.734,desktop,silver,0
2,14,14.9,0.214,53.75,0,13.8,0.433,0.313,tablet,bronze,0
11,1,3.7,0.526,29.18,4,2.1,0.409,0.509,mobile,platinum,0
161,0,0.5,0.566,14.86,2,,0.582,0.021,mobile,silver,0
365,0,5.8,0.831,6.75,1,3.3,0.786,0.167,desktop,silver,1
25,8,24.1,0.167,462.06,1,14.9,0.245,0.641,desktop,platinum,0
16,5,27.7,0.282,560.19,1,3.6,0.179,0.248,mobile,platinum,0
1,2,5.7,0.292,118.12,2,5.4,0.502,0.681,desktop,bronze,0
70,2,2.4,0.487,0.11,4,2.2,0.917,0.129,mobile,bronze,0
109,2,3.7,0.875,10.74,2,1.7,0.57,0.055,desktop,silver,1
2,1,9.1,0.395,45.95,0,7.5,0.367,0.663,desktop,silver,1
324,0,4.3,0.951,30.75,2,2.0,0.855,0.038,mobile,bronze,1
20,8,19.3,0.214,995.17,0,,0.091,0.774,mobile,gold,0
12,7,12.0,0.101,412.22,0,13.1,0.087,0.451,desktop,bronze,1
40,7,18.0,0.114,179.25,0,7.1,0.263,0.489,mobile,silver,0
188,1,3.3,0.703,10.01,2,2.7,0.678,0.024,mobile,gold,0
104,1,5.5,0.676,40.59,0,1.5,0.292,0.255,desktop,silver,0
287,1,4.0,,21.97,3,2.1,0.629,0.351,desktop,bronze,0
63,8,,0.303,899.22,0,14.0,0.238,0.333,mobile,gold,1
6,7,18.6,0.242,1566.36,0,11.8,0.078,0.773,desktop,platinum,0
61,2,,0.934,54.47,3,1.9,0.346,0.269,desktop,silver,1
9,9,18.8,0.49,1246.71,0,13.7,0.206,0.386,mobile,silver,1
8,3,5.6,0.16,264.84,1,4.7,0.463,0.62,tablet,silver,0
92,3,3.6,0.275,38.56,5,2.5,0.712,0.046,mobile,gold,1
3,9,26.0,0.067,140.98,1,13.9,0.53,0.477,desktop,bronze,0
5,8,19.4,0.1,153.06,1,,0.26,0.784,mobile,bronze,1
16,1,2.9,0.642,,4,2.5,0.586,0.017,mobile,gold,1
24,5,16.6,0.089,51.67,0,16.8,0.59,0.929,desktop,bronze,0
85,8,16.4,0.041,732.19,0,11.9,0.406,,desktop,bronze,1
83,4,10.6,,48.32,1,8.3,0.316,0.255,desktop,bronze,1
196,1,11.5,0.072,43.44,0,8.7,0.297,0.894,mobile,bronze,0
14,6,23.3,0.06,3.56,1,10.9,0.205,0.759,mobile,bronze,0
15,10,17.4,0.66,493.11,0,13.0,0.07,0.943,mobile,bronze,1
14,7,19.1,0.108,120.1,0,8.3,0.263,0.897,desktop,silver,0
1,7,15.5,0.146,1066.26,0,15.6,0.179,0.826,mobile,silver,0
1,9,11.6,0.004,130.64,0,20.0,0.319,0.754,mobile,platinum,0
160,0,3.8,,101.65,2,1.6,0.366,0.343,mobile,bronze,0
2,8,16.8,0.009,552.57,0,12.1,0.171,0.799,mobile,silver,0
24,7,,0.496,208.22,0,11.7,0.307,0.711,desktop,bronze,0
4,10,20.4,0.315,29.26,0,11.2,0.249,0.495,mobile,bronze,0
49,3,5.9,0.61,226.12,0,4.6,0.258,0.144,desktop,bronze,1
159,1,2.0,0.899,12.9,4,1.0,0.897,0.035,desktop,platinum,1
74,6,17.3,0.094,,0,10.9,0.163,0.623,mobile,platinum,0
2,1,5.7,0.327,14.22,3,2.5,0.218,0.131,mobile,silver,0
6,5,13.9,0.37,394.58,1,14.4,0.138,0.77,desktop,gold,0
14,11,28.7,0.267,111.58,0,10.1,0.685,0.685,mobile,silver,0
3,15,24.5,0.163,1839.75,0,11.1,0.189,0.553,mobile,silver,0
32,6,,0.638,23.2,0,16.6,0.127,0.649,desktop,bronze,0
43,7,7.9,0.253,46.33,0,12.0,0.413,0.538,desktop,silver,1
38,11,17.4,0.051,166.96,1,7.6,0.03,0.86,desktop,silver,1
11,6,22.4,0.127,873.45,0,13.4,0.165,0.995,mobile,silver,0
28,10,14.4,,831.21,1,13.6,0.241,0.843,mobile,silver,0
332,3,,0.312,139.25,0,3.8,0.601,0.741,desktop,gold,1
80,0,4.1,,3.2,3,4.4,0.507,0.227,desktop,bronze,1
71,1,2.8,0.856,6.76,0,3.5,0.244,0.16,desktop,bronze,0
11,7,18.2,0.166,1082.66,0,9.7,0.06,0.84,desktop,silver,1
56,2,8.2,0.883,37.22,0,10.4,0.508,0.224,mobile,bronze,1
2,13,11.5,0.093,107.89,0,7.8,0.228,0.599,desktop,silver,0
120,0,3.6,0.989,7.23,2,3.3,0.379,0.058,mobile,bronze,0
13,8,17.8,0.19,43.66,1,11.5,0.431,0.842,desktop,gold,0
35,10,11.6,,2356.95,0,12.1,0.413,0.792,tablet,platinum,0
176,2,1.8,0.815,60.63,3,1.1,0.864,0.034,mobile,bronze,0
49,7,25.5,0.198,339.93,1,10.4,0.536,0.643,desktop,platinum,0
116,2,8.1,0.754,218.53,0,6.8,0.452,0.619,mobile,silver,0
59,10,19.2,0.042,444.68,0,11.8,0.534,0.621,desktop,silver,0
3,7,21.6,0.474,235.5,1,11.1,0.099,0.807,desktop,gold,0
1,13,21.0,0.359,0.93,0,14.6,0.127,0.634,desktop,gold,0
72,1,,0.613,128.5,1,4.7,0.652,0.376,mobile,silver,0
348,2,7.0,0.577,74.62,1,5.3,0.679,0.699,desktop,silver,0
12,6,13.0,0.08,849.82,1,13.8,0.344,0.714,desktop,silver,0
35,12,19.8,0.324,85.39,0,13.5,0.178,,desktop,gold,1
26,7,25.6,0.115,30.07,0,,0.078,0.871,desktop,silver,0
4,7,6.2,0.372,322.56,1,,0.212,,mobile,gold,0
59,5,22.1,0.315,517.82,0,12.0,0.478,0.753,desktop,platinum,0
39,2,1.7,0.591,7.58,4,1.0,0.649,0.228,desktop,silver,1
63,4,10.0,0.433,23.92,1,6.8,0.539,0.581,tablet,bronze,1
87,0,9.1,0.421,4.95,1,7.2,0.469,0.568,desktop,bronze,0
13,8,15.9,0.134,2216.91,0,9.8,0.091,0.63,mobile,platinum,1
285,2,8.5,0.256,24.92,1,,0.159,0.346,tablet,silver,1
130,1,4.0,0.469,8.15,0,1.9,0.585,0.157,mobile,gold,0
8,5,23.7,0.226,485.66,0,9.1,0.055,0.716,mobile,platinum,0
4,5,14.5,0.318,558.91,3,16.1,0.187,0.758,desktop,silver,0
4,8,20.5,0.259,1318.19,1,8.9,0.416,0.838,desktop,platinum,0
4,7,19.6,0.087,1053.78,1,13.7,0.042,0.896,mobile,platinum,1
13,5,20.0,0.2,93.17,0,12.5,0.329,0.539,mobile,platinum,0
2,1,0.5,0.636,23.98,3,2.7,0.661,0.321,desktop,gold,1
16,7,20.6,0.127,256.75,0,14.9,0.139,0.64,tablet,gold,0
64,1,2.6,0.869,63.51,6,1.0,0.236,0.375,mobile,silver,0
20,16,18.9,0.309,875.56,0,9.9,0.326,0.859,mobile,platinum,0
153,1,3.9,0.691,,4,4.2,0.814,0.147,tablet,gold,1
11,1,4.3,0.741,,4,2.2,0.431,0.034,mobile,bronze,1
11,9,19.1,0.107,51.64,0,11.9,0.16,0.571,desktop,platinum,0
23,7,17.5,0.192,640.61,0,9.9,0.115,0.236,mobile,gold,1
60,1,6.0,0.582,,0,8.1,0.387,0.465,mobile,bronze,0
39,5,12.2,0.035,731.64,1,15.9,0.233,0.856,desktop,gold,0
30,11,24.9,0.049,1604.07,0,7.1,0.186,0.513,mobile,bronze,0
79,3,6.3,,109.46,1,5.8,0.276,0.607,mobile,gold,0
29,7,17.6,0.221,241.3,1,6.3,0.263,0.572,desktop,gold,0
95,0,2.0,0.869,3.98,4,2.8,0.882,0.045,mobile,gold,1
4,10,,0.202,158.54,0,17.5,0.529,0.875,desktop,silver,0
106,6,7.7,0.55,22.11,2,8.0,0.247,0.223,desktop,bronze,1
30,7,13.7,0.318,116.08,0,5.4,0.33,0.457,tablet,platinum,0
279,1,3.6,0.81,88.52,2,,0.841,0.095,tablet,bronze,1
250,2,2.1,0.883,24.4,8,3.3,0.777,0.229,mobile,bronze,1
193,2,0.5,0.923,196.24,3,1.8,0.651,0.457,desktop,silver,1
13,8,20.9,0.255,1195.34,0,14.8,0.334,0.866,mobile,platinum,0
24,13,22.1,0.214,369.44,1,9.2,0.483,0.417,mobile,silver,0
36,0,1.7,0.657,50.51,3,5.1,0.715,0.104,mobile,bronze,0
76,4,4.7,0.752,22.18,0,8.8,0.492,0.397,desktop,silver,0
1,13,22.0,0.019,,0,10.7,0.055,0.687,desktop,bronze,0
4,4,8.4,0.065,167.56,0,,0.375,0.669,desktop,gold,0
79,1,2.7,0.425,2.87,0,5.2,0.243,0.303,desktop,platinum,1
17,2,3.1,0.805,92.02,3,,0.547,0.271,mobile,bronze,1
3,11,17.0,0.094,574.13,0,13.1,0.25,0.807,desktop,silver,0
4,8,17.0,0.061,62.19,0,12.3,0.269,0.904,mobile,gold,0
135,1,8.6,0.411,,2,6.1,0.459,0.342,desktop,silver,0
5,7,17.1,0.028,21.43,0,9.2,0.421,0.475,desktop,silver,1
36,2,4.1,0.462,46.09,1,5.0,0.327,0.377,desktop,bronze,0
47,1,15.4,0.418,32.79,2,8.6,0.377,0.46,mobile,bronze,0
147,1,4.4,0.566,2.28,3,3.6,0.463,0.436,tablet,bronze,1
24,2,6.3,0.801,24.37,0,5.6,0.405,0.559,mobile,silver,1
28,2,7.0,0.391,38.21,0,3.8,0.556,0.448,mobile,silver,0
12,1,2.8,0.717,52.3,3,1.3,0.37,0.395,desktop,bronze,1
2,5,11.0,0.11,343.43,0,,0.308,0.608,desktop,bronze,0
55,2,3.4,0.955,10.81,3,4.0,0.284,0.02,mobile,bronze,0
42,8,13.1,0.259,1345.0,0,11.6,0.277,0.743,desktop,silver,1
1,10,9.3,0.187,895.6,2,10.7,0.397,0.801,desktop,silver,0
3,6,8.1,0.301,743.95,0,17.4,0.27,0.785,desktop,gold,0
199,2,4.7,0.173,10.59,0,4.5,0.344,0.092,desktop,bronze,0
19,7,12.5,,415.68,0,,0.534,0.669,desktop,silver,0
17,5,20.6,0.116,303.83,0,11.5,0.345,0.551,mobile,silver,0
15,2,7.7,0.222,5.2,1,6.3,0.405,0.568,mobile,silver,0
174,5,6.7,0.665,10.77,0,1.8,0.333,0.47,desktop,bronze,0
168,1,4.3,0.365,32.43,0,1.9,0.714,0.06,desktop,silver,1
47,0,7.8,0.231,57.68,2,8.5,0.502,0.357,desktop,silver,0
49,2,2.5,0.817,36.52,2,4.0,0.469,0.337,desktop,bronze,0
20,2,,0.433,25.4,1,3.0,0.557,0.379,mobile,bronze,1
142,2,2.5,0.94,,2,4.1,0.928,0.17,mobile,bronze,1
174,1,3.6,0.454,77.19,0,2.5,0.356,0.125,mobile,bronze,0
2,8,21.3,0.214,770.89,0,9.0,0.814,0.643,desktop,bronze,0
5,5,22.2,0.195,21.25,1,7.7,0.325,,mobile,platinum,0
7,6,14.0,0.301,,0,12.4,0.125,0.875,mobile,bronze,0
28,0,4.4,0.747,31.36,3,4.5,0.627,0.087,desktop,silver,1
17,4,20.0,0.212,55.03,1,16.2,0.653,0.531,mobile,platinum,0
61,1,11.5,0.336,21.61,1,7.4,0.516,0.239,mobile,bronze,1
9,6,18.8,,217.31,0,16.5,0.287,0.834,tablet,silver,0
74,1,1.8,0.744,66.55,1,4.6,0.404,0.425,mobile,bronze,1
7,8,12.2,0.034,454.77,0,15.2,0.509,0.797,mobile,bronze,0
93,0,4.0,0.813,,3,3.2,0.622,0.014,desktop,gold,0
96,1,4.2,0.824,35.1,1,3.6,0.532,0.402,mobile,bronze,1
92,2,9.5,0.552,101.92,1,6.8,0.258,0.195,mobile,bronze,0
86,12,20.3,0.298,1788.49,0,10.8,0.466,0.784,desktop,silver,0
1,7,3.6,0.083,152.45,0,,0.302,0.591,tablet,platinum,0
3,9,23.3,0.06,125.01,0,14.9,0.334,0.501,desktop,silver,0
11,11,21.8,0.016,1639.25,2,12.3,0.232,,tablet,bronze,0
67,0,8.0,0.241,25.55,1,6.0,0.512,0.389,tablet,platinum,1
9,6,23.9,0.511,270.31,0,9.5,0.527,0.437,mobile,bronze,0
2,5,18.7,0.006,385.15,0,,0.555,0.867,mobile,platinum,0
12,5,23.0,0.309,907.13,0,14.9,0.335,0.781,mobile,silver,0
6,15,17.8,0.254,279.0,0,19.3,0.325,0.57,mobile,gold,1
30,1,11.1,0.531,52.23,1,6.4,0.507,0.485,mobile,bronze,0
1,5,19.3,0.257,153.63,1,14.6,0.329,0.545,mobile,platinum,0
11,5,12.1,0.048,178.56,0,7.8,0.056,0.858,mobile,gold,0
216,0,3.1,0.859,198.27,3,2.8,0.52,0.176,desktop,bronze,1
7,8,23.8,0.429,120.49,1,10.0,0.103,0.574,desktop,silver,0
41,6,27.1,0.002,902.62,1,9.7,0.154,0.747,mobile,silver,1
139,2,4.2,0.665,15.46,2,3.1,0.239,0.467,mobile,silver,0
88,1,1.1,0.55,69.13,2,3.4,0.458,0.088,desktop,bronze,0
31,11,18.8,0.017,642.15,0,9.1,0.482,0.145,desktop,silver,0
21,6,16.1,0.12,365.35,0,11.6,0.352,0.473,desktop,bronze,0
38,9,19.2,0.143,14.34,0,13.3,0.172,0.641,mobile,silver,0
40,0,2.2,0.47,11.54,2,4.4,0.874,0.089,desktop,silver,1
12,4,5.4,0.306,87.5,0,12.5,0.154,,mobile,gold,1
90,0,6.6,0.8,87.25,1,2.7,0.737,0.064,mobile,bronze,1
29,7,23.2,0.018,493.74,1,10.5,0.083,0.312,mobile,gold,0
188,1,,0.902,92.31,6,3.9,0.35,0.286,mobile,gold,1
104,1,6.1,0.94,35.51,1,1.3,0.32,0.016,desktop,bronze,0
182,1,4.6,0.922,67.44,2,5.1,0.435,0.048,mobile,bronze,1
24,6,18.3,0.142,245.69,0,17.2,0.065,0.633,tablet,gold,1
6,1,,0.978,283.03,2,5.8,0.357,0.023,desktop,bronze,0
14,8,20.8,0.183,386.33,0,,0.447,0.519,desktop,platinum,0
51,12,20.1,0.183,119.4,1,9.8,0.378,0.707,desktop,platinum,0
34,6,20.7,0.056,897.24,0,11.2,0.258,0.718,desktop,gold,0
37,10,18.4,0.204,620.46,1,7.9,0.156,0.777,tablet,silver,1
52,1,10.5,0.766,23.63,2,6.7,0.423,0.227,mobile,bronze,0
250,1,,0.749,37.86,2,3.6,0.273,0.214,desktop,silver,1
1,5,13.5,0.336,5.48,0,13.1,0.658,0.75,tablet,bronze,0
1,0,2.9,0.784,17.88,5,4.1,0.737,0.207,mobile,gold,0
42,2,1.8,0.677,6.24,4,3.5,0.356,0.309,tablet,bronze,1
7,8,13.8,0.504,648.23,1,9.7,0.249,0.47,tablet,silver,1
3,13,27.7,0.096,298.22,0,10.8,0.388,0.399,desktop,gold,0
121,2,8.4,0.442,37.45,1,8.7,0.391,0.223,tablet,silver,1
36,10,12.0,0.592,1007.51,0,13.7,0.267,0.854,mobile,platinum,0
35,2,10.4,0.304,1.95,0,4.5,0.304,0.382,mobile,silver,0
37,0,0.7,,27.36,5,5.1,0.355,0.126,mobile,bronze,1
74,0,4.3,0.585,106.91,0,3.0,0.336,0.45,desktop,silver,0
95,0,6.3,0.791,45.04,2,1.8,0.826,0.133,mobile,silver,1
357,2,2.2,0.6,16.43,2,2.6,0.374,0.108,mobile,silver,0
35,14,13.6,0.245,251.53,1,9.4,0.423,0.469,desktop,silver,0
1,13,12.6,0.269,347.18,0,10.8,0.359,0.66,desktop,platinum,0
155,0,4.1,0.621,16.73,4,1.3,0.593,,mobile,bronze,0
329,0,5.3,0.31,188.66,0,8.0,0.459,0.654,mobile,bronze,1
54,1,12.0,0.644,16.18,0,6.3,0.465,0.243,desktop,bronze,1
1,2,5.6,0.707,12.09,3,6.2,0.452,0.278,mobile,bronze,0
74,1,3.2,0.473,117.17,2,2.3,0.367,0.082,desktop,bronze,1
80,0,1.8,0.628,67.91,3,2.7,0.114,0.228,mobile,silver,1
2,1,2.2,0.891,6.63,3,2.0,0.465,0.086,mobile,bronze,0
139,1,4.7,0.982,1.21,2,1.2,0.452,0.168,desktop,bronze,1
11,9,20.8,0.004,,1,12.3,0.63,0.939,desktop,bronze,0
98,3,4.1,0.888,271.52,1,1.4,0.672,0.167,desktop,bronze,0
31,10,18.7,0.123,,0,10.7,0.363,0.569,mobile,silver,1
90,1,8.7,0.439,71.0,2,7.7,0.39,0.145,desktop,bronze,0
1,9,15.4,0.308,289.59,0,15.4,0.213,0.527,desktop,platinum,1
9,1,2.3,0.669,,1,1.0,0.183,0.133,desktop,silver,1
91,1,3.7,0.946,73.65,3,2.5,0.409,0.07,mobile,bronze,1
32,11,11.8,0.017,689.04,0,6.3,0.817,0.88,mobile,silver,0
11,9,24.8,0.123,450.56,0,14.3,0.161,0.789,mobile,gold,0
20,1,3.5,0.829,35.13,2,1.0,0.443,0.116,mobile,silver,0
133,2,0.5,0.454,18.87,2,2.7,0.358,0.015,mobile,bronze,0
18,10,12.9,0.206,585.73,0,11.6,0.224,0.79,desktop,silver,0
5,16,16.3,0.453,227.3,0,13.7,0.24,0.754,desktop,silver,0
18,9,20.3,0.072,21.19,0,13.3,0.317,0.809,desktop,bronze,1
19,10,24.0,0.179,758.21,0,10.3,0.254,0.636,desktop,bronze,0
26,10,20.1,0.07,426.06,1,8.0,0.228,0.868,mobile,gold,0
36,0,2.3,0.803,3.01,2,2.9,0.596,0.043,mobile,bronze,1
69,8,19.7,0.122,67.63,2,14.9,0.466,0.495,desktop,bronze,1
87,2,6.0,0.935,3.88,1,1.3,0.587,0.148,mobile,bronze,0
309,0,0.5,0.86,29.56,4,3.0,0.409,0.113,desktop,silver,0
46,1,5.5,,,1,3.2,0.532,0.814,mobile,bronze,1
22,11,20.3,0.074,802.2,0,13.4,0.272,0.53,tablet,bronze,1
2,15,8.4,0.04,56.43,1,14.4,0.238,0.97,mobile,silver,0
9,9,18.1,0.126,539.18,0,11.5,0.362,0.769,mobile,gold,0
29,8,16.1,0.201,323.12,1,11.0,0.433,0.627,desktop,silver,0
40,0,2.7,0.909,0.08,3,2.7,0.516,0.16,mobile,bronze,1
223,1,0.9,0.733,13.46,3,2.5,0.521,0.039,mobile,bronze,1
67,2,1.7,0.519,16.96,1,1.6,0.425,0.223,mobile,bronze,1
1,11,20.5,0.287,248.61,1,10.8,0.542,0.684,mobile,bronze,0
109,10,21.4,0.118,790.3,0,12.2,0.216,0.798,mobile,silver,0
45,5,4.0,0.015,417.42,0,12.4,0.201,0.794,desktop,silver,0
1,7,26.1,0.205,991.42,1,9.1,0.356,0.849,mobile,silver,0
35,5,7.0,0.655,39.47,1,5.6,0.154,0.167,mobile,bronze,1
42,2,0.7,0.687,126.18,1,3.7,0.729,0.116,desktop,gold,1
42,5,0.5,0.344,94.27,3,3.4,0.786,0.049,mobile,gold,1
25,6,21.4,0.467,,0,11.7,0.311,0.783,mobile,silver,0
11,12,22.7,0.088,502.66,0,,0.286,0.961,mobile,silver,0
74,5,9.1,0.576,2.97,0,8.0,0.514,0.236,mobile,silver,0
150,1,3.5,0.498,81.12,3,,0.369,0.032,tablet,bronze,1
43,2,7.8,0.264,44.21,0,8.2,0.414,0.187,mobile,silver,1
52,2,13.1,0.252,25.33,0,3.6,0.351,0.534,mobile,bronze,1
32,1,0.5,0.723,48.66,1,3.2,0.287,0.255,tablet,bronze,1
35,11,19.9,0.027,104.55,1,,0.062,0.89,mobile,bronze,0
8,8,18.4,0.063,293.48,0,12.7,0.276,0.629,desktop,silver,0
33,2,4.8,0.364,5.74,0,5.4,0.275,0.46,desktop,gold,0
365,1,3.0,0.801,,1,1.4,0.744,0.105,mobile,gold,1
13,8,9.4,,411.04,0,13.7,0.37,0.52,mobile,silver,0
15,7,,0.409,158.64,0,11.8,0.246,0.934,desktop,gold,0
62,5,17.6,0.133,726.41,2,12.9,0.277,0.739,desktop,bronze,1
43,11,17.2,0.198,310.02,1,4.3,0.186,0.474,desktop,platinum,0
3,10,17.2,0.256,266.43,0,12.1,0.689,0.715,mobile,gold,1
34,0,9.9,0.505,166.19,3,7.0,0.749,0.9,mobile,silver,1
29,0,4.1,0.429,45.57,0,1.9,0.428,,desktop,gold,0
49,3,5.1,0.439,79.84,0,4.2,0.146,0.43,mobile,silver,0
35,1,2.8,0.531,33.23,5,4.4,0.837,0.29,desktop,bronze,1
4,3,23.4,,340.57,0,11.0,0.358,0.269,desktop,gold,0
246,0,2.5,0.953,0.25,4,3.7,0.254,0.432,mobile,silver,0
26,2,20.0,0.045,31.49,2,13.4,0.074,0.638,mobile,gold,1
29,6,11.7,0.17,,0,7.8,0.273,0.955,desktop,gold,0
69,10,12.0,0.094,244.83,0,16.8,0.211,0.852,mobile,gold,0
29,9,13.5,0.092,371.4,0,14.3,0.21,0.553,desktop,silver,0
75,3,5.7,0.566,184.65,0,7.4,0.237,,desktop,silver,1
80,0,1.4,0.878,86.25,2,1.6,0.213,0.109,desktop,silver,1
84,8,17.5,0.27,150.3,0,14.4,0.186,0.529,desktop,gold,1
8,9,16.5,0.14,120.31,0,17.3,0.366,,mobile,gold,0
312,2,3.4,0.747,217.8,2,1.0,0.71,0.033,mobile,gold,1
287,1,5.1,0.963,8.67,1,1.0,0.686,0.173,desktop,bronze,0
30,2,6.6,0.485,,0,5.2,0.594,0.367,desktop,platinum,1
31,3,12.6,0.933,133.53,1,4.5,0.401,0.056,desktop,bronze,0
6,3,0.5,0.203,89.61,2,7.5,0.64,0.212,mobile,silver,0
222,3,5.4,0.288,51.5,4,5.2,0.103,0.266,mobile,bronze,0
258,1,0.5,0.586,34.68,2,4.3,0.556,0.271,desktop,bronze,1
39,4,29.9,0.185,505.75,1,12.9,0.402,0.584,mobile,gold,0
9,8,14.2,0.018,2595.98,0,12.5,0.48,0.894,desktop,platinum,0
14,7,21.1,0.06,777.69,0,15.5,0.17,0.538,desktop,bronze,1
49,8,16.0,0.197,1041.14,0,12.1,0.159,0.899,mobile,silver,0
72,6,16.5,0.078,215.18,1,13.9,0.236,0.903,mobile,bronze,0
6,6,11.7,0.06,757.1,0,9.4,0.288,0.969,desktop,gold,1
4,5,13.6,0.1,1051.85,1,9.9,0.032,0.794,desktop,silver,1
14,2,4.6,0.559,38.28,2,1.0,0.477,0.032,mobile,bronze,0
16,10,17.0,0.058,349.91,1,14.9,0.076,0.875,desktop,bronze,0
1,11,10.0,,2020.28,0,14.8,0.615,,desktop,silver,0
10,6,14.3,0.093,621.75,0,11.5,0.354,0.588,mobile,silver,1
275,1,1.2,0.957,58.76,3,2.5,0.631,0.049,tablet,silver,0
10,5,12.3,0.106,715.67,0,16.4,0.482,0.685,tablet,bronze,0
1,0,3.7,0.577,90.94,1,4.5,0.466,0.152,desktop,silver,0
36,11,17.0,0.465,167.89,1,11.2,0.163,0.674,desktop,silver,0
4,7,19.8,0.037,334.7,1,15.5,0.176,0.798,desktop,gold,0
7,6,9.3,0.408,151.02,0,11.2,0.606,0.837,desktop,platinum,1
83,0,4.3,0.539,180.15,1,4.3,0.549,0.076,mobile,silver,0
27,12,12.4,0.065,289.24,0,7.8,0.454,0.628,desktop,gold,1
4,6,22.9,0.162,676.79,0,10.2,0.053,0.655,desktop,bronze,0
1,16,16.7,0.002,196.6,0,11.8,0.283,0.791,desktop,platinum,0
25,3,19.7,,442.62,0,11.7,0.129,0.856,mobile,bronze,1
9,6,28.4,0.113,,0,14.6,0.258,0.859,tablet,gold,1
29,9,14.5,0.159,33.93,1,12.9,0.215,0.708,mobile,silver,0
66,2,5.4,0.632,91.39,3,3.9,0.69,,mobile,bronze,0
365,1,1.8,0.58,25.7,0,3.2,0.417,0.09,desktop,bronze,1
12,7,11.3,0.294,1760.9,0,19.0,0.353,0.563,tablet,silver,1
27,8,19.8,0.097,2176.51,0,12.7,0.29,0.84,desktop,silver,0
46,4,13.3,0.07,647.62,0,20.2,0.259,0.718,mobile,gold,0
97,0,2.6,0.273,21.37,2,1.6,0.469,0.273,mobile,platinum,1
317,1,4.0,0.605,25.2,2,2.7,0.487,0.171,desktop,bronze,1
1,10,18.2,0.136,1194.7,2,1.0,0.599,0.392,mobile,silver,0
74,0,1.1,,130.14,1,2.8,0.468,0.072,desktop,gold,1
43,4,21.5,0.208,1091.8,0,12.9,0.587,0.417,tablet,gold,0
112,2,3.5,0.681,19.48,3,2.5,0.436,0.308,mobile,bronze,1
53,9,17.6,0.387,778.69,0,11.8,0.678,0.626,desktop,bronze,1
76,0,5.0,0.792,152.32,1,5.9,0.593,0.651,mobile,bronze,1
94,1,1.6,0.691,26.9,5,4.0,0.538,0.093,desktop,silver,0
28,6,28.1,0.232,401.84,0,12.2,0.267,,mobile,gold,0
9,0,4.3,0.777,18.57,3,1.7,0.735,0.042,mobile,bronze,0
5,7,16.9,0.295,697.29,0,10.4,0.361,0.442,mobile,platinum,1
10,6,25.8,0.035,163.58,0,20.4,0.182,0.376,tablet,gold,0
3,13,15.3,0.02,1306.45,0,10.1,0.487,0.868,desktop,gold,0
13,15,11.0,0.11,263.96,0,14.1,0.034,,desktop,bronze,0
1,3,9.2,0.155,61.58,0,4.0,0.455,0.549,mobile,bronze,0
90,0,3.8,0.596,2.96,3,3.3,0.38,0.04,mobile,bronze,1
60,1,3.2,,14.44,4,1.0,0.584,0.05,desktop,bronze,0
135,3,9.3,0.149,2.15,0,7.1,0.158,,mobile,gold,0
56,5,20.4,0.131,172.7,0,8.9,0.48,0.882,desktop,silver,0
32,2,7.4,0.735,0.93,2,6.1,0.526,0.039,tablet,silver,1
4,8,21.0,0.338,279.72,0,10.1,0.433,0.534,mobile,gold,1
80,2,8.0,0.326,9.26,1,6.0,0.254,0.505,mobile,bronze,0
8,4,15.2,0.213,,2,10.5,0.122,0.811,desktop,platinum,0
10,9,16.2,,49.71,0,9.2,0.21,0.857,mobile,gold,0
20,1,8.9,0.307,20.36,3,7.7,0.434,,tablet,bronze,1
35,3,11.0,0.175,620.23,0,17.7,0.167,0.763,tablet,bronze,0
357,0,4.6,0.893,21.52,1,1.6,0.444,0.131,tablet,bronze,1
9,0,8.1,0.182,31.3,5,,0.49,0.019,mobile,gold,1
325,3,5.2,0.952,39.88,1,2.3,0.829,0.079,mobile,bronze,0
54,1,3.7,0.913,,1,3.5,0.672,0.252,desktop,silver,0
13,5,16.7,0.1,174.89,0,12.2,0.418,0.545,desktop,silver,0
29,6,15.0,0.185,863.73,1,11.5,0.36,0.665,desktop,bronze,0
3,9,6.4,0.144,1515.34,1,10.7,0.353,0.788,mobile,gold,0
18,6,16.1,0.084,196.7,1,12.8,0.28,0.656,mobile,platinum,0
5,13,18.9,0.141,320.98,0,10.4,0.316,0.812,desktop,silver,0
4,3,5.5,0.776,29.02,3,1.2,0.659,0.001,mobile,gold,0
107,1,4.8,0.762,13.53,4,3.4,0.497,0.111,desktop,bronze,0
24,0,1.2,0.884,23.77,5,5.2,0.619,0.373,mobile,bronze,0
18,8,17.8,0.099,214.79,0,11.9,0.39,0.462,desktop,silver,0
51,0,2.6,0.792,1.21,3,1.7,0.648,0.05,mobile,bronze,1
75,1,1.8,0.837,66.74,2,5.6,0.532,0.334,mobile,silver,1
10,6,19.1,0.347,61.85,0,13.9,0.18,0.708,mobile,platinum,0
13,4,12.3,0.359,58.1,0,,0.381,0.128,mobile,bronze,0
18,0,1.2,0.771,,1,4.4,0.813,0.376,mobile,silver,1
18,8,26.5,0.095,234.72,1,11.8,0.275,0.444,mobile,platinum,0
16,5,27.5,0.009,917.43,0,12.2,0.168,0.696,mobile,silver,0
21,10,17.7,0.106,356.15,0,14.6,0.27,,desktop,gold,0
54,4,8.2,0.419,329.19,0,3.1,0.427,0.252,mobile,silver,1
350,1,2.5,0.56,30.06,2,2.5,0.678,0.092,mobile,bronze,1
158,0,0.5,0.775,,0,1.5,0.316,0.065,mobile,bronze,0
35,2,8.3,0.516,383.65,2,6.4,0.214,0.344,desktop,bronze,1
5,12,,0.152,959.6,0,10.7,0.291,0.844,mobile,bronze,0
10,6,20.8,0.102,660.26,0,15.3,0.258,0.536,tablet,gold,0
13,10,18.0,0.184,165.3,2,11.2,0.713,0.569,desktop,gold,0
15,8,21.9,0.038,122.73,0,14.2,0.416,0.957,mobile,bronze,0
82,1,5.6,0.153,85.2,1,7.5,0.257,0.8,mobile,bronze,1
24,1,8.5,,111.25,2,9.0,0.651,0.462,desktop,silver,1
25,5,28.0,0.059,195.34,0,12.9,0.427,0.171,mobile,silver,0
9,0,3.1,0.716,64.39,1,2.3,0.25,0.267,mobile,bronze,0
9,1,3.9,0.738,13.01,1,1.0,0.661,,desktop,gold,1
91,1,4.9,0.406,67.86,5,1.6,0.461,0.097,mobile,bronze,1
57,0,3.8,0.636,41.07,2,1.7,0.701,0.072,desktop,silver,0
133,6,9.8,0.375,193.65,0,6.6,0.285,0.708,mobile,silver,0
116,0,2.1,0.939,211.53,4,1.6,0.7,0.178,desktop,bronze,0
265,1,3.4,0.756,68.91,2,1.1,0.178,0.291,mobile,gold,1
82,1,,0.798,29.86,4,3.7,0.378,0.224,tablet,silver,1
53,3,5.4,0.498,269.59,2,6.5,0.721,0.497,tablet,bronze,1
4,13,14.3,0.311,257.89,0,11.5,0.121,,desktop,platinum,0
56,6,14.9,0.033,939.77,1,7.5,0.214,0.769,tablet,platinum,0
7,6,0.8,0.786,18.97,3,4.1,0.499,0.364,mobile,bronze,1
38,7,13.4,0.452,,0,8.1,0.366,0.587,desktop,gold,0
8,6,18.1,0.006,65.28,0,7.9,0.022,0.878,desktop,gold,1
8,10,18.3,0.383,354.53,0,7.4,0.329,0.923,desktop,platinum,0
84,6,21.6,0.021,194.18,0,13.5,0.332,0.748,mobile,platinum,0
162,2,4.3,0.89,,3,4.0,0.859,0.284,mobile,silver,1
25,2,12.5,0.211,4.06,0,4.5,0.661,0.061,desktop,bronze,0
4,9,23.3,0.13,241.75,0,6.0,0.278,0.767,desktop,bronze,1
76,1,5.2,0.373,71.1,2,4.3,0.253,0.389,tablet,gold,1
1,12,0.5,0.072,873.78,2,16.0,0.308,0.628,desktop,bronze,0
12,8,,0.107,729.32,1,11.8,0.162,0.438,mobile,gold,0
10,14,17.8,0.329,573.7,0,13.0,0.523,0.981,desktop,gold,0
30,11,,0.22,224.09,0,10.7,0.329,0.703,mobile,silver,0
79,4,4.0,0.667,28.72,0,3.0,0.554,0.642,mobile,platinum,1
80,4,15.7,,1807.52,0,,0.427,0.505,tablet,platinum,0
62,1,1.7,0.798,40.32,2,3.2,0.471,0.206,mobile,gold,1
17,10,29.4,0.015,531.35,1,16.1,0.266,0.628,mobile,gold,0
1,7,16.2,0.047,686.3,1,11.3,0.414,0.642,mobile,gold,1
26,11,,0.225,89.81,0,16.1,0.08,0.649,mobile,gold,1
16,1,2.0,0.904,137.8,3,,0.759,0.104,mobile,bronze,1
34,9,11.4,0.045,75.82,0,7.5,0.114,0.316,desktop,gold,1
16,6,14.3,0.17,377.51,0,15.1,0.064,0.961,mobile,silver,1
13,6,16.9,0.174,429.83,3,9.8,0.123,0.747,mobile,platinum,0
36,8,25.8,0.187,90.21,2,10.8,0.489,0.376,mobile,platinum,0
54,6,,0.491,348.19,0,14.7,0.211,0.442,mobile,silver,0
50,0,4.6,0.869,14.02,2,3.9,0.531,0.11,mobile,bronze,1
10,7,20.2,0.425,1190.74,0,10.6,0.111,0.403,mobile,silver,1
60,1,3.4,0.585,12.38,0,1.2,0.871,0.028,mobile,bronze,0
2,1,4.6,0.981,5.59,2,6.1,0.905,0.173,desktop,silver,0
5,5,12.5,0.056,426.3,0,12.4,0.474,0.914,desktop,gold,0
47,0,13.1,0.492,32.16,1,6.7,0.305,0.104,desktop,bronze,1
6,12,23.5,0.043,419.73,0,9.7,0.253,0.859,mobile,bronze,0
29,5,16.6,0.11,1316.14,0,12.2,0.467,0.808,desktop,gold,0
26,0,3.3,0.645,148.26,0,5.7,0.326,0.38,desktop,gold,1
136,0,5.5,0.68,15.93,2,4.9,0.338,0.078,desktop,bronze,1
81,0,0.5,0.375,4.41,5,1.6,0.703,0.148,mobile,bronze,0
70,3,12.1,0.659,14.68,2,2.5,0.331,0.339,tablet,gold,0
24,6,15.7,0.156,375.33,1,16.2,0.143,,desktop,gold,0
9,14,25.2,0.164,699.08,0,9.5,0.245,0.735,desktop,bronze,0
33,3,4.7,,52.07,3,5.1,0.264,0.132,mobile,silver,1
22,10,14.9,0.324,889.14,2,8.6,0.436,0.821,tablet,platinum,0
13,0,5.0,0.461,,3,1.7,0.407,0.066,desktop,bronze,0
365,1,0.5,0.849,37.0,3,5.1,0.712,0.0,mobile,silver,1
43,5,16.5,0.232,1926.88,1,10.9,0.146,0.65,tablet,platinum,1
55,0,8.6,0.264,65.36,1,6.2,0.483,0.772,desktop,gold,0
20,1,8.7,0.285,154.83,2,5.6,0.312,0.61,mobile,bronze,0
30,10,14.3,0.014,146.31,1,14.9,0.06,0.655,desktop,platinum,0
96,1,10.1,0.275,44.6,2,3.0,0.291,0.281,mobile,bronze,0
89,3,8.8,0.881,38.93,0,9.3,0.596,0.584,desktop,bronze,1
8,14,9.7,0.204,307.43,0,5.4,0.375,0.465,mobile,gold,0
59,1,2.6,0.781,0.58,7,1.6,0.549,0.703,mobile,bronze,0
43,3,12.5,0.141,1872.27,0,3.8,0.197,0.695,desktop,gold,0
12,2,9.0,0.459,5.81,0,2.2,0.284,0.604,desktop,silver,0
14,10,20.5,0.035,256.93,0,11.4,0.25,0.861,mobile,gold,0
8,4,12.2,0.268,665.92,0,9.0,0.359,0.656,mobile,bronze,0
6,5,11.7,0.109,2751.33,0,13.0,0.391,0.807,mobile,silver,0
21,9,15.4,0.096,8.09,0,10.4,0.162,0.835,desktop,silver,0
2,11,15.2,0.061,289.3,0,13.2,0.295,0.843,mobile,silver,0
20,1,2.6,0.575,82.38,2,1.0,0.787,0.046,mobile,silver,1
30,8,8.4,0.348,488.13,0,8.6,0.21,0.664,desktop,gold,0
145,3,3.7,0.542,238.8,0,6.1,0.334,0.268,tablet,silver,1
42,3,6.0,0.902,76.46,2,6.3,0.349,0.801,desktop,bronze,0
40,1,0.5,0.459,42.49,0,4.0,0.201,0.12,mobile,silver,0
53,1,7.9,0.708,17.41,1,3.5,0.513,0.38,tablet,gold,0
6,9,13.6,0.192,240.45,1,8.2,0.199,0.914,mobile,platinum,0
10,4,11.8,0.048,852.85,0,10.1,0.241,0.606,mobile,bronze,0
24,5,13.1,0.115,934.23,0,14.2,0.089,0.551,mobile,gold,0
15,2,10.4,0.586,33.18,2,8.0,0.253,0.362,tablet,silver,0
16,3,9.7,0.219,2.64,1,4.7,0.455,0.319,desktop,bronze,0
29,9,17.7,0.075,1020.85,0,14.8,0.384,0.561,mobile,bronze,0
45,1,9.2,0.355,196.45,0,4.9,0.728,0.459,tablet,silver,0
17,1,4.1,0.822,3.14,2,4.8,0.663,0.531,mobile,bronze,1
30,8,15.8,0.117,460.54,1,7.3,0.398,0.22,tablet,gold,0
8,9,18.5,0.026,1192.18,0,,0.194,0.678,desktop,silver,0
42,8,10.1,0.06,166.74,0,14.9,0.605,,mobile,bronze,0
90,0,4.2,0.636,129.5,4,,0.728,0.067,desktop,gold,0
52,1,9.4,0.18,142.38,1,4.0,0.504,0.2,mobile,bronze,1
26,0,0.5,0.918,2.96,0,3.4,0.416,0.091,mobile,silver,1
40,2,3.1,0.798,52.26,2,4.2,0.659,0.039,mobile,platinum,0
15,6,15.2,0.154,915.63,0,10.9,0.277,,desktop,silver,1
9,7,21.8,0.087,5.68,0,17.5,0.208,0.513,mobile,silver,0
16,3,3.8,0.678,14.36,1,6.0,0.174,0.316,tablet,gold,1
12,4,14.8,0.116,176.93,0,14.3,0.069,0.497,desktop,silver,0
99,0,2.3,0.811,12.07,1,2.6,0.182,0.051,mobile,bronze,0
35,0,4.4,0.922,30.38,3,4.9,0.449,0.126,desktop,bronze,1
23,5,20.7,0.527,,0,,0.114,0.53,desktop,silver,0
123,0,4.2,0.428,22.65,2,,0.752,0.021,mobile,silver,0
83,7,8.7,0.033,115.32,0,14.3,0.407,0.756,desktop,gold,0
36,8,27.0,0.028,445.19,1,14.2,0.05,0.535,desktop,platinum,1
31,8,12.2,0.144,272.17,0,12.4,0.489,0.846,mobile,silver,0
8,10,26.2,0.299,309.78,1,9.8,0.577,0.471,mobile,gold,0
28,1,11.8,0.513,4.19,1,2.3,0.411,0.454,desktop,silver,0
55,3,1.4,0.697,17.45,0,5.0,0.315,0.247,mobile,bronze,1
15,10,22.1,0.206,71.19,1,10.4,0.1,0.732,mobile,gold,0
5,0,0.8,0.933,4.54,0,4.3,0.529,0.115,mobile,silver,0
8,2,7.0,0.278,301.53,1,,0.762,0.769,mobile,bronze,0
20,11,13.5,0.195,1478.32,0,9.7,0.058,0.814,mobile,silver,0
9,8,24.2,0.251,,0,9.3,0.204,0.739,desktop,silver,0
13,12,29.5,0.453,67.63,0,8.1,0.278,0.538,mobile,silver,0
67,4,5.9,0.462,103.36,1,4.8,0.566,0.464,tablet,silver,1
2,8,16.3,0.219,96.79,0,10.7,0.409,0.434,desktop,platinum,1
20,1,4.2,0.349,46.37,8,2.7,0.855,0.189,mobile,silver,1
3,10,27.6,0.115,47.14,0,11.4,0.347,0.861,mobile,gold,1
33,3,15.3,0.669,7.55,0,5.2,0.274,0.117,desktop,bronze,1
354,1,3.7,0.762,3.57,4,2.8,0.564,0.219,tablet,silver,1
46,1,8.3,0.464,255.82,0,7.2,0.644,0.432,mobile,bronze,0
10,10,23.6,0.019,91.36,0,12.4,0.469,0.915,mobile,silver,0
41,12,24.3,0.361,429.84,0,14.0,0.317,0.453,mobile,silver,0
85,0,0.5,0.491,26.59,4,1.0,0.758,0.0,tablet,bronze,0
2,0,6.1,0.707,79.27,2,4.0,0.768,0.292,tablet,bronze,1
57,3,13.0,0.478,145.56,1,5.0,0.583,0.235,desktop,bronze,0
205,2,1.5,0.428,110.49,2,5.2,0.245,0.026,mobile,bronze,1
31,13,,0.2,144.32,1,16.9,0.156,0.558,desktop,bronze,0
3,8,24.1,0.212,,0,13.1,0.416,0.546,mobile,gold,0
40,1,1.7,0.83,285.89,2,4.8,0.842,0.004,mobile,silver,1
42,0,3.1,,29.9,4,2.4,0.479,0.189,mobile,bronze,0
61,10,20.5,0.278,434.57,0,10.8,0.322,0.428,desktop,silver,0
28,1,7.4,0.57,56.95,1,6.9,0.42,0.282,mobile,platinum,0
35,9,21.4,0.123,291.71,2,4.8,0.426,0.869,desktop,gold,0
4,4,31.8,0.169,181.06,0,,0.07,0.442,mobile,silver,0
32,7,17.6,0.125,49.09,0,8.0,0.049,0.852,tablet,bronze,0
21,8,19.6,,58.34,1,8.5,0.262,0.431,desktop,gold,0
4,10,18.5,0.024,209.78,0,10.2,0.098,0.509,mobile,silver,0
13,2,11.8,0.614,143.29,0,1.0,0.365,0.78,desktop,bronze,0
2,6,7.3,0.346,557.76,0,8.2,0.359,0.654,mobile,gold,0
9,11,18.8,0.345,71.19,0,9.6,0.558,0.49,desktop,platinum,1
91,1,2.7,,8.32,1,3.3,0.475,0.187,mobile,bronze,1
55,6,8.7,0.461,4.58,0,4.1,0.28,,desktop,silver,0
182,1,3.4,0.899,43.74,2,3.8,0.45,0.005,desktop,bronze,1
29,0,0.5,0.947,12.35,1,4.7,0.728,0.122,mobile,silver,1
15,3,11.7,0.091,548.84,0,10.4,0.268,0.588,tablet,bronze,0
17,6,14.5,0.422,244.77,1,5.5,0.062,0.479,tablet,gold,0
49,5,3.9,0.056,203.86,0,15.1,0.388,0.79,desktop,gold,0
14,7,,0.093,645.82,1,13.5,0.162,0.706,desktop,gold,0
15,10,23.3,0.151,238.6,0,13.9,0.09,0.552,desktop,gold,0
71,1,0.5,0.722,5.06,2,3.0,0.457,0.098,desktop,bronze,0
4,3,6.7,0.495,8.78,0,6.5,0.476,0.169,desktop,bronze,0
1,6,23.0,0.043,1916.71,0,14.0,0.244,0.49,mobile,platinum,0
10,1,20.4,0.13,149.58,0,15.5,0.029,0.906,desktop,silver,0
1,10,,0.402,9.35,0,12.4,0.643,0.95,tablet,gold,0
35,1,,0.723,101.95,0,5.2,0.664,0.322,mobile,bronze,0
7,5,20.4,0.024,142.78,0,12.8,0.194,0.407,mobile,silver,1
15,10,13.8,0.174,1707.56,0,11.2,0.331,0.873,desktop,platinum,0
2,4,11.7,0.023,638.33,0,8.9,0.312,0.764,desktop,silver,0
53,8,14.7,0.06,160.6,0,11.4,0.43,0.7,desktop,bronze,1
104,1,7.2,0.177,,0,3.0,0.239,0.229,desktop,gold,1
4,8,22.4,0.029,83.26,0,13.1,0.156,0.896,mobile,silver,1
13,3,8.3,0.607,14.56,1,4.9,0.449,0.116,mobile,bronze,0
19,7,15.1,0.358,201.52,0,12.3,0.463,,desktop,gold,0
74,2,2.0,0.757,132.78,2,3.8,0.852,0.284,mobile,bronze,1
150,1,0.5,0.422,29.05,2,1.0,0.525,0.117,desktop,silver,0
5,7,21.9,0.605,19.2,0,11.9,0.609,0.797,desktop,gold,0
17,1,2.8,0.405,72.29,2,3.0,0.805,0.111,mobile,bronze,1
365,0,4.6,0.529,55.93,4,2.9,0.296,0.168,mobile,bronze,1
8,1,6.8,0.237,58.96,0,5.5,0.465,0.332,mobile,silver,0
3,0,9.5,0.382,13.08,1,8.8,0.401,0.177,mobile,silver,1
53,8,11.6,0.298,559.99,0,13.1,0.189,0.929,mobile,gold,0
16,2,0.5,0.827,25.35,3,1.9,0.735,0.021,mobile,bronze,1
17,1,2.8,0.554,26.77,1,3.0,0.521,0.019,mobile,silver,0
165,1,1.7,0.646,4.2,2,2.7,0.784,0.434,desktop,bronze,1
3,2,20.3,0.53,1383.1,0,5.7,0.304,0.674,desktop,silver,0
34,2,8.8,0.721,12.98,0,6.2,0.462,0.275,mobile,bronze,0
15,6,17.1,0.299,82.38,1,14.9,0.159,0.323,desktop,silver,0
111,0,0.5,0.942,81.14,1,3.9,0.741,0.16,tablet,bronze,0
1,13,20.3,0.156,847.52,1,6.8,0.075,0.888,mobile,gold,0
43,8,19.9,0.119,45.15,0,10.1,0.391,,mobile,platinum,0
40,8,22.1,0.25,59.8,1,9.3,0.039,0.857,desktop,gold,0
8,7,11.3,0.177,51.87,1,12.8,0.059,0.754,desktop,gold,0
44,7,20.1,0.016,181.41,0,16.0,0.395,0.893,desktop,gold,0
4,1,2.1,0.565,38.77,3,1.9,0.818,0.348,mobile,bronze,0
229,1,3.1,0.793,12.67,1,3.5,0.302,0.199,mobile,bronze,1
36,3,5.0,0.179,125.68,0,3.0,0.428,0.181,mobile,silver,1
37,0,1.1,0.737,58.51,0,3.8,0.603,0.125,desktop,silver,1
139,0,1.7,0.814,67.54,3,3.2,0.839,0.04,desktop,gold,0
188,2,2.4,0.766,,5,2.8,0.727,0.015,tablet,bronze,1
43,0,3.2,0.833,,5,1.4,0.607,0.01,mobile,silver,1
2,10,17.0,0.087,,1,13.8,0.389,0.491,desktop,silver,1
60,0,7.8,0.532,150.15,0,6.0,0.406,0.608,desktop,silver,1
5,6,17.8,0.13,330.32,1,9.1,0.226,0.804,desktop,gold,0
4,6,,0.572,424.68,0,11.8,0.418,0.797,desktop,bronze,0
14,2,14.5,0.331,159.41,0,16.2,0.206,0.933,mobile,silver,0
15,8,22.3,0.075,100.12,0,8.1,0.211,0.683,desktop,platinum,0
246,1,10.1,0.644,28.88,2,7.3,0.241,0.431,desktop,silver,0
32,1,,0.519,30.54,0,9.9,0.344,0.412,desktop,silver,1
33,3,1.7,0.54,18.61,5,,0.798,0.172,desktop,bronze,0
18,7,22.5,0.393,2710.67,0,9.5,0.309,0.725,mobile,gold,0
25,6,26.6,0.014,295.1,0,9.0,0.192,0.429,desktop,gold,1
22,0,5.9,0.842,153.39,1,4.9,0.547,0.112,mobile,bronze,0
16,6,21.0,0.269,201.27,0,17.1,0.352,0.841,tablet,silver,0
221,3,7.4,0.352,57.65,0,4.9,0.782,0.53,tablet,bronze,0
1,5,9.0,0.503,511.21,0,7.4,0.402,,desktop,gold,1
353,1,0.5,0.508,49.25,2,1.2,0.723,0.068,mobile,bronze,1
52,7,17.6,0.226,111.44,0,,0.253,0.755,desktop,platinum,0
27,0,2.8,0.287,39.42,0,4.2,0.258,0.645,tablet,bronze,1
30,0,0.5,0.342,186.1,0,4.4,0.331,0.327,desktop,bronze,0
171,1,0.5,0.969,57.89,2,6.1,0.851,0.001,desktop,bronze,0
4,8,10.3,0.134,1425.21,0,11.7,0.243,0.899,desktop,platinum,0
1,8,10.3,0.008,418.15,0,8.0,0.22,0.648,desktop,platinum,0
174,2,,0.544,30.17,2,2.8,0.704,0.188,desktop,bronze,1
40,11,15.3,0.278,1727.99,0,13.8,0.177,0.813,desktop,gold,0
23,2,0.5,0.491,117.98,1,4.8,0.299,0.011,mobile,silver,0
267,1,1.4,0.808,69.15,3,7.0,0.326,0.552,desktop,platinum,1
36,6,14.0,0.132,387.54,0,8.1,0.146,0.784,desktop,gold,0
44,1,4.5,0.772,21.01,0,5.9,0.433,0.459,mobile,silver,0
92,2,1.9,0.968,51.04,1,1.8,0.699,0.017,mobile,bronze,0
1,4,16.6,0.599,773.38,2,14.6,0.172,0.737,mobile,gold,0
61,0,5.2,0.637,,4,4.5,0.603,0.121,mobile,silver,1
114,2,0.5,,16.18,3,2.2,0.344,0.052,mobile,bronze,1
54,0,4.1,0.684,42.47,3,2.7,0.331,0.012,tablet,bronze,0
59,0,5.0,0.602,42.03,3,2.9,0.866,0.064,tablet,platinum,0
42,10,15.1,0.031,63.49,1,8.0,0.31,0.507,desktop,gold,0
333,1,5.0,0.706,43.95,3,2.9,0.282,0.481,mobile,bronze,1
11,12,19.6,0.123,68.31,0,9.8,0.146,0.74,desktop,silver,0
29,8,17.4,0.049,19.34,1,10.2,0.221,0.511,mobile,platinum,0
33,2,6.6,0.578,7.75,2,7.4,0.736,,desktop,gold,0
4,2,9.0,0.179,26.65,2,6.3,0.384,0.079,mobile,bronze,0
1,7,23.6,0.052,298.85,0,15.7,0.44,0.446,mobile,platinum,0
52,9,20.4,0.067,338.84,0,15.6,0.08,0.366,tablet,silver,0
34,1,3.0,0.497,5.22,2,1.0,0.84,0.101,mobile,silver,1
42,2,6.7,0.364,20.39,0,5.0,0.136,0.726,tablet,silver,0
1,0,2.3,0.831,29.17,3,2.1,0.799,0.049,mobile,bronze,1
36,2,0.5,0.695,4.57,2,2.7,0.508,0.131,tablet,bronze,1
86,1,4.5,,66.11,1,1.6,0.29,0.08,mobile,silver,1
36,13,20.2,0.152,334.69,0,10.8,0.061,0.596,desktop,silver,1
312,2,3.8,0.472,63.08,6,4.7,0.429,0.036,mobile,bronze,1
4,15,21.4,0.156,266.94,0,8.7,0.092,0.748,desktop,gold,0
64,0,4.4,0.798,61.62,2,3.8,0.927,0.014,mobile,silver,1
26,10,15.1,0.363,107.42,0,16.7,0.207,0.943,tablet,gold,0
184,0,3.5,0.71,39.23,2,2.0,0.367,0.044,desktop,gold,1
26,2,4.3,0.762,2.2,1,1.8,0.503,0.06,mobile,bronze,0
39,4,6.4,0.245,374.06,0,8.7,0.765,0.694,mobile,silver,0
135,2,2.3,0.846,7.64,1,4.6,0.758,0.088,desktop,platinum,1
17,2,7.9,0.379,70.42,0,9.7,0.308,0.688,mobile,silver,0
16,9,22.0,0.249,2279.74,1,12.2,0.088,0.942,mobile,bronze,0
161,1,2.5,0.435,4.58,3,3.4,0.447,0.182,mobile,bronze,1
1,1,7.4,0.826,194.51,4,8.9,0.565,0.495,desktop,gold,1
365,0,1.6,0.854,2.72,2,6.0,0.786,0.171,mobile,bronze,1
40,3,7.6,0.784,35.75,1,6.2,0.399,0.556,mobile,bronze,0
14,0,2.3,0.549,55.55,0,4.5,0.687,0.054,tablet,silver,0
327,1,,0.504,32.38,0,3.5,0.288,0.343,mobile,silver,1
34,2,7.2,0.763,3.89,1,2.8,0.383,0.194,mobile,bronze,0
5,10,22.9,0.092,49.15,0,4.8,0.274,0.821,mobile,gold,1
17,12,18.4,0.246,157.73,0,,0.256,0.671,desktop,silver,0
22,1,11.9,0.825,86.47,0,6.4,0.159,0.112,mobile,silver,0
89,1,10.5,0.498,4.64,0,2.6,0.223,0.394,mobile,gold,0
159,4,8.6,0.437,76.31,0,6.6,0.197,0.171,mobile,silver,1
26,3,8.1,0.469,13.38,1,6.4,0.517,0.285,desktop,bronze,1
52,1,3.4,0.933,22.68,4,5.2,0.708,,mobile,gold,0
121,1,,0.977,11.68,1,3.5,0.786,0.672,mobile,bronze,1
166,1,7.9,0.692,72.84,1,4.5,0.656,,desktop,silver,0
7,13,27.8,0.1,545.08,0,9.0,0.064,0.452,tablet,bronze,0
6,5,16.5,0.07,1313.23,0,10.5,0.095,0.32,mobile,gold,1
9,8,17.5,0.468,1160.83,0,18.2,0.459,0.697,desktop,gold,0
188,0,4.1,0.754,44.55,1,2.9,0.867,0.165,mobile,gold,1
14,10,16.0,0.092,484.43,1,13.9,0.189,0.7,desktop,platinum,0
92,1,2.2,0.506,,4,1.0,0.48,0.002,mobile,gold,1
19,5,20.2,0.194,25.81,0,8.6,0.477,0.43,desktop,gold,1
32,9,17.0,0.272,855.21,1,11.6,0.424,0.211,desktop,gold,0
12,15,6.8,0.192,176.33,0,7.4,0.063,0.554,mobile,bronze,0
14,5,20.6,0.071,444.25,0,7.4,0.201,0.818,tablet,gold,1
33,11,27.0,0.259,929.91,0,17.4,0.157,0.357,desktop,platinum,0
365,2,0.6,0.774,14.64,4,4.4,0.8,0.054,mobile,platinum,1
24,6,20.0,0.358,528.92,0,13.1,0.125,0.814,desktop,silver,0
1,0,2.3,0.701,155.64,2,,0.455,0.017,mobile,bronze,1
10,8,16.3,0.015,454.21,0,11.1,0.164,0.752,tablet,gold,0
28,9,18.0,0.1,262.83,0,13.0,0.299,0.719,mobile,bronze,0
156,1,,0.519,18.28,2,4.5,0.806,0.141,mobile,silver,0
199,3,5.3,0.374,81.85,5,4.2,0.693,0.399,mobile,gold,1
280,2,9.0,0.63,120.47,0,4.7,0.24,0.18,mobile,platinum,1
50,0,10.2,0.523,11.81,0,5.6,0.481,0.102,desktop,silver,0
5,8,19.4,0.16,848.52,0,14.9,0.432,0.366,desktop,silver,1
148,1,5.5,0.838,3.41,1,4.3,0.609,0.724,desktop,bronze,0
14,0,7.8,0.842,25.13,7,2.8,0.303,0.196,mobile,bronze,0
30,4,14.3,0.109,98.09,0,13.4,0.062,0.645,desktop,gold,0
10,4,8.4,0.234,13.38,2,7.6,0.452,0.394,desktop,gold,1
54,0,1.1,0.63,56.27,1,3.8,0.581,0.431,mobile,bronze,1
18,9,18.4,,165.64,0,12.1,0.199,0.494,desktop,gold,0
84,1,3.1,0.912,40.37,2,5.4,0.775,0.043,mobile,silver,0
29,1,2.2,0.489,62.95,0,6.5,0.158,0.716,mobile,bronze,1
26,7,14.1,0.513,171.71,0,11.9,0.39,0.794,mobile,platinum,1
27,10,20.3,,708.3,0,13.9,0.341,0.698,mobile,bronze,0
4,9,15.5,0.461,775.53,1,9.9,0.13,0.409,mobile,platinum,0
12,10,13.8,0.493,189.27,0,10.3,0.683,0.601,desktop,bronze,1
78,2,3.4,0.932,47.19,5,1.8,0.476,0.045,mobile,bronze,1
9,1,1.4,0.606,13.98,7,1.0,0.596,0.146,mobile,silver,0
110,2,7.6,0.559,44.43,0,9.7,0.268,0.45,mobile,silver,1
185,2,9.1,0.551,254.58,0,2.6,0.371,0.346,tablet,silver,1
75,1,6.0,0.645,108.13,2,9.4,0.375,0.396,mobile,bronze,1
6,6,23.6,0.081,93.86,1,16.8,0.42,0.101,desktop,silver,1
162,4,6.5,0.958,226.8,3,8.9,0.771,0.206,mobile,bronze,0
324,0,5.3,0.791,157.86,4,2.0,0.692,0.238,mobile,bronze,1
23,10,19.9,0.065,615.42,0,,0.425,0.828,desktop,silver,0
26,6,15.8,0.249,1758.81,0,9.8,0.046,0.705,desktop,bronze,1
1,9,11.7,0.076,77.5,0,9.0,0.233,0.535,mobile,bronze,0
22,6,18.0,0.352,180.17,0,14.1,0.266,0.403,mobile,silver,0
26,3,3.8,0.641,74.33,1,1.0,0.671,0.105,mobile,silver,0
2,8,,0.257,108.17,1,13.6,0.15,0.391,desktop,gold,0
58,1,4.7,0.35,12.4,1,7.5,0.431,0.283,mobile,bronze,1
4,9,19.1,0.115,845.85,0,10.2,0.124,0.322,desktop,silver,0
87,0,3.7,0.739,56.78,1,1.0,0.346,0.101,desktop,gold,0
36,2,5.2,0.75,11.65,2,3.9,0.742,,mobile,bronze,0
28,1,2.8,,63.57,0,1.8,0.72,0.24,mobile,silver,1
109,1,3.8,0.781,57.36,3,1.1,0.28,0.022,desktop,silver,0
18,10,19.3,0.087,171.29,0,11.7,0.19,0.893,desktop,silver,0
1,8,10.3,0.018,478.11,1,15.0,0.396,0.545,mobile,gold,0
53,3,25.7,0.526,834.42,0,8.1,0.189,0.515,mobile,bronze,0
23,11,22.7,0.199,93.56,1,15.4,0.344,0.928,mobile,silver,0
3,1,6.8,0.781,6.46,0,1.7,0.402,,mobile,platinum,0
65,3,0.5,,31.58,2,4.6,0.422,0.01,mobile,bronze,0
4,6,15.7,0.117,626.65,0,7.7,0.061,0.612,desktop,gold,0
78,2,6.5,0.498,90.69,1,6.5,0.571,0.527,mobile,bronze,0
330,0,,0.651,35.45,0,2.3,0.477,0.047,mobile,bronze,1
6,2,2.8,0.716,6.75,4,3.2,0.547,0.18,mobile,bronze,0
45,1,5.0,0.538,97.0,0,3.5,0.251,0.358,desktop,bronze,1
11,11,23.3,0.094,398.24,0,17.7,0.204,0.304,mobile,bronze,1
1,5,12.0,0.139,738.58,0,11.5,0.138,0.615,desktop,gold,1
24,0,1.3,0.475,24.9,2,3.9,0.485,0.03,desktop,silver,0
50,8,25.3,0.276,198.12,0,10.9,0.057,0.962,mobile,gold,0
23,10,3.6,0.169,562.56,0,13.5,0.052,0.73,desktop,silver,0
10,2,5.2,0.84,9.94,1,3.0,0.633,0.105,mobile,bronze,1
1,7,12.3,0.349,1184.16,0,15.8,0.361,0.777,mobile,bronze,0
152,1,3.3,0.81,193.63,4,1.7,0.469,0.056,mobile,bronze,1
1,10,,0.156,1652.59,0,10.4,0.205,0.789,desktop,gold,0
12,3,3.3,0.682,1.77,1,3.6,0.377,0.232,desktop,bronze,0
151,1,3.4,0.645,56.88,3,4.0,0.682,0.023,desktop,bronze,0
136,1,3.4,0.779,30.17,4,2.7,0.307,0.481,desktop,bronze,1
213,3,5.4,0.923,9.57,3,6.6,0.625,0.344,mobile,bronze,1
22,5,9.5,0.407,66.89,0,6.8,0.57,0.562,desktop,silver,0
2,1,,0.457,82.47,3,3.6,0.605,0.024,desktop,silver,0
3,7,17.8,0.294,12.13,0,6.7,0.207,0.69,desktop,silver,1
19,0,8.6,0.598,56.05,1,2.0,0.457,0.187,mobile,gold,0
4,14,27.3,0.212,300.12,0,15.9,0.187,,desktop,bronze,0
5,0,9.5,0.399,45.08,0,6.3,0.272,0.455,desktop,bronze,0
59,1,5.8,0.812,157.38,1,3.2,0.461,0.028,mobile,bronze,1
23,0,12.0,,25.99,1,4.0,0.606,0.323,mobile,bronze,0
1,1,3.4,0.702,12.06,2,2.4,0.721,0.146,desktop,silver,1
1,15,11.8,0.289,921.08,0,10.6,0.337,0.7,mobile,gold,1
1,6,23.1,0.172,1262.74,0,13.6,0.287,0.719,mobile,gold,0
45,4,9.2,0.406,12.95,0,6.7,0.619,0.068,mobile,silver,0
15,6,26.2,0.076,174.14,0,13.6,0.094,0.366,desktop,gold,1
26,5,,0.071,102.23,0,12.7,0.3,0.722,desktop,platinum,0
111,0,5.9,0.422,45.16,1,4.3,0.407,0.011,mobile,gold,1
72,1,6.6,0.716,15.73,3,1.7,0.385,0.107,mobile,silver,0
110,5,6.4,0.742,15.65,2,2.6,0.59,0.168,mobile,silver,0
30,6,17.4,0.212,119.64,0,8.6,0.451,0.373,desktop,gold,0
9,11,16.5,0.17,37.49,2,,0.264,0.91,desktop,platinum,1
26,4,17.0,0.255,673.05,0,11.1,0.326,0.727,mobile,gold,1
14,9,17.6,0.089,397.11,1,10.1,0.345,0.472,desktop,platinum,0
24,0,11.9,0.315,,0,4.9,0.317,,mobile,silver,0
47,6,19.5,0.152,780.1,0,10.0,0.226,0.434,mobile,silver,1
50,5,12.8,0.394,47.75,0,12.3,0.367,0.829,desktop,gold,1
79,3,3.6,0.212,61.76,1,7.1,0.492,0.719,desktop,bronze,1
91,0,,0.778,69.67,0,3.1,0.851,0.001,mobile,silver,1
11,0,4.8,0.353,23.7,1,2.4,0.499,0.108,desktop,silver,1
54,6,16.0,0.233,428.65,1,10.6,0.078,0.93,desktop,platinum,0
365,0,2.5,0.7,92.9,1,2.7,0.807,0.074,mobile,bronze,0
2,8,25.9,0.158,428.66,0,7.1,0.051,0.171,desktop,platinum,1
179,3,6.5,0.569,26.73,0,7.5,0.111,0.947,mobile,bronze,0
2,9,16.6,0.03,664.2,0,13.7,0.125,,desktop,bronze,1
13,16,19.8,0.083,98.05,0,12.4,0.23,,mobile,platinum,1
16,1,4.4,0.747,,1,3.5,0.64,0.074,mobile,gold,1
8,7,18.4,0.106,960.2,1,10.8,0.157,0.462,mobile,platinum,0
1,6,18.8,0.07,492.42,0,11.3,0.283,0.864,mobile,gold,0
57,9,25.7,0.028,672.35,0,20.9,0.31,0.52,tablet,bronze,0
75,1,12.1,0.649,399.31,0,5.9,0.362,0.369,mobile,bronze,0
36,9,9.2,0.195,32.87,1,12.0,0.201,0.672,mobile,bronze,0
9,4,19.5,0.212,1102.2,0,16.2,0.311,,mobile,gold,1
11,0,8.5,0.391,58.52,0,4.1,0.244,0.284,tablet,bronze,1
13,7,24.0,0.173,771.04,1,10.2,0.202,0.517,desktop,gold,0
4,6,15.6,0.594,30.4,0,9.5,0.14,0.624,desktop,silver,0
229,2,7.5,0.734,,2,5.0,0.547,0.377,mobile,bronze,0
8,10,20.2,0.259,,0,17.6,0.283,0.312,desktop,bronze,0
2,13,20.9,0.128,470.91,0,9.7,0.424,0.616,desktop,gold,1
46,1,10.5,,6.83,2,5.8,0.158,0.289,mobile,silver,0
1,10,14.4,0.058,234.37,0,9.6,0.064,0.677,desktop,bronze,1
11,7,19.7,0.075,14.21,0,13.7,0.243,,tablet,silver,0
39,1,,0.324,,2,3.3,0.241,0.538,desktop,bronze,1
37,1,5.0,0.367,72.97,0,6.5,0.723,0.085,tablet,bronze,1
16,10,19.5,0.177,568.94,0,9.2,0.264,0.774,desktop,platinum,0
134,0,4.7,0.525,87.99,2,7.1,0.608,0.071,mobile,bronze,1
30,14,19.7,0.301,144.95,0,15.2,0.443,0.461,tablet,gold,0
8,5,10.7,0.204,116.39,0,8.0,0.318,0.794,desktop,silver,0
17,8,20.2,0.557,263.82,0,13.4,0.087,0.686,desktop,platinum,1
25,9,16.5,0.08,438.17,0,13.2,0.638,0.214,mobile,bronze,0
43,4,29.3,0.357,993.19,2,17.5,0.253,0.498,desktop,bronze,0
36,7,20.1,0.123,437.42,1,8.8,0.392,0.507,desktop,silver,1
131,2,5.5,0.684,43.39,6,4.4,0.432,0.339,desktop,silver,1
9,9,,0.136,454.67,0,8.7,0.21,,desktop,silver,0
13,8,15.5,0.53,748.11,0,16.5,0.243,,desktop,silver,0
101,0,1.9,0.62,4.11,1,2.2,0.654,,mobile,silver,0
79,0,1.0,0.724,4.06,3,1.6,0.243,0.279,mobile,gold,1
2,9,19.4,0.368,573.47,0,10.5,0.223,,mobile,gold,1
9,10,,0.516,43.79,0,13.0,0.284,0.429,mobile,platinum,0
100,0,4.1,0.746,28.86,2,2.5,0.186,0.456,desktop,bronze,1
80,0,,0.531,64.91,2,7.4,0.246,0.449,desktop,bronze,1
8,8,14.3,0.063,130.9,0,,0.373,0.819,mobile,silver,0
58,1,12.2,0.864,110.44,0,8.2,0.607,0.377,mobile,bronze,0
18,9,22.9,0.002,919.84,1,9.8,0.357,0.654,mobile,gold,0
170,11,,0.026,105.53,1,14.9,0.149,0.749,desktop,gold,1
101,1,6.7,0.784,60.45,1,,0.5,0.106,desktop,silver,0
4,4,24.2,0.186,1669.39,0,6.8,0.037,0.934,mobile,platinum,0
3,10,18.4,0.254,419.34,0,10.9,0.248,0.646,desktop,gold,0
70,3,2.0,0.637,29.32,2,2.9,0.422,0.038,mobile,bronze,0
16,4,14.2,0.025,1012.02,0,11.7,0.112,0.483,mobile,bronze,0
79,1,4.3,0.895,85.0,3,3.3,0.857,0.304,desktop,bronze,1
212,1,2.2,0.769,8.98,0,1.6,0.285,0.259,mobile,gold,0
360,1,0.7,0.833,52.92,2,4.5,0.554,0.617,desktop,silver,0
120,3,2.8,0.727,93.78,3,3.4,0.8,0.047,desktop,bronze,1
132,1,9.1,0.403,194.55,2,4.9,0.458,0.616,desktop,bronze,1
110,0,4.1,0.719,2.34,2,2.4,0.374,0.153,desktop,bronze,1
93,7,,0.257,1784.58,1,14.7,0.253,0.315,mobile,silver,0
23,2,2.5,0.448,131.33,3,5.0,0.396,0.322,tablet,platinum,0
28,8,26.6,0.09,392.78,0,16.6,0.089,0.828,mobile,gold,1
98,0,0.5,0.821,59.64,4,3.9,0.541,0.271,mobile,silver,0
31,8,19.6,0.226,,0,14.1,0.351,0.32,mobile,gold,0
29,8,21.7,0.263,79.54,0,8.8,0.295,0.979,mobile,silver,0
22,9,24.9,0.111,1277.3,1,9.4,0.283,0.759,desktop,platinum,0
38,6,14.6,0.12,253.3,2,12.0,0.005,0.669,desktop,platinum,0
51,0,10.2,0.609,,1,6.1,0.207,0.134,mobile,bronze,1
17,9,14.3,,910.57,1,8.4,0.49,0.731,mobile,gold,0
5,11,9.2,0.145,100.63,0,15.2,0.244,0.81,mobile,platinum,0
10,5,17.3,0.56,,1,16.2,0.388,0.512,desktop,platinum,0
15,1,4.5,0.505,1.97,4,1.2,0.553,0.1,desktop,bronze,0
125,3,9.3,0.713,97.58,0,5.1,0.313,0.359,desktop,silver,0
273,1,7.7,0.494,42.61,2,1.4,0.588,0.021,desktop,bronze,1
1,7,23.6,0.047,147.55,0,13.5,0.33,0.772,desktop,gold,0
35,2,5.3,0.482,128.7,0,9.6,0.576,,mobile,bronze,0
5,11,17.9,0.076,,0,15.9,0.105,0.76,mobile,silver,0
